SET SQL_MODE="NO_AUTO_VALUE_ON_ZERO";

INSERT INTO `oxarticles` (`OXID`, `OXSHOPID`, `OXPARENTID`, `OXACTIVE`, `OXACTIVEFROM`, `OXACTIVETO`, `OXARTNUM`, `OXEAN`, `OXDISTEAN`, `OXMPN`, `OXTITLE`, `OXSHORTDESC`, `OXPRICE`, `OXBLFIXEDPRICE`, `OXPRICEA`, `OXPRICEB`, `OXPRICEC`, `OXBPRICE`, `OXTPRICE`, `OXUNITNAME`, `OXUNITQUANTITY`, `OXEXTURL`, `OXURLDESC`, `OXURLIMG`, `OXVAT`, `OXPICSGENERATED`, `OXWEIGHT`, `OXSTOCK`, `OXSTOCKFLAG`, `OXSTOCKTEXT`, `OXNOSTOCKTEXT`, `OXDELIVERY`, `OXINSERT`, `OXTIMESTAMP`, `OXLENGTH`, `OXWIDTH`, `OXHEIGHT`, `OXFILE`, `OXSEARCHKEYS`, `OXTEMPLATE`, `OXQUESTIONEMAIL`, `OXISSEARCH`, `OXISCONFIGURABLE`, `OXVARNAME`, `OXVARSTOCK`, `OXVARCOUNT`, `OXVARSELECT`, `OXVARMINPRICE`, `OXVARNAME_1`, `OXVARSELECT_1`, `OXVARNAME_2`, `OXVARSELECT_2`, `OXVARNAME_3`, `OXVARSELECT_3`, `OXTITLE_1`, `OXSHORTDESC_1`, `OXURLDESC_1`, `OXSEARCHKEYS_1`, `OXTITLE_2`, `OXSHORTDESC_2`, `OXURLDESC_2`, `OXSEARCHKEYS_2`, `OXTITLE_3`, `OXSHORTDESC_3`, `OXURLDESC_3`, `OXSEARCHKEYS_3`, `OXBUNDLEID`, `OXFOLDER`, `OXSUBCLASS`, `OXSTOCKTEXT_1`, `OXSTOCKTEXT_2`, `OXSTOCKTEXT_3`, `OXNOSTOCKTEXT_1`, `OXNOSTOCKTEXT_2`, `OXNOSTOCKTEXT_3`, `OXSORT`, `OXSOLDAMOUNT`, `OXNONMATERIAL`, `OXFREESHIPPING`, `OXREMINDACTIVE`, `OXREMINDAMOUNT`, `OXAMITEMID`, `OXAMTASKID`, `OXVENDORID`, `OXMANUFACTURERID`, `OXSKIPDISCOUNTS`, `OXRATING`, `OXRATINGCNT`, `OXMINDELTIME`, `OXMAXDELTIME`, `OXDELTIMEUNIT`) VALUES ('1000',   'oxbaseshop', '',     1, '0000-00-00 00:00:00', '0000-00-00 00:00:00', '1000',   '', '', '', 'Test product 0 [EN] šųößлы', 'Test product 0 short desc [EN] šųößлы', 50,  0, 35, 45, 55, 0, 0,   'kg', 2, '', '', '', NULL, 0, 24, 15, 1, 'In stock [EN] šųößлы', 'Out of stock [EN] šųößлы', '0000-00-00', '2008-02-04', '2010-03-16 10:53:43', 1, 2, 2, '', 'šųößлы1000', '', '', 1, 0, '',                     0,  0, '',                 50,  '',              '',          '', '', '', '', '[DE 4] Test product 0 šųößлы', 'Test product 0 short desc [DE]', '', 'search1000', '', '', '', '', '', '', '', '', '', '', '', 'In stock [DE]', '', '', 'Out of stock [DE]', '', '', 0, 0, 0, 0, 0, 0, '', '', 'testdistributor', 'testmanufacturer', 0, 0, 0, 1, 1, 'DAY');
INSERT INTO `oxarticles` (`OXID`, `OXSHOPID`, `OXPARENTID`, `OXACTIVE`, `OXACTIVEFROM`, `OXACTIVETO`, `OXARTNUM`, `OXEAN`, `OXDISTEAN`, `OXMPN`, `OXTITLE`, `OXSHORTDESC`, `OXPRICE`, `OXBLFIXEDPRICE`, `OXPRICEA`, `OXPRICEB`, `OXPRICEC`, `OXBPRICE`, `OXTPRICE`, `OXUNITNAME`, `OXUNITQUANTITY`, `OXEXTURL`, `OXURLDESC`, `OXURLIMG`, `OXVAT`, `OXPICSGENERATED`, `OXWEIGHT`, `OXSTOCK`, `OXSTOCKFLAG`, `OXSTOCKTEXT`, `OXNOSTOCKTEXT`, `OXDELIVERY`, `OXINSERT`, `OXTIMESTAMP`, `OXLENGTH`, `OXWIDTH`, `OXHEIGHT`, `OXFILE`, `OXSEARCHKEYS`, `OXTEMPLATE`, `OXQUESTIONEMAIL`, `OXISSEARCH`, `OXISCONFIGURABLE`, `OXVARNAME`, `OXVARSTOCK`, `OXVARCOUNT`, `OXVARSELECT`, `OXVARMINPRICE`, `OXVARNAME_1`, `OXVARSELECT_1`, `OXVARNAME_2`, `OXVARSELECT_2`, `OXVARNAME_3`, `OXVARSELECT_3`, `OXTITLE_1`, `OXSHORTDESC_1`, `OXURLDESC_1`, `OXSEARCHKEYS_1`, `OXTITLE_2`, `OXSHORTDESC_2`, `OXURLDESC_2`, `OXSEARCHKEYS_2`, `OXTITLE_3`, `OXSHORTDESC_3`, `OXURLDESC_3`, `OXSEARCHKEYS_3`, `OXBUNDLEID`, `OXFOLDER`, `OXSUBCLASS`, `OXSTOCKTEXT_1`, `OXSTOCKTEXT_2`, `OXSTOCKTEXT_3`, `OXNOSTOCKTEXT_1`, `OXNOSTOCKTEXT_2`, `OXNOSTOCKTEXT_3`, `OXSORT`, `OXSOLDAMOUNT`, `OXNONMATERIAL`, `OXFREESHIPPING`, `OXREMINDACTIVE`, `OXREMINDAMOUNT`, `OXAMITEMID`, `OXAMTASKID`, `OXVENDORID`, `OXMANUFACTURERID`, `OXSKIPDISCOUNTS`, `OXRATING`, `OXRATINGCNT`, `OXMINDELTIME`, `OXMAXDELTIME`, `OXDELTIMEUNIT`) VALUES ('1001',   'oxbaseshop', '',     1, '0000-00-00 00:00:00', '0000-00-00 00:00:00', '1001',   '', '', '', 'Test product 1 [EN] šųößлы', 'Test product 1 short desc [EN] šųößлы', 100, 0, 0,  0,  0,  0, 150, '',   0, '', '', '', 10,   0, 0,  0,  1, '',                     '',                         '2008-01-01', '2008-02-04', '2010-03-16 10:53:43', 0, 0, 0, '', 'šųößлы1001', '', '', 1, 0, '',                     0,  0, '',                 100, '',              '',          '', '', '', '', '[DE 1] Test product 1 šųößлы', 'Test product 1 short desc [DE]', '', 'search1001', '', '', '', '', '', '', '', '', '', '', '', '',              '', '', '',                  '', '', 0, 0, 0, 0, 0, 0, '', '', 'testdistributor', 'testmanufacturer', 0, 0, 0, 0, 1, 'WEEK');
INSERT INTO `oxarticles` (`OXID`, `OXSHOPID`, `OXPARENTID`, `OXACTIVE`, `OXACTIVEFROM`, `OXACTIVETO`, `OXARTNUM`, `OXEAN`, `OXDISTEAN`, `OXMPN`, `OXTITLE`, `OXSHORTDESC`, `OXPRICE`, `OXBLFIXEDPRICE`, `OXPRICEA`, `OXPRICEB`, `OXPRICEC`, `OXBPRICE`, `OXTPRICE`, `OXUNITNAME`, `OXUNITQUANTITY`, `OXEXTURL`, `OXURLDESC`, `OXURLIMG`, `OXVAT`, `OXPICSGENERATED`, `OXWEIGHT`, `OXSTOCK`, `OXSTOCKFLAG`, `OXSTOCKTEXT`, `OXNOSTOCKTEXT`, `OXDELIVERY`, `OXINSERT`, `OXTIMESTAMP`, `OXLENGTH`, `OXWIDTH`, `OXHEIGHT`, `OXFILE`, `OXSEARCHKEYS`, `OXTEMPLATE`, `OXQUESTIONEMAIL`, `OXISSEARCH`, `OXISCONFIGURABLE`, `OXVARNAME`, `OXVARSTOCK`, `OXVARCOUNT`, `OXVARSELECT`, `OXVARMINPRICE`, `OXVARNAME_1`, `OXVARSELECT_1`, `OXVARNAME_2`, `OXVARSELECT_2`, `OXVARNAME_3`, `OXVARSELECT_3`, `OXTITLE_1`, `OXSHORTDESC_1`, `OXURLDESC_1`, `OXSEARCHKEYS_1`, `OXTITLE_2`, `OXSHORTDESC_2`, `OXURLDESC_2`, `OXSEARCHKEYS_2`, `OXTITLE_3`, `OXSHORTDESC_3`, `OXURLDESC_3`, `OXSEARCHKEYS_3`, `OXBUNDLEID`, `OXFOLDER`, `OXSUBCLASS`, `OXSTOCKTEXT_1`, `OXSTOCKTEXT_2`, `OXSTOCKTEXT_3`, `OXNOSTOCKTEXT_1`, `OXNOSTOCKTEXT_2`, `OXNOSTOCKTEXT_3`, `OXSORT`, `OXSOLDAMOUNT`, `OXNONMATERIAL`, `OXFREESHIPPING`, `OXREMINDACTIVE`, `OXREMINDAMOUNT`, `OXAMITEMID`, `OXAMTASKID`, `OXVENDORID`, `OXMANUFACTURERID`, `OXSKIPDISCOUNTS`, `OXRATING`, `OXRATINGCNT`, `OXMINDELTIME`, `OXMAXDELTIME`, `OXDELTIMEUNIT`) VALUES ('1002',   'oxbaseshop', '',     1, '0000-00-00 00:00:00', '0000-00-00 00:00:00', '1002',   '', '', '', 'Test product 2 [EN] šųößлы', 'Test product 2 short desc [EN] šųößлы', 55,  0, 0,  0,  0,  0, 0,   '',   0, '', '', '', NULL, 0, 0,  0,  1, 'In stock [EN] šųößлы', 'Out of stock [EN] šųößлы', '0000-00-00', '2008-02-04', '2010-03-16 10:53:43', 0, 0, 0, '', 'šųößлы1002', '', '', 1, 0, 'variants [EN] šųößлы', 10, 2, '',                 55,  'variants [DE]', '',          '', '', '', '', '[DE 2] Test product 2 šųößлы', 'Test product 2 short desc [DE]', '', 'search1002', '', '', '', '', '', '', '', '', '', '', '', 'In stock [DE]', '', '', 'Out of stock [DE]', '', '', 0, 0, 0, 0, 0, 0, '', '', 'testdistributor', 'testmanufacturer', 0, 0, 0, 1, 1, 'MONTH');
INSERT INTO `oxarticles` (`OXID`, `OXSHOPID`, `OXPARENTID`, `OXACTIVE`, `OXACTIVEFROM`, `OXACTIVETO`, `OXARTNUM`, `OXEAN`, `OXDISTEAN`, `OXMPN`, `OXTITLE`, `OXSHORTDESC`, `OXPRICE`, `OXBLFIXEDPRICE`, `OXPRICEA`, `OXPRICEB`, `OXPRICEC`, `OXBPRICE`, `OXTPRICE`, `OXUNITNAME`, `OXUNITQUANTITY`, `OXEXTURL`, `OXURLDESC`, `OXURLIMG`, `OXVAT`, `OXPICSGENERATED`, `OXWEIGHT`, `OXSTOCK`, `OXSTOCKFLAG`, `OXSTOCKTEXT`, `OXNOSTOCKTEXT`, `OXDELIVERY`, `OXINSERT`, `OXTIMESTAMP`, `OXLENGTH`, `OXWIDTH`, `OXHEIGHT`, `OXFILE`, `OXSEARCHKEYS`, `OXTEMPLATE`, `OXQUESTIONEMAIL`, `OXISSEARCH`, `OXISCONFIGURABLE`, `OXVARNAME`, `OXVARSTOCK`, `OXVARCOUNT`, `OXVARSELECT`, `OXVARMINPRICE`, `OXVARNAME_1`, `OXVARSELECT_1`, `OXVARNAME_2`, `OXVARSELECT_2`, `OXVARNAME_3`, `OXVARSELECT_3`, `OXTITLE_1`, `OXSHORTDESC_1`, `OXURLDESC_1`, `OXSEARCHKEYS_1`, `OXTITLE_2`, `OXSHORTDESC_2`, `OXURLDESC_2`, `OXSEARCHKEYS_2`, `OXTITLE_3`, `OXSHORTDESC_3`, `OXURLDESC_3`, `OXSEARCHKEYS_3`, `OXBUNDLEID`, `OXFOLDER`, `OXSUBCLASS`, `OXSTOCKTEXT_1`, `OXSTOCKTEXT_2`, `OXSTOCKTEXT_3`, `OXNOSTOCKTEXT_1`, `OXNOSTOCKTEXT_2`, `OXNOSTOCKTEXT_3`, `OXSORT`, `OXSOLDAMOUNT`, `OXNONMATERIAL`, `OXFREESHIPPING`, `OXREMINDACTIVE`, `OXREMINDAMOUNT`, `OXAMITEMID`, `OXAMTASKID`, `OXVENDORID`, `OXMANUFACTURERID`, `OXSKIPDISCOUNTS`, `OXRATING`, `OXRATINGCNT`, `OXMINDELTIME`, `OXMAXDELTIME`, `OXDELTIMEUNIT`) VALUES ('1003',   'oxbaseshop', '',     1, '0000-00-00 00:00:00', '0000-00-00 00:00:00', '1003',   '', '', '', 'Test product 3 [EN] šųößлы', 'Test product 3 short desc [EN] šųößлы', 75,  0, 70, 85, 0,  0, 0,   '',   0, '', '', '', NULL, 0, 0,  5,  1, '',                     '',                         '0000-00-00', '2008-02-04', '2010-03-16 10:53:43', 0, 0, 0, '', 'šųößлы1003', '', '', 1, 0, '',                     0,  0, '',                 75,  '',              '',          '', '', '', '', '[DE 3] Test product 3 šųößлы', 'Test product 3 short desc [DE]', '', 'search1003', '', '', '', '', '', '', '', '', '', '', '', '',              '', '', '',                  '', '', 0, 0, 0, 0, 0, 0, '', '', '',                'testmanufacturer', 0, 0, 0, 4, 9, 'DAY');
INSERT INTO `oxarticles` (`OXID`, `OXSHOPID`, `OXPARENTID`, `OXACTIVE`, `OXACTIVEFROM`, `OXACTIVETO`, `OXARTNUM`, `OXEAN`, `OXDISTEAN`, `OXMPN`, `OXTITLE`, `OXSHORTDESC`, `OXPRICE`, `OXBLFIXEDPRICE`, `OXPRICEA`, `OXPRICEB`, `OXPRICEC`, `OXBPRICE`, `OXTPRICE`, `OXUNITNAME`, `OXUNITQUANTITY`, `OXEXTURL`, `OXURLDESC`, `OXURLIMG`, `OXVAT`, `OXPICSGENERATED`, `OXWEIGHT`, `OXSTOCK`, `OXSTOCKFLAG`, `OXSTOCKTEXT`, `OXNOSTOCKTEXT`, `OXDELIVERY`, `OXINSERT`, `OXTIMESTAMP`, `OXLENGTH`, `OXWIDTH`, `OXHEIGHT`, `OXFILE`, `OXSEARCHKEYS`, `OXTEMPLATE`, `OXQUESTIONEMAIL`, `OXISSEARCH`, `OXISCONFIGURABLE`, `OXVARNAME`, `OXVARSTOCK`, `OXVARCOUNT`, `OXVARSELECT`, `OXVARMINPRICE`, `OXVARNAME_1`, `OXVARSELECT_1`, `OXVARNAME_2`, `OXVARSELECT_2`, `OXVARNAME_3`, `OXVARSELECT_3`, `OXTITLE_1`, `OXSHORTDESC_1`, `OXURLDESC_1`, `OXSEARCHKEYS_1`, `OXTITLE_2`, `OXSHORTDESC_2`, `OXURLDESC_2`, `OXSEARCHKEYS_2`, `OXTITLE_3`, `OXSHORTDESC_3`, `OXURLDESC_3`, `OXSEARCHKEYS_3`, `OXBUNDLEID`, `OXFOLDER`, `OXSUBCLASS`, `OXSTOCKTEXT_1`, `OXSTOCKTEXT_2`, `OXSTOCKTEXT_3`, `OXNOSTOCKTEXT_1`, `OXNOSTOCKTEXT_2`, `OXNOSTOCKTEXT_3`, `OXSORT`, `OXSOLDAMOUNT`, `OXNONMATERIAL`, `OXFREESHIPPING`, `OXREMINDACTIVE`, `OXREMINDAMOUNT`, `OXAMITEMID`, `OXAMTASKID`, `OXVENDORID`, `OXMANUFACTURERID`, `OXSKIPDISCOUNTS`, `OXRATING`, `OXRATINGCNT`, `OXMINDELTIME`, `OXMAXDELTIME`, `OXDELTIMEUNIT`) VALUES ('1002-1', 'oxbaseshop', '1002', 1, '0000-00-00 00:00:00', '0000-00-00 00:00:00', '1002-1', '', '', '', '',                           '',                                      55,  0, 0,  0,  0,  0, 0,   '',   0, '', '', '', NULL, 0, 0,  5,  1, 'In stock [EN] šųößлы', 'Out of stock [EN] šųößлы', '0000-00-00', '2008-02-04', '2010-03-16 10:53:43', 0, 0, 0, '', '',           '', '', 1, 0, '',                     0,  0, 'var1 [EN] šųößлы', 0,   '',              'var1 [DE]', '', '', '', '', '',                             '',                               '', '',           '', '', '', '', '', '', '', '', '', '', '', 'In stock [DE]', '', '', 'Out of stock [DE]', '', '', 1, 0, 0, 0, 0, 0, '', '', '',                '',                 0, 0, 0, 0, 0, '');
INSERT INTO `oxarticles` (`OXID`, `OXSHOPID`, `OXPARENTID`, `OXACTIVE`, `OXACTIVEFROM`, `OXACTIVETO`, `OXARTNUM`, `OXEAN`, `OXDISTEAN`, `OXMPN`, `OXTITLE`, `OXSHORTDESC`, `OXPRICE`, `OXBLFIXEDPRICE`, `OXPRICEA`, `OXPRICEB`, `OXPRICEC`, `OXBPRICE`, `OXTPRICE`, `OXUNITNAME`, `OXUNITQUANTITY`, `OXEXTURL`, `OXURLDESC`, `OXURLIMG`, `OXVAT`, `OXPICSGENERATED`, `OXWEIGHT`, `OXSTOCK`, `OXSTOCKFLAG`, `OXSTOCKTEXT`, `OXNOSTOCKTEXT`, `OXDELIVERY`, `OXINSERT`, `OXTIMESTAMP`, `OXLENGTH`, `OXWIDTH`, `OXHEIGHT`, `OXFILE`, `OXSEARCHKEYS`, `OXTEMPLATE`, `OXQUESTIONEMAIL`, `OXISSEARCH`, `OXISCONFIGURABLE`, `OXVARNAME`, `OXVARSTOCK`, `OXVARCOUNT`, `OXVARSELECT`, `OXVARMINPRICE`, `OXVARNAME_1`, `OXVARSELECT_1`, `OXVARNAME_2`, `OXVARSELECT_2`, `OXVARNAME_3`, `OXVARSELECT_3`, `OXTITLE_1`, `OXSHORTDESC_1`, `OXURLDESC_1`, `OXSEARCHKEYS_1`, `OXTITLE_2`, `OXSHORTDESC_2`, `OXURLDESC_2`, `OXSEARCHKEYS_2`, `OXTITLE_3`, `OXSHORTDESC_3`, `OXURLDESC_3`, `OXSEARCHKEYS_3`, `OXBUNDLEID`, `OXFOLDER`, `OXSUBCLASS`, `OXSTOCKTEXT_1`, `OXSTOCKTEXT_2`, `OXSTOCKTEXT_3`, `OXNOSTOCKTEXT_1`, `OXNOSTOCKTEXT_2`, `OXNOSTOCKTEXT_3`, `OXSORT`, `OXSOLDAMOUNT`, `OXNONMATERIAL`, `OXFREESHIPPING`, `OXREMINDACTIVE`, `OXREMINDAMOUNT`, `OXAMITEMID`, `OXAMTASKID`, `OXVENDORID`, `OXMANUFACTURERID`, `OXSKIPDISCOUNTS`, `OXRATING`, `OXRATINGCNT`, `OXMINDELTIME`, `OXMAXDELTIME`, `OXDELTIMEUNIT`) VALUES ('1002-2', 'oxbaseshop', '1002', 1, '0000-00-00 00:00:00', '0000-00-00 00:00:00', '1002-2', '', '', '', '',                           '',                                      67,  0, 0,  0,  0,  0, 0,   '',   0, '', '', '', NULL, 0, 0,  5,  1, 'In stock [EN] šųößлы', 'Out of stock [EN] šųößлы', '0000-00-00', '2008-02-04', '2010-03-16 10:53:43', 0, 0, 0, '', '',           '', '', 1, 0, '',                     0,  0, 'var2 [EN] šųößлы', 0,   '',              'var2 [DE]', '', '', '', '', '',                             '',                               '', '',           '', '', '', '', '', '', '', '', '', '', '', 'In stock [DE]', '', '', 'Out of stock [DE]', '', '', 2, 0, 0, 0, 0, 0, '', '', '',                '',                 0, 0, 0, 0, 0, '');
INSERT INTO `oxarticles` (`OXID`, `OXSHOPID`, `OXPARENTID`, `OXACTIVE`, `OXACTIVEFROM`, `OXACTIVETO`, `OXARTNUM`, `OXEAN`, `OXDISTEAN`, `OXMPN`, `OXTITLE`, `OXSHORTDESC`, `OXPRICE`, `OXBLFIXEDPRICE`, `OXPRICEA`, `OXPRICEB`, `OXPRICEC`, `OXBPRICE`, `OXTPRICE`, `OXUNITNAME`, `OXUNITQUANTITY`, `OXEXTURL`, `OXURLDESC`, `OXURLIMG`, `OXVAT`, `OXPICSGENERATED`, `OXWEIGHT`, `OXSTOCK`, `OXSTOCKFLAG`, `OXSTOCKTEXT`, `OXNOSTOCKTEXT`, `OXDELIVERY`, `OXINSERT`, `OXTIMESTAMP`, `OXLENGTH`, `OXWIDTH`, `OXHEIGHT`, `OXFILE`, `OXSEARCHKEYS`, `OXTEMPLATE`, `OXQUESTIONEMAIL`, `OXISSEARCH`, `OXISCONFIGURABLE`, `OXVARNAME`, `OXVARSTOCK`, `OXVARCOUNT`, `OXVARSELECT`, `OXVARMINPRICE`, `OXVARNAME_1`, `OXVARSELECT_1`, `OXVARNAME_2`, `OXVARSELECT_2`, `OXVARNAME_3`, `OXVARSELECT_3`, `OXTITLE_1`, `OXSHORTDESC_1`, `OXURLDESC_1`, `OXSEARCHKEYS_1`, `OXTITLE_2`, `OXSHORTDESC_2`, `OXURLDESC_2`, `OXSEARCHKEYS_2`, `OXTITLE_3`, `OXSHORTDESC_3`, `OXURLDESC_3`, `OXSEARCHKEYS_3`, `OXBUNDLEID`, `OXFOLDER`, `OXSUBCLASS`, `OXSTOCKTEXT_1`, `OXSTOCKTEXT_2`, `OXSTOCKTEXT_3`, `OXNOSTOCKTEXT_1`, `OXNOSTOCKTEXT_2`, `OXNOSTOCKTEXT_3`, `OXSORT`, `OXSOLDAMOUNT`, `OXNONMATERIAL`, `OXFREESHIPPING`, `OXREMINDACTIVE`, `OXREMINDAMOUNT`, `OXAMITEMID`, `OXAMTASKID`, `OXVENDORID`, `OXMANUFACTURERID`, `OXSKIPDISCOUNTS`, `OXRATING`, `OXRATINGCNT`, `OXMINDELTIME`, `OXMAXDELTIME`, `OXDELTIMEUNIT`) VALUES ('10010',  'oxbaseshop', '',     0, '0000-00-00 00:00:00', '0000-00-00 00:00:00', '10010',  '', '', '', '1 EN product šųößлы',        '[last] EN description šųößлы',          1.5, 0, 0,  0,  0,  0, 0,   '',   0, '', '', '', NULL, 0, 0,  0,  1, '',                     '',                         '0000-00-00', '2008-04-03', '2010-03-16 10:53:43', 0, 0, 0, '', '',           '', '', 1, 0, '',                     0,  0, '',                 1.5, '',              '',          '', '', '', '', '[last] DE product šųößлы',     '1 DE description',               '', '',           '', '', '', '', '', '', '', '', '', '', '', '',              '', '', '',                  '', '', 0, 0, 0, 0, 0, 0, '', '', '',                '',                 0, 0, 0, 0, 0, '');
INSERT INTO `oxarticles` (`OXID`, `OXSHOPID`, `OXPARENTID`, `OXACTIVE`, `OXACTIVEFROM`, `OXACTIVETO`, `OXARTNUM`, `OXEAN`, `OXDISTEAN`, `OXMPN`, `OXTITLE`, `OXSHORTDESC`, `OXPRICE`, `OXBLFIXEDPRICE`, `OXPRICEA`, `OXPRICEB`, `OXPRICEC`, `OXBPRICE`, `OXTPRICE`, `OXUNITNAME`, `OXUNITQUANTITY`, `OXEXTURL`, `OXURLDESC`, `OXURLIMG`, `OXVAT`, `OXPICSGENERATED`, `OXWEIGHT`, `OXSTOCK`, `OXSTOCKFLAG`, `OXSTOCKTEXT`, `OXNOSTOCKTEXT`, `OXDELIVERY`, `OXINSERT`, `OXTIMESTAMP`, `OXLENGTH`, `OXWIDTH`, `OXHEIGHT`, `OXFILE`, `OXSEARCHKEYS`, `OXTEMPLATE`, `OXQUESTIONEMAIL`, `OXISSEARCH`, `OXISCONFIGURABLE`, `OXVARNAME`, `OXVARSTOCK`, `OXVARCOUNT`, `OXVARSELECT`, `OXVARMINPRICE`, `OXVARNAME_1`, `OXVARSELECT_1`, `OXVARNAME_2`, `OXVARSELECT_2`, `OXVARNAME_3`, `OXVARSELECT_3`, `OXTITLE_1`, `OXSHORTDESC_1`, `OXURLDESC_1`, `OXSEARCHKEYS_1`, `OXTITLE_2`, `OXSHORTDESC_2`, `OXURLDESC_2`, `OXSEARCHKEYS_2`, `OXTITLE_3`, `OXSHORTDESC_3`, `OXURLDESC_3`, `OXSEARCHKEYS_3`, `OXBUNDLEID`, `OXFOLDER`, `OXSUBCLASS`, `OXSTOCKTEXT_1`, `OXSTOCKTEXT_2`, `OXSTOCKTEXT_3`, `OXNOSTOCKTEXT_1`, `OXNOSTOCKTEXT_2`, `OXNOSTOCKTEXT_3`, `OXSORT`, `OXSOLDAMOUNT`, `OXNONMATERIAL`, `OXFREESHIPPING`, `OXREMINDACTIVE`, `OXREMINDAMOUNT`, `OXAMITEMID`, `OXAMTASKID`, `OXVENDORID`, `OXMANUFACTURERID`, `OXSKIPDISCOUNTS`, `OXRATING`, `OXRATINGCNT`, `OXMINDELTIME`, `OXMAXDELTIME`, `OXDELTIMEUNIT`) VALUES ('10011',  'oxbaseshop', '',     0, '0000-00-00 00:00:00', '0000-00-00 00:00:00', '10011',  '', '', '', '11 EN product šųößлы',       '10 EN description šųößлы',              1.8, 0, 0,  0,  0,  0, 0,   '',   0, '', '', '', NULL, 0, 0,  0,  1, '',                     '',                         '0000-00-00', '2008-04-03', '2010-03-16 10:53:43', 0, 0, 0, '', '',           '', '', 1, 0, '',                     0,  0, '',                 1.8, '',              '',          '', '', '', '', '10 DE product šųößлы',         '11 DE description',              '', '',           '', '', '', '', '', '', '', '', '', '', '', '',              '', '', '',                  '', '', 0, 0, 0, 0, 0, 0, '', '', '',                '',                 0, 0, 0, 0, 0, '');
INSERT INTO `oxarticles` (`OXID`, `OXSHOPID`, `OXPARENTID`, `OXACTIVE`, `OXACTIVEFROM`, `OXACTIVETO`, `OXARTNUM`, `OXEAN`, `OXDISTEAN`, `OXMPN`, `OXTITLE`, `OXSHORTDESC`, `OXPRICE`, `OXBLFIXEDPRICE`, `OXPRICEA`, `OXPRICEB`, `OXPRICEC`, `OXBPRICE`, `OXTPRICE`, `OXUNITNAME`, `OXUNITQUANTITY`, `OXEXTURL`, `OXURLDESC`, `OXURLIMG`, `OXVAT`, `OXPICSGENERATED`, `OXWEIGHT`, `OXSTOCK`, `OXSTOCKFLAG`, `OXSTOCKTEXT`, `OXNOSTOCKTEXT`, `OXDELIVERY`, `OXINSERT`, `OXTIMESTAMP`, `OXLENGTH`, `OXWIDTH`, `OXHEIGHT`, `OXFILE`, `OXSEARCHKEYS`, `OXTEMPLATE`, `OXQUESTIONEMAIL`, `OXISSEARCH`, `OXISCONFIGURABLE`, `OXVARNAME`, `OXVARSTOCK`, `OXVARCOUNT`, `OXVARSELECT`, `OXVARMINPRICE`, `OXVARNAME_1`, `OXVARSELECT_1`, `OXVARNAME_2`, `OXVARSELECT_2`, `OXVARNAME_3`, `OXVARSELECT_3`, `OXTITLE_1`, `OXSHORTDESC_1`, `OXURLDESC_1`, `OXSEARCHKEYS_1`, `OXTITLE_2`, `OXSHORTDESC_2`, `OXURLDESC_2`, `OXSEARCHKEYS_2`, `OXTITLE_3`, `OXSHORTDESC_3`, `OXURLDESC_3`, `OXSEARCHKEYS_3`, `OXBUNDLEID`, `OXFOLDER`, `OXSUBCLASS`, `OXSTOCKTEXT_1`, `OXSTOCKTEXT_2`, `OXSTOCKTEXT_3`, `OXNOSTOCKTEXT_1`, `OXNOSTOCKTEXT_2`, `OXNOSTOCKTEXT_3`, `OXSORT`, `OXSOLDAMOUNT`, `OXNONMATERIAL`, `OXFREESHIPPING`, `OXREMINDACTIVE`, `OXREMINDAMOUNT`, `OXAMITEMID`, `OXAMTASKID`, `OXVENDORID`, `OXMANUFACTURERID`, `OXSKIPDISCOUNTS`, `OXRATING`, `OXRATINGCNT`, `OXMINDELTIME`, `OXMAXDELTIME`, `OXDELTIMEUNIT`) VALUES ('10012',  'oxbaseshop', '',     0, '0000-00-00 00:00:00', '0000-00-00 00:00:00', '10012',  '', '', '', '12 EN product šųößлы',       '11 EN description šųößлы',              2,   0, 0,  0,  0,  0, 0,   '',   0, '', '', '', NULL, 0, 0,  0,  1, '',                     '',                         '0000-00-00', '2008-04-03', '2010-03-16 10:53:43', 0, 0, 0, '', '',           '', '', 1, 0, '',                     0,  0, '',                 2,   '',              '',          '', '', '', '', '11 DE product šųößлы',         '12 DE description',              '', '',           '', '', '', '', '', '', '', '', '', '', '', '',              '', '', '',                  '', '', 0, 0, 0, 0, 0, 0, '', '', '',                '',                 0, 0, 0, 0, 0, '');
INSERT INTO `oxarticles` (`OXID`, `OXSHOPID`, `OXPARENTID`, `OXACTIVE`, `OXACTIVEFROM`, `OXACTIVETO`, `OXARTNUM`, `OXEAN`, `OXDISTEAN`, `OXMPN`, `OXTITLE`, `OXSHORTDESC`, `OXPRICE`, `OXBLFIXEDPRICE`, `OXPRICEA`, `OXPRICEB`, `OXPRICEC`, `OXBPRICE`, `OXTPRICE`, `OXUNITNAME`, `OXUNITQUANTITY`, `OXEXTURL`, `OXURLDESC`, `OXURLIMG`, `OXVAT`, `OXPICSGENERATED`, `OXWEIGHT`, `OXSTOCK`, `OXSTOCKFLAG`, `OXSTOCKTEXT`, `OXNOSTOCKTEXT`, `OXDELIVERY`, `OXINSERT`, `OXTIMESTAMP`, `OXLENGTH`, `OXWIDTH`, `OXHEIGHT`, `OXFILE`, `OXSEARCHKEYS`, `OXTEMPLATE`, `OXQUESTIONEMAIL`, `OXISSEARCH`, `OXISCONFIGURABLE`, `OXVARNAME`, `OXVARSTOCK`, `OXVARCOUNT`, `OXVARSELECT`, `OXVARMINPRICE`, `OXVARNAME_1`, `OXVARSELECT_1`, `OXVARNAME_2`, `OXVARSELECT_2`, `OXVARNAME_3`, `OXVARSELECT_3`, `OXTITLE_1`, `OXSHORTDESC_1`, `OXURLDESC_1`, `OXSEARCHKEYS_1`, `OXTITLE_2`, `OXSHORTDESC_2`, `OXURLDESC_2`, `OXSEARCHKEYS_2`, `OXTITLE_3`, `OXSHORTDESC_3`, `OXURLDESC_3`, `OXSEARCHKEYS_3`, `OXBUNDLEID`, `OXFOLDER`, `OXSUBCLASS`, `OXSTOCKTEXT_1`, `OXSTOCKTEXT_2`, `OXSTOCKTEXT_3`, `OXNOSTOCKTEXT_1`, `OXNOSTOCKTEXT_2`, `OXNOSTOCKTEXT_3`, `OXSORT`, `OXSOLDAMOUNT`, `OXNONMATERIAL`, `OXFREESHIPPING`, `OXREMINDACTIVE`, `OXREMINDAMOUNT`, `OXAMITEMID`, `OXAMTASKID`, `OXVENDORID`, `OXMANUFACTURERID`, `OXSKIPDISCOUNTS`, `OXRATING`, `OXRATINGCNT`, `OXMINDELTIME`, `OXMAXDELTIME`, `OXDELTIMEUNIT`) VALUES ('10013',  'oxbaseshop', '',     0, '0000-00-00 00:00:00', '0000-00-00 00:00:00', '10013',  '', '', '', '13 EN product šųößлы',       '12 EN description šųößлы',              1.7, 0, 0,  0,  0,  0, 0,   '',   0, '', '', '', NULL, 0, 0,  0,  1, '',                     '',                         '0000-00-00', '2008-04-03', '2010-03-16 10:53:43', 0, 0, 0, '', '',           '', '', 1, 0, '',                     0,  0, '',                 1.7, '',              '',          '', '', '', '', '12 DE product šųößлы',         '13 DE description',              '', '',           '', '', '', '', '', '', '', '', '', '', '', '',              '', '', '',                  '', '', 0, 0, 0, 0, 0, 0, '', '', '',                '',                 0, 0, 0, 0, 0, '');
INSERT INTO `oxarticles` (`OXID`, `OXSHOPID`, `OXPARENTID`, `OXACTIVE`, `OXACTIVEFROM`, `OXACTIVETO`, `OXARTNUM`, `OXEAN`, `OXDISTEAN`, `OXMPN`, `OXTITLE`, `OXSHORTDESC`, `OXPRICE`, `OXBLFIXEDPRICE`, `OXPRICEA`, `OXPRICEB`, `OXPRICEC`, `OXBPRICE`, `OXTPRICE`, `OXUNITNAME`, `OXUNITQUANTITY`, `OXEXTURL`, `OXURLDESC`, `OXURLIMG`, `OXVAT`, `OXPICSGENERATED`, `OXWEIGHT`, `OXSTOCK`, `OXSTOCKFLAG`, `OXSTOCKTEXT`, `OXNOSTOCKTEXT`, `OXDELIVERY`, `OXINSERT`, `OXTIMESTAMP`, `OXLENGTH`, `OXWIDTH`, `OXHEIGHT`, `OXFILE`, `OXSEARCHKEYS`, `OXTEMPLATE`, `OXQUESTIONEMAIL`, `OXISSEARCH`, `OXISCONFIGURABLE`, `OXVARNAME`, `OXVARSTOCK`, `OXVARCOUNT`, `OXVARSELECT`, `OXVARMINPRICE`, `OXVARNAME_1`, `OXVARSELECT_1`, `OXVARNAME_2`, `OXVARSELECT_2`, `OXVARNAME_3`, `OXVARSELECT_3`, `OXTITLE_1`, `OXSHORTDESC_1`, `OXURLDESC_1`, `OXSEARCHKEYS_1`, `OXTITLE_2`, `OXSHORTDESC_2`, `OXURLDESC_2`, `OXSEARCHKEYS_2`, `OXTITLE_3`, `OXSHORTDESC_3`, `OXURLDESC_3`, `OXSEARCHKEYS_3`, `OXBUNDLEID`, `OXFOLDER`, `OXSUBCLASS`, `OXSTOCKTEXT_1`, `OXSTOCKTEXT_2`, `OXSTOCKTEXT_3`, `OXNOSTOCKTEXT_1`, `OXNOSTOCKTEXT_2`, `OXNOSTOCKTEXT_3`, `OXSORT`, `OXSOLDAMOUNT`, `OXNONMATERIAL`, `OXFREESHIPPING`, `OXREMINDACTIVE`, `OXREMINDAMOUNT`, `OXAMITEMID`, `OXAMTASKID`, `OXVENDORID`, `OXMANUFACTURERID`, `OXSKIPDISCOUNTS`, `OXRATING`, `OXRATINGCNT`, `OXMINDELTIME`, `OXMAXDELTIME`, `OXDELTIMEUNIT`) VALUES ('10014',  'oxbaseshop', '',     0, '0000-00-00 00:00:00', '0000-00-00 00:00:00', '10014',  '', '', '', '14 EN product šųößлы',       '13 EN description šųößлы',              1.6, 0, 0,  0,  0,  0, 0,   '',   0, '', '', '', NULL, 0, 0,  0,  1, '',                     '',                         '0000-00-00', '2008-04-03', '2010-03-16 10:53:43', 0, 0, 0, '', '',           '', '', 1, 0, '',                     0,  0, '',                 1.6, '',              '',          '', '', '', '', '13 DE product šųößлы',         '14 DE description',              '', '',           '', '', '', '', '', '', '', '', '', '', '', '',              '', '', '',                  '', '', 0, 0, 0, 0, 0, 0, '', '', '',                '',                 0, 0, 0, 0, 0, '');
INSERT INTO `oxarticles` (`OXID`, `OXSHOPID`, `OXPARENTID`, `OXACTIVE`, `OXACTIVEFROM`, `OXACTIVETO`, `OXARTNUM`, `OXEAN`, `OXDISTEAN`, `OXMPN`, `OXTITLE`, `OXSHORTDESC`, `OXPRICE`, `OXBLFIXEDPRICE`, `OXPRICEA`, `OXPRICEB`, `OXPRICEC`, `OXBPRICE`, `OXTPRICE`, `OXUNITNAME`, `OXUNITQUANTITY`, `OXEXTURL`, `OXURLDESC`, `OXURLIMG`, `OXVAT`, `OXPICSGENERATED`, `OXWEIGHT`, `OXSTOCK`, `OXSTOCKFLAG`, `OXSTOCKTEXT`, `OXNOSTOCKTEXT`, `OXDELIVERY`, `OXINSERT`, `OXTIMESTAMP`, `OXLENGTH`, `OXWIDTH`, `OXHEIGHT`, `OXFILE`, `OXSEARCHKEYS`, `OXTEMPLATE`, `OXQUESTIONEMAIL`, `OXISSEARCH`, `OXISCONFIGURABLE`, `OXVARNAME`, `OXVARSTOCK`, `OXVARCOUNT`, `OXVARSELECT`, `OXVARMINPRICE`, `OXVARNAME_1`, `OXVARSELECT_1`, `OXVARNAME_2`, `OXVARSELECT_2`, `OXVARNAME_3`, `OXVARSELECT_3`, `OXTITLE_1`, `OXSHORTDESC_1`, `OXURLDESC_1`, `OXSEARCHKEYS_1`, `OXTITLE_2`, `OXSHORTDESC_2`, `OXURLDESC_2`, `OXSEARCHKEYS_2`, `OXTITLE_3`, `OXSHORTDESC_3`, `OXURLDESC_3`, `OXSEARCHKEYS_3`, `OXBUNDLEID`, `OXFOLDER`, `OXSUBCLASS`, `OXSTOCKTEXT_1`, `OXSTOCKTEXT_2`, `OXSTOCKTEXT_3`, `OXNOSTOCKTEXT_1`, `OXNOSTOCKTEXT_2`, `OXNOSTOCKTEXT_3`, `OXSORT`, `OXSOLDAMOUNT`, `OXNONMATERIAL`, `OXFREESHIPPING`, `OXREMINDACTIVE`, `OXREMINDAMOUNT`, `OXAMITEMID`, `OXAMTASKID`, `OXVENDORID`, `OXMANUFACTURERID`, `OXSKIPDISCOUNTS`, `OXRATING`, `OXRATINGCNT`, `OXMINDELTIME`, `OXMAXDELTIME`, `OXDELTIMEUNIT`) VALUES ('10015',  'oxbaseshop', '',     0, '0000-00-00 00:00:00', '0000-00-00 00:00:00', '10015',  '', '', '', '15 EN product šųößлы',       '14 EN description šųößлы',              2.1, 0, 0,  0,  0,  0, 0,   '',   0, '', '', '', NULL, 0, 0,  1,  1, '',                     '',                         '0000-00-00', '2008-04-03', '2010-03-16 10:53:43', 0, 0, 0, '', '',           '', '', 1, 0, '',                     0,  0, '',                 2.1, '',              '',          '', '', '', '', '14 DE product šųößлы',         '15 DE description',              '', '',           '', '', '', '', '', '', '', '', '', '', '', '',              '', '', '',                  '', '', 0, 0, 0, 0, 0, 0, '', '', '',                '',                 0, 0, 0, 0, 0, '');
INSERT INTO `oxarticles` (`OXID`, `OXSHOPID`, `OXPARENTID`, `OXACTIVE`, `OXACTIVEFROM`, `OXACTIVETO`, `OXARTNUM`, `OXEAN`, `OXDISTEAN`, `OXMPN`, `OXTITLE`, `OXSHORTDESC`, `OXPRICE`, `OXBLFIXEDPRICE`, `OXPRICEA`, `OXPRICEB`, `OXPRICEC`, `OXBPRICE`, `OXTPRICE`, `OXUNITNAME`, `OXUNITQUANTITY`, `OXEXTURL`, `OXURLDESC`, `OXURLIMG`, `OXVAT`, `OXPICSGENERATED`, `OXWEIGHT`, `OXSTOCK`, `OXSTOCKFLAG`, `OXSTOCKTEXT`, `OXNOSTOCKTEXT`, `OXDELIVERY`, `OXINSERT`, `OXTIMESTAMP`, `OXLENGTH`, `OXWIDTH`, `OXHEIGHT`, `OXFILE`, `OXSEARCHKEYS`, `OXTEMPLATE`, `OXQUESTIONEMAIL`, `OXISSEARCH`, `OXISCONFIGURABLE`, `OXVARNAME`, `OXVARSTOCK`, `OXVARCOUNT`, `OXVARSELECT`, `OXVARMINPRICE`, `OXVARNAME_1`, `OXVARSELECT_1`, `OXVARNAME_2`, `OXVARSELECT_2`, `OXVARNAME_3`, `OXVARSELECT_3`, `OXTITLE_1`, `OXSHORTDESC_1`, `OXURLDESC_1`, `OXSEARCHKEYS_1`, `OXTITLE_2`, `OXSHORTDESC_2`, `OXURLDESC_2`, `OXSEARCHKEYS_2`, `OXTITLE_3`, `OXSHORTDESC_3`, `OXURLDESC_3`, `OXSEARCHKEYS_3`, `OXBUNDLEID`, `OXFOLDER`, `OXSUBCLASS`, `OXSTOCKTEXT_1`, `OXSTOCKTEXT_2`, `OXSTOCKTEXT_3`, `OXNOSTOCKTEXT_1`, `OXNOSTOCKTEXT_2`, `OXNOSTOCKTEXT_3`, `OXSORT`, `OXSOLDAMOUNT`, `OXNONMATERIAL`, `OXFREESHIPPING`, `OXREMINDACTIVE`, `OXREMINDAMOUNT`, `OXAMITEMID`, `OXAMTASKID`, `OXVENDORID`, `OXMANUFACTURERID`, `OXSKIPDISCOUNTS`, `OXRATING`, `OXRATINGCNT`, `OXMINDELTIME`, `OXMAXDELTIME`, `OXDELTIMEUNIT`) VALUES ('10016',  'oxbaseshop', '',     0, '0000-00-00 00:00:00', '0000-00-00 00:00:00', '10016',  '', '', '', '10 EN product šųößлы',       '15 EN description šųößлы',              1.9, 0, 0,  0,  0,  0, 0,   '',   0, '', '', '', NULL, 0, 0,  0,  1, '',                     '',                         '0000-00-00', '2008-04-03', '2010-03-16 10:53:43', 0, 0, 0, '', '',           '', '', 1, 0, '',                     0,  0, '',                 1.9, '',              '',          '', '', '', '', '15 DE product šųößлы',         '10 DE description',              '', '',           '', '', '', '', '', '', '', '', '', '', '', '',              '', '', '',                  '', '', 0, 0, 0, 0, 0, 0, '', '', '',                '',                 0, 0, 0, 0, 0, '');

INSERT INTO `oxartextends` (`OXID`, `OXLONGDESC`, `OXLONGDESC_1`, `OXLONGDESC_2`, `OXLONGDESC_3`, `OXTAGS`, `OXTAGS_1`, `OXTAGS_2`, `OXTAGS_3`) VALUES('1000', '<p>Test product 0 long description [EN] šųößлы</p>', '<p>Test product 0 long description [DE]</p>', '', '', '[EN],0___,tag_,šųößлы', 'tag_,0___,[DE]', '', '');
INSERT INTO `oxartextends` (`OXID`, `OXLONGDESC`, `OXLONGDESC_1`, `OXLONGDESC_2`, `OXLONGDESC_3`, `OXTAGS`, `OXTAGS_1`, `OXTAGS_2`, `OXTAGS_3`) VALUES('1001', '<p>Test product 1 long description [EN] šųößлы</p>', '<p>Test product 1 long description [DE]</p>', '', '', '[EN],1___,tag_,šųößлы', 'tag_,1___,[DE]', '', '');
INSERT INTO `oxartextends` (`OXID`, `OXLONGDESC`, `OXLONGDESC_1`, `OXLONGDESC_2`, `OXLONGDESC_3`, `OXTAGS`, `OXTAGS_1`, `OXTAGS_2`, `OXTAGS_3`) VALUES('1002', '<p>Test product 2 long description [EN] šųößлы</p>', '<p>Test product 2 long description [DE]</p>', '', '', '[EN],2___,tag_,šųößлы', 'tag_,2___,[DE]', '', '');
INSERT INTO `oxartextends` (`OXID`, `OXLONGDESC`, `OXLONGDESC_1`, `OXLONGDESC_2`, `OXLONGDESC_3`, `OXTAGS`, `OXTAGS_1`, `OXTAGS_2`, `OXTAGS_3`) VALUES('1003', '<p>Test product 3 long description [EN] šųößлы</p>', '<p>Test product 3 long description [DE]</p>', '', '', '[EN],3___,tag_,šųößлы', 'tag_,3___,[DE]', '', '');
INSERT INTO `oxartextends` (`OXID`, `OXLONGDESC`, `OXLONGDESC_1`, `OXLONGDESC_2`, `OXLONGDESC_3`, `OXTAGS`, `OXTAGS_1`, `OXTAGS_2`, `OXTAGS_3`) VALUES('1002-1', '', '', '', '', '', '', '', '');
INSERT INTO `oxartextends` (`OXID`, `OXLONGDESC`, `OXLONGDESC_1`, `OXLONGDESC_2`, `OXLONGDESC_3`, `OXTAGS`, `OXTAGS_1`, `OXTAGS_2`, `OXTAGS_3`) VALUES('1002-2', '', '', '', '', '', '', '', '');
INSERT INTO `oxartextends` (`OXID`, `OXLONGDESC`, `OXLONGDESC_1`, `OXLONGDESC_2`, `OXLONGDESC_3`, `OXTAGS`, `OXTAGS_1`, `OXTAGS_2`, `OXTAGS_3`) VALUES('10010', '', '', '', '', '', '', '', '');
INSERT INTO `oxartextends` (`OXID`, `OXLONGDESC`, `OXLONGDESC_1`, `OXLONGDESC_2`, `OXLONGDESC_3`, `OXTAGS`, `OXTAGS_1`, `OXTAGS_2`, `OXTAGS_3`) VALUES('10011', '', '', '', '', '', '', '', '');
INSERT INTO `oxartextends` (`OXID`, `OXLONGDESC`, `OXLONGDESC_1`, `OXLONGDESC_2`, `OXLONGDESC_3`, `OXTAGS`, `OXTAGS_1`, `OXTAGS_2`, `OXTAGS_3`) VALUES('10012', '', '', '', '', '', '', '', '');
INSERT INTO `oxartextends` (`OXID`, `OXLONGDESC`, `OXLONGDESC_1`, `OXLONGDESC_2`, `OXLONGDESC_3`, `OXTAGS`, `OXTAGS_1`, `OXTAGS_2`, `OXTAGS_3`) VALUES('10013', '', '', '', '', '', '', '', '');
INSERT INTO `oxartextends` (`OXID`, `OXLONGDESC`, `OXLONGDESC_1`, `OXLONGDESC_2`, `OXLONGDESC_3`, `OXTAGS`, `OXTAGS_1`, `OXTAGS_2`, `OXTAGS_3`) VALUES('10014', '', '', '', '', '', '', '', '');
INSERT INTO `oxartextends` (`OXID`, `OXLONGDESC`, `OXLONGDESC_1`, `OXLONGDESC_2`, `OXLONGDESC_3`, `OXTAGS`, `OXTAGS_1`, `OXTAGS_2`, `OXTAGS_3`) VALUES('10015', '', '', '', '', '', '', '', '');
INSERT INTO `oxartextends` (`OXID`, `OXLONGDESC`, `OXLONGDESC_1`, `OXLONGDESC_2`, `OXLONGDESC_3`, `OXTAGS`, `OXTAGS_1`, `OXTAGS_2`, `OXTAGS_3`) VALUES('10016', '', '', '', '', '', '', '', '');

INSERT INTO `oxaccessoire2article` (`OXID`, `OXOBJECTID`, `OXARTICLENID`, `OXSORT`) VALUES('e2647c561ffb990a8.18051802', '1002', '1000', 0);

INSERT INTO `oxactions2article` (`OXID`, `OXSHOPID`, `OXACTIONID`, `OXARTID`, `OXSORT`) VALUES('fa647a81f9183b795.92189723', 'oxbaseshop', 'oxnewest', '1000', 0);
INSERT INTO `oxactions2article` (`OXID`, `OXSHOPID`, `OXACTIONID`, `OXARTID`, `OXSORT`) VALUES('fa647a821ab1a0cd7.94426297', 'oxbaseshop', 'oxfirststart', '1001', 0);
INSERT INTO `oxactions2article` (`OXID`, `OXSHOPID`, `OXACTIONID`, `OXARTID`, `OXSORT`) VALUES('fa647a821bcd6e225.88450924', 'oxbaseshop', 'oxcatoffer', '1003', 0);
INSERT INTO `oxactions2article` (`OXID`, `OXSHOPID`, `OXACTIONID`, `OXARTID`, `OXSORT`) VALUES('fa647a821cbb759a3.34804917', 'oxbaseshop', 'oxbargain', '1001', 0);
INSERT INTO `oxactions2article` (`OXID`, `OXSHOPID`, `OXACTIONID`, `OXARTID`, `OXSORT`) VALUES('fa647a821e4b8fa81.64242121', 'oxbaseshop', 'oxstart', '1002', 0);
INSERT INTO `oxactions2article` (`OXID`, `OXSHOPID`, `OXACTIONID`, `OXARTID`, `OXSORT`) VALUES('fa647a821f27dbb38.79902594', 'oxbaseshop', 'oxtopstart', '1001', 0);
INSERT INTO `oxactions2article` (`OXID`, `OXSHOPID`, `OXACTIONID`, `OXARTID`, `OXSORT`) VALUES('fa647a82200b834f6.31174235', 'oxbaseshop', 'oxtop5', '1000', 0);

INSERT INTO `oxattribute` (`OXID`, `OXSHOPID`, `OXTITLE`, `OXTITLE_1`, `OXTITLE_2`, `OXTITLE_3`, `OXPOS`) VALUES('testattribute1', 'oxbaseshop', 'Test attribute 1 [EN] šųößлы', 'Test attribute 1 [DE] šųößлы', '', '', 1);
INSERT INTO `oxattribute` (`OXID`, `OXSHOPID`, `OXTITLE`, `OXTITLE_1`, `OXTITLE_2`, `OXTITLE_3`, `OXPOS`) VALUES('testattribute2', 'oxbaseshop', 'Test attribute 2 [EN] šųößлы', 'Test attribute 2 [DE] šųößлы', '', '', 3);
INSERT INTO `oxattribute` (`OXID`, `OXSHOPID`, `OXTITLE`, `OXTITLE_1`, `OXTITLE_2`, `OXTITLE_3`, `OXPOS`) VALUES('testattribute3', 'oxbaseshop', 'Test attribute 3 [EN] šųößлы', 'Test attribute 3 [DE] šųößлы', '', '', 2);
INSERT INTO `oxattribute` (`OXID`, `OXSHOPID`, `OXTITLE`, `OXTITLE_1`, `OXTITLE_2`, `OXTITLE_3`, `OXPOS`) VALUES('testattr1', 'oxbaseshop', '[last] [EN] Attribute šųößлы', '1 [DE] Attribute šųößлы', '', '', 5);
INSERT INTO `oxattribute` (`OXID`, `OXSHOPID`, `OXTITLE`, `OXTITLE_1`, `OXTITLE_2`, `OXTITLE_3`, `OXPOS`) VALUES('testattr2', 'oxbaseshop', '3 [EN] Attribute šųößлы', '2 [DE] Attribute šųößлы', '', '', 4);
INSERT INTO `oxattribute` (`OXID`, `OXSHOPID`, `OXTITLE`, `OXTITLE_1`, `OXTITLE_2`, `OXTITLE_3`, `OXPOS`) VALUES('testattr3', 'oxbaseshop', '4 [EN] Attribute šųößлы', '3 [DE] Attribute šųößлы', '', '', 6);
INSERT INTO `oxattribute` (`OXID`, `OXSHOPID`, `OXTITLE`, `OXTITLE_1`, `OXTITLE_2`, `OXTITLE_3`, `OXPOS`) VALUES('testattr4', 'oxbaseshop', '5 [EN] Attribute šųößлы', '4 [DE] Attribute šųößлы', '', '', 7);
INSERT INTO `oxattribute` (`OXID`, `OXSHOPID`, `OXTITLE`, `OXTITLE_1`, `OXTITLE_2`, `OXTITLE_3`, `OXPOS`) VALUES('testattr5', 'oxbaseshop', '6 [EN] Attribute šųößлы', '5 [DE] Attribute šųößлы', '', '', 9);
INSERT INTO `oxattribute` (`OXID`, `OXSHOPID`, `OXTITLE`, `OXTITLE_1`, `OXTITLE_2`, `OXTITLE_3`, `OXPOS`) VALUES('testattr6', 'oxbaseshop', '7 [EN] Attribute šųößлы', '6 [DE] Attribute šųößлы', '', '', 11);
INSERT INTO `oxattribute` (`OXID`, `OXSHOPID`, `OXTITLE`, `OXTITLE_1`, `OXTITLE_2`, `OXTITLE_3`, `OXPOS`) VALUES('testattr7', 'oxbaseshop', '2 [EN] Attribute šųößлы', '7 [DE] Attribute šųößлы', '', '', 10);
INSERT INTO `oxattribute` (`OXID`, `OXSHOPID`, `OXTITLE`, `OXTITLE_1`, `OXTITLE_2`, `OXTITLE_3`, `OXPOS`) VALUES('testattr8', 'oxbaseshop', '1 [EN] Attribute šųößлы', '[last] [DE] Attribute šųößлы', '', '', 8);

INSERT INTO `oxcategories` (`OXID`, `OXPARENTID`, `OXLEFT`, `OXRIGHT`, `OXROOTID`, `OXSORT`, `OXACTIVE`, `OXHIDDEN`, `OXSHOPID`, `OXTITLE`, `OXDESC`, `OXLONGDESC`, `OXTHUMB`, `OXEXTLINK`, `OXTEMPLATE`, `OXDEFSORT`, `OXDEFSORTMODE`, `OXPRICEFROM`, `OXPRICETO`, `OXACTIVE_1`, `OXTITLE_1`, `OXDESC_1`, `OXLONGDESC_1`, `OXACTIVE_2`, `OXTITLE_2`, `OXDESC_2`, `OXLONGDESC_2`, `OXACTIVE_3`, `OXTITLE_3`, `OXDESC_3`, `OXLONGDESC_3`, `OXICON`, `OXVAT`, `OXSKIPDISCOUNTS`, `OXSHOWSUFFIX`) VALUES('testcategory0', 'oxrootid', 1, 4, 'testcategory0', 1, 1, 0, 'oxbaseshop', 'Test category 0 [EN] šųößлы', 'Test category 0 desc [EN] šųößлы', '<p>Category 0 long desc [EN] šųößлы</p>', '', '', '', 'oxartnum', 0, 0, 0, 1, 'Test category 0 [DE] šųößлы', 'Test category 0 desc [DE]', '<p>Category 0 long desc [DE]</p>', 1, '', '', '', 0, '', '', '', '', 5, 0, 1);
INSERT INTO `oxcategories` (`OXID`, `OXPARENTID`, `OXLEFT`, `OXRIGHT`, `OXROOTID`, `OXSORT`, `OXACTIVE`, `OXHIDDEN`, `OXSHOPID`, `OXTITLE`, `OXDESC`, `OXLONGDESC`, `OXTHUMB`, `OXEXTLINK`, `OXTEMPLATE`, `OXDEFSORT`, `OXDEFSORTMODE`, `OXPRICEFROM`, `OXPRICETO`, `OXACTIVE_1`, `OXTITLE_1`, `OXDESC_1`, `OXLONGDESC_1`, `OXACTIVE_2`, `OXTITLE_2`, `OXDESC_2`, `OXLONGDESC_2`, `OXACTIVE_3`, `OXTITLE_3`, `OXDESC_3`, `OXLONGDESC_3`, `OXICON`, `OXVAT`, `OXSKIPDISCOUNTS`, `OXSHOWSUFFIX`) VALUES('testcategory1', 'testcategory0', 2, 3, 'testcategory0', 2, 1, 0, 'oxbaseshop', 'Test category 1 [EN] šųößлы', 'Test category 1 desc [EN] šųößлы', '<p>Category 1 long desc [EN] šųößлы</p>', '', '', '', 'oxartnum', 1, 0, 0, 1, 'Test category 1 [DE] šųößлы', 'Test category 1 desc [DE]', '<p>Category 1 long desc [DE]</p>', 1, '', '', '', 0, '', '', '', '', NULL, 0, 1);
INSERT INTO `oxcategories` (`OXID`, `OXPARENTID`, `OXLEFT`, `OXRIGHT`, `OXROOTID`, `OXSORT`, `OXACTIVE`, `OXHIDDEN`, `OXSHOPID`, `OXTITLE`, `OXDESC`, `OXLONGDESC`, `OXTHUMB`, `OXEXTLINK`, `OXTEMPLATE`, `OXDEFSORT`, `OXDEFSORTMODE`, `OXPRICEFROM`, `OXPRICETO`, `OXACTIVE_1`, `OXTITLE_1`, `OXDESC_1`, `OXLONGDESC_1`, `OXACTIVE_2`, `OXTITLE_2`, `OXDESC_2`, `OXLONGDESC_2`, `OXACTIVE_3`, `OXTITLE_3`, `OXDESC_3`, `OXLONGDESC_3`, `OXICON`, `OXVAT`, `OXSKIPDISCOUNTS`, `OXSHOWSUFFIX`) VALUES('testcat1', 'oxrootid', 1, 2, 'testcat1', 2, 0, 0, 'oxbaseshop', '[last] [EN] category šųößлы', '', '', '', '', '', '', 0, 0, 0, 0, '1 [DE] category šųößлы', '', '', 1, '', '', '', 0, '', '', '', '', NULL, 0, 1);
INSERT INTO `oxcategories` (`OXID`, `OXPARENTID`, `OXLEFT`, `OXRIGHT`, `OXROOTID`, `OXSORT`, `OXACTIVE`, `OXHIDDEN`, `OXSHOPID`, `OXTITLE`, `OXDESC`, `OXLONGDESC`, `OXTHUMB`, `OXEXTLINK`, `OXTEMPLATE`, `OXDEFSORT`, `OXDEFSORTMODE`, `OXPRICEFROM`, `OXPRICETO`, `OXACTIVE_1`, `OXTITLE_1`, `OXDESC_1`, `OXLONGDESC_1`, `OXACTIVE_2`, `OXTITLE_2`, `OXDESC_2`, `OXLONGDESC_2`, `OXACTIVE_3`, `OXTITLE_3`, `OXDESC_3`, `OXLONGDESC_3`, `OXICON`, `OXVAT`, `OXSKIPDISCOUNTS`, `OXSHOWSUFFIX`) VALUES('testcat2', 'oxrootid', 1, 2, 'testcat2', 5, 0, 0, 'oxbaseshop', '3 [EN] category šųößлы', '', '', '', '', '', '', 0, 0, 0, 0, '2 [DE] category šųößлы', '', '', 1, '', '', '', 0, '', '', '', '', NULL, 0, 1);
INSERT INTO `oxcategories` (`OXID`, `OXPARENTID`, `OXLEFT`, `OXRIGHT`, `OXROOTID`, `OXSORT`, `OXACTIVE`, `OXHIDDEN`, `OXSHOPID`, `OXTITLE`, `OXDESC`, `OXLONGDESC`, `OXTHUMB`, `OXEXTLINK`, `OXTEMPLATE`, `OXDEFSORT`, `OXDEFSORTMODE`, `OXPRICEFROM`, `OXPRICETO`, `OXACTIVE_1`, `OXTITLE_1`, `OXDESC_1`, `OXLONGDESC_1`, `OXACTIVE_2`, `OXTITLE_2`, `OXDESC_2`, `OXLONGDESC_2`, `OXACTIVE_3`, `OXTITLE_3`, `OXDESC_3`, `OXLONGDESC_3`, `OXICON`, `OXVAT`, `OXSKIPDISCOUNTS`, `OXSHOWSUFFIX`) VALUES('testcat3', 'oxrootid', 1, 2, 'testcat3', 1, 0, 0, 'oxbaseshop', '4 [EN] category šųößлы', '', '', '', '', '', '', 0, 0, 0, 0, '3 [DE] category šųößлы', '', '', 1, '', '', '', 0, '', '', '', '', NULL, 0, 1);
INSERT INTO `oxcategories` (`OXID`, `OXPARENTID`, `OXLEFT`, `OXRIGHT`, `OXROOTID`, `OXSORT`, `OXACTIVE`, `OXHIDDEN`, `OXSHOPID`, `OXTITLE`, `OXDESC`, `OXLONGDESC`, `OXTHUMB`, `OXEXTLINK`, `OXTEMPLATE`, `OXDEFSORT`, `OXDEFSORTMODE`, `OXPRICEFROM`, `OXPRICETO`, `OXACTIVE_1`, `OXTITLE_1`, `OXDESC_1`, `OXLONGDESC_1`, `OXACTIVE_2`, `OXTITLE_2`, `OXDESC_2`, `OXLONGDESC_2`, `OXACTIVE_3`, `OXTITLE_3`, `OXDESC_3`, `OXLONGDESC_3`, `OXICON`, `OXVAT`, `OXSKIPDISCOUNTS`, `OXSHOWSUFFIX`) VALUES('testcat4', 'oxrootid', 1, 2, 'testcat4', 7, 0, 0, 'oxbaseshop', '5 [EN] category šųößлы', '', '', '', '', '', '', 0, 0, 0, 0, '4 [DE] category šųößлы', '', '', 1, '', '', '', 0, '', '', '', '', NULL, 0, 1);
INSERT INTO `oxcategories` (`OXID`, `OXPARENTID`, `OXLEFT`, `OXRIGHT`, `OXROOTID`, `OXSORT`, `OXACTIVE`, `OXHIDDEN`, `OXSHOPID`, `OXTITLE`, `OXDESC`, `OXLONGDESC`, `OXTHUMB`, `OXEXTLINK`, `OXTEMPLATE`, `OXDEFSORT`, `OXDEFSORTMODE`, `OXPRICEFROM`, `OXPRICETO`, `OXACTIVE_1`, `OXTITLE_1`, `OXDESC_1`, `OXLONGDESC_1`, `OXACTIVE_2`, `OXTITLE_2`, `OXDESC_2`, `OXLONGDESC_2`, `OXACTIVE_3`, `OXTITLE_3`, `OXDESC_3`, `OXLONGDESC_3`, `OXICON`, `OXVAT`, `OXSKIPDISCOUNTS`, `OXSHOWSUFFIX`) VALUES('testcat5', 'oxrootid', 1, 2, 'testcat5', 1, 0, 0, 'oxbaseshop', '6 [EN] category šųößлы', '', '', '', '', '', '', 0, 0, 0, 0, '5 [DE] category šųößлы', '', '', 1, '', '', '', 0, '', '', '', '', NULL, 0, 1);
INSERT INTO `oxcategories` (`OXID`, `OXPARENTID`, `OXLEFT`, `OXRIGHT`, `OXROOTID`, `OXSORT`, `OXACTIVE`, `OXHIDDEN`, `OXSHOPID`, `OXTITLE`, `OXDESC`, `OXLONGDESC`, `OXTHUMB`, `OXEXTLINK`, `OXTEMPLATE`, `OXDEFSORT`, `OXDEFSORTMODE`, `OXPRICEFROM`, `OXPRICETO`, `OXACTIVE_1`, `OXTITLE_1`, `OXDESC_1`, `OXLONGDESC_1`, `OXACTIVE_2`, `OXTITLE_2`, `OXDESC_2`, `OXLONGDESC_2`, `OXACTIVE_3`, `OXTITLE_3`, `OXDESC_3`, `OXLONGDESC_3`, `OXICON`, `OXVAT`, `OXSKIPDISCOUNTS`, `OXSHOWSUFFIX`) VALUES('testcat7', 'oxrootid', 1, 2, 'testcat7', 6, 0, 0, 'oxbaseshop', '8 [EN] category šųößлы', '', '', '', '', '', '', 0, 0, 0, 0, '7 [DE] category šųößлы', '', '', 1, '', '', '', 0, '', '', '', '', NULL, 0, 1);
INSERT INTO `oxcategories` (`OXID`, `OXPARENTID`, `OXLEFT`, `OXRIGHT`, `OXROOTID`, `OXSORT`, `OXACTIVE`, `OXHIDDEN`, `OXSHOPID`, `OXTITLE`, `OXDESC`, `OXLONGDESC`, `OXTHUMB`, `OXEXTLINK`, `OXTEMPLATE`, `OXDEFSORT`, `OXDEFSORTMODE`, `OXPRICEFROM`, `OXPRICETO`, `OXACTIVE_1`, `OXTITLE_1`, `OXDESC_1`, `OXLONGDESC_1`, `OXACTIVE_2`, `OXTITLE_2`, `OXDESC_2`, `OXLONGDESC_2`, `OXACTIVE_3`, `OXTITLE_3`, `OXDESC_3`, `OXLONGDESC_3`, `OXICON`, `OXVAT`, `OXSKIPDISCOUNTS`, `OXSHOWSUFFIX`) VALUES('testcat8', 'oxrootid', 1, 2, 'testcat8', 6, 0, 0, 'oxbaseshop', '2 [EN] category šųößлы', '', '', '', '', '', '', 0, 0, 0, 0, '8 [DE] category šųößлы', '', '', 1, '', '', '', 0, '', '', '', '', NULL, 0, 1);
INSERT INTO `oxcategories` (`OXID`, `OXPARENTID`, `OXLEFT`, `OXRIGHT`, `OXROOTID`, `OXSORT`, `OXACTIVE`, `OXHIDDEN`, `OXSHOPID`, `OXTITLE`, `OXDESC`, `OXLONGDESC`, `OXTHUMB`, `OXEXTLINK`, `OXTEMPLATE`, `OXDEFSORT`, `OXDEFSORTMODE`, `OXPRICEFROM`, `OXPRICETO`, `OXACTIVE_1`, `OXTITLE_1`, `OXDESC_1`, `OXLONGDESC_1`, `OXACTIVE_2`, `OXTITLE_2`, `OXDESC_2`, `OXLONGDESC_2`, `OXACTIVE_3`, `OXTITLE_3`, `OXDESC_3`, `OXLONGDESC_3`, `OXICON`, `OXVAT`, `OXSKIPDISCOUNTS`, `OXSHOWSUFFIX`) VALUES('testcat9', 'oxrootid', 1, 2, 'testcat9', 3, 0, 0, 'oxbaseshop', '1 [EN] category šųößлы', '', '', '', '', '', '', 0, 0, 0, 0, '[last] [DE] category šųößлы', '', '', 1, '', '', '', 0, '', '', '', '', NULL, 0, 1);
INSERT INTO `oxcategories` (`OXID`, `OXPARENTID`, `OXLEFT`, `OXRIGHT`, `OXROOTID`, `OXSORT`, `OXACTIVE`, `OXHIDDEN`, `OXSHOPID`, `OXTITLE`, `OXDESC`, `OXLONGDESC`, `OXTHUMB`, `OXEXTLINK`, `OXTEMPLATE`, `OXDEFSORT`, `OXDEFSORTMODE`, `OXPRICEFROM`, `OXPRICETO`, `OXACTIVE_1`, `OXTITLE_1`, `OXDESC_1`, `OXLONGDESC_1`, `OXACTIVE_2`, `OXTITLE_2`, `OXDESC_2`, `OXLONGDESC_2`, `OXACTIVE_3`, `OXTITLE_3`, `OXDESC_3`, `OXLONGDESC_3`, `OXICON`, `OXVAT`, `OXSKIPDISCOUNTS`, `OXSHOWSUFFIX`) VALUES('testpricecat', 'oxrootid', 1, 2, 'testpricecat', 99999, 1, 0, 'oxbaseshop', 'price [EN] šųößлы', 'price category [EN] šųößлы', '', '', '', '', '', 0, 49, 60, 1, 'price šųößлы [DE]', 'price category [DE]', '', 1, '', '', '', 0, '', '', '', '', NULL, 0, 1);

INSERT INTO `oxcategory2attribute` (`OXID`, `OXOBJECTID`, `OXATTRID`, `OXSORT`) VALUES('aad47a8513455b7d6.10119791', 'testcategory0', 'testattribute3', 2);
INSERT INTO `oxcategory2attribute` (`OXID`, `OXOBJECTID`, `OXATTRID`, `OXSORT`) VALUES('aad47a85137a4df07.58761869', 'testcategory0', 'testattribute2', 3);
INSERT INTO `oxcategory2attribute` (`OXID`, `OXOBJECTID`, `OXATTRID`, `OXSORT`) VALUES('aad47a8513b78e399.56325257', 'testcategory0', 'testattribute1', 1);

INSERT INTO `oxcontents` (`OXID`, `OXLOADID`, `OXSHOPID`, `OXSNIPPET`, `OXTYPE`, `OXACTIVE`, `OXACTIVE_1`, `OXPOSITION`, `OXTITLE`, `OXCONTENT`, `OXTITLE_1`, `OXCONTENT_1`, `OXACTIVE_2`, `OXTITLE_2`, `OXCONTENT_2`, `OXACTIVE_3`, `OXTITLE_3`, `OXCONTENT_3`, `OXCATID`, `OXFOLDER`) VALUES('testcontent1', '[last]testcontent', 'oxbaseshop', 0, 2, 0, 0, '', '[last] [EN] content šųößлы', '<p>content [EN] 1  šųößлы</p>', '1 [DE] content šųößлы', '<p>content [DE] 1</p>', 0, '', '', 0, '', '', 'testcategory0', 'CMSFOLDER_USERINFO');
INSERT INTO `oxcontents` (`OXID`, `OXLOADID`, `OXSHOPID`, `OXSNIPPET`, `OXTYPE`, `OXACTIVE`, `OXACTIVE_1`, `OXPOSITION`, `OXTITLE`, `OXCONTENT`, `OXTITLE_1`, `OXCONTENT_1`, `OXACTIVE_2`, `OXTITLE_2`, `OXCONTENT_2`, `OXACTIVE_3`, `OXTITLE_3`, `OXCONTENT_3`, `OXCATID`, `OXFOLDER`) VALUES('testcontent2', '1testcontent', 'oxbaseshop', 0, 2, 0, 0, '', '3 [EN] content šųößлы', '<p>content [EN] last šųößлы</p>', '[last] [DE] content šųößлы', '<p>content [DE] last</p>', 0, '', '', 0, '', '', 'testcategory1', 'CMSFOLDER_USERINFO');
INSERT INTO `oxcontents` (`OXID`, `OXLOADID`, `OXSHOPID`, `OXSNIPPET`, `OXTYPE`, `OXACTIVE`, `OXACTIVE_1`, `OXPOSITION`, `OXTITLE`, `OXCONTENT`, `OXTITLE_1`, `OXCONTENT_1`, `OXACTIVE_2`, `OXTITLE_2`, `OXCONTENT_2`, `OXACTIVE_3`, `OXTITLE_3`, `OXCONTENT_3`, `OXCATID`, `OXFOLDER`) VALUES('testcontent3', 't3testcontent', 'oxbaseshop', 0, 3, 0, 0, '', 'T4 [EN] content šųößлы', '', 'T2 [DE] content šųößлы', '', 0, '', '', 0, '', '', '8a142c3e4143562a5.46426637', 'CMSFOLDER_USERINFO');
INSERT INTO `oxcontents` (`OXID`, `OXLOADID`, `OXSHOPID`, `OXSNIPPET`, `OXTYPE`, `OXACTIVE`, `OXACTIVE_1`, `OXPOSITION`, `OXTITLE`, `OXCONTENT`, `OXTITLE_1`, `OXCONTENT_1`, `OXACTIVE_2`, `OXTITLE_2`, `OXCONTENT_2`, `OXACTIVE_3`, `OXTITLE_3`, `OXCONTENT_3`, `OXCATID`, `OXFOLDER`) VALUES('testcontent4', 't4testcontent', 'oxbaseshop', 0, 3, 0, 0, '', 'T1 [EN] content šųößлы', '', 'T4 [DE] content šųößлы', '', 0, '', '', 0, '', '', '30e44ab834ea42417.86131097', 'CMSFOLDER_USERINFO');
INSERT INTO `oxcontents` (`OXID`, `OXLOADID`, `OXSHOPID`, `OXSNIPPET`, `OXTYPE`, `OXACTIVE`, `OXACTIVE_1`, `OXPOSITION`, `OXTITLE`, `OXCONTENT`, `OXTITLE_1`, `OXCONTENT_1`, `OXACTIVE_2`, `OXTITLE_2`, `OXCONTENT_2`, `OXACTIVE_3`, `OXTITLE_3`, `OXCONTENT_3`, `OXCATID`, `OXFOLDER`) VALUES('testcontent6', 't5testcontent', 'oxbaseshop', 0, 3, 0, 0, '', 'T5 [EN] content šųößлы', '', 'T6 [DE] content šųößлы', '', 0, '', '', 0, '', '', '30e44ab834ea42417.86131097', 'CMSFOLDER_USERINFO');

INSERT INTO `oxcountry` (`OXID`, `OXACTIVE`, `OXTITLE`, `OXISOALPHA2`, `OXISOALPHA3`, `OXUNNUM3`, `OXORDER`, `OXSHORTDESC`, `OXLONGDESC`, `OXTITLE_1`, `OXTITLE_2`, `OXTITLE_3`, `OXSHORTDESC_1`, `OXSHORTDESC_2`, `OXSHORTDESC_3`, `OXLONGDESC_1`, `OXLONGDESC_2`, `OXLONGDESC_3`, `OXVATSTATUS`) VALUES('testcountry1', 0, '[last] EN test Country šųößлы', '', '111', '', 0, '1 EN test Country desc šųößлы', '', '1 DE test Country šųößлы', '', '', '[last] DE test Country desc', '', '', '', '', '', 0);
INSERT INTO `oxcountry` (`OXID`, `OXACTIVE`, `OXTITLE`, `OXISOALPHA2`, `OXISOALPHA3`, `OXUNNUM3`, `OXORDER`, `OXSHORTDESC`, `OXLONGDESC`, `OXTITLE_1`, `OXTITLE_2`, `OXTITLE_3`, `OXSHORTDESC_1`, `OXSHORTDESC_2`, `OXSHORTDESC_3`, `OXLONGDESC_1`, `OXLONGDESC_2`, `OXLONGDESC_3`, `OXVATSTATUS`) VALUES('testcountry2', 0, '1 EN test Country šųößлы', '', '000', '', 0, '[last] EN test Country desc šųößлы', '', '[last] DE test Country šųößлы', '', '', '1 DE test Country desc', '', '', '', '', '', 0);

INSERT INTO `oxdel2delset` (`OXID`, `OXDELID`, `OXDELSETID`) VALUES('aad47a84ad9a58285.78216385', 'testdel', 'testdelset');
INSERT INTO `oxdel2delset` (`OXID`, `OXDELID`, `OXDELSETID`) VALUES('aad47a84ad9a622c6.82815540', 'testdelart', 'testdelset');

INSERT INTO `oxdelivery` (`OXID`, `OXSHOPID`, `OXACTIVE`, `OXACTIVEFROM`, `OXACTIVETO`, `OXTITLE`, `OXTITLE_1`, `OXTITLE_2`, `OXTITLE_3`, `OXADDSUMTYPE`, `OXADDSUM`, `OXDELTYPE`, `OXPARAM`, `OXPARAMEND`, `OXFIXED`, `OXSORT`, `OXFINALIZE`) VALUES('testdel', 'oxbaseshop', 1, '0000-00-00 00:00:00', '0000-00-00 00:00:00', 'Test delivery category [EN] šųößлы', 'Test delivery category [DE] šųößлы', '', '', 'abs', 1.5, 'a', 1, 99999, 0, 9998, 1);
INSERT INTO `oxdelivery` (`OXID`, `OXSHOPID`, `OXACTIVE`, `OXACTIVEFROM`, `OXACTIVETO`, `OXTITLE`, `OXTITLE_1`, `OXTITLE_2`, `OXTITLE_3`, `OXADDSUMTYPE`, `OXADDSUM`, `OXDELTYPE`, `OXPARAM`, `OXPARAMEND`, `OXFIXED`, `OXSORT`, `OXFINALIZE`) VALUES('testdelart', 'oxbaseshop', 1, '0000-00-00 00:00:00', '0000-00-00 00:00:00', 'Test delivery product [EN] šųößлы', 'Test delivery product [DE] šųößлы', '', '', '%', 1, 'a', 1, 99999, 0, 9999, 0);
INSERT INTO `oxdelivery` (`OXID`, `OXSHOPID`, `OXACTIVE`, `OXACTIVEFROM`, `OXACTIVETO`, `OXTITLE`, `OXTITLE_1`, `OXTITLE_2`, `OXTITLE_3`, `OXADDSUMTYPE`, `OXADDSUM`, `OXDELTYPE`, `OXPARAM`, `OXPARAMEND`, `OXFIXED`, `OXSORT`, `OXFINALIZE`) VALUES('testsh1', 'oxbaseshop', 0, '0000-00-00 00:00:00', '0000-00-00 00:00:00', '[last] EN S&H šųößлы', '1 DE S&H šųößлы', '', '', 'abs', 0, 'a', 0, 0, 0, 4, 0);
INSERT INTO `oxdelivery` (`OXID`, `OXSHOPID`, `OXACTIVE`, `OXACTIVEFROM`, `OXACTIVETO`, `OXTITLE`, `OXTITLE_1`, `OXTITLE_2`, `OXTITLE_3`, `OXADDSUMTYPE`, `OXADDSUM`, `OXDELTYPE`, `OXPARAM`, `OXPARAMEND`, `OXFIXED`, `OXSORT`, `OXFINALIZE`) VALUES('testsh2', 'oxbaseshop', 0, '0000-00-00 00:00:00', '0000-00-00 00:00:00', '3 EN S&H šųößлы', '2 DE S&H šųößлы', '', '', 'abs', 0, 'a', 0, 0, 0, 1, 0);
INSERT INTO `oxdelivery` (`OXID`, `OXSHOPID`, `OXACTIVE`, `OXACTIVEFROM`, `OXACTIVETO`, `OXTITLE`, `OXTITLE_1`, `OXTITLE_2`, `OXTITLE_3`, `OXADDSUMTYPE`, `OXADDSUM`, `OXDELTYPE`, `OXPARAM`, `OXPARAMEND`, `OXFIXED`, `OXSORT`, `OXFINALIZE`) VALUES('testsh3', 'oxbaseshop', 0, '0000-00-00 00:00:00', '0000-00-00 00:00:00', '4 EN S&H šųößлы', '3 DE S&H šųößлы', '', '', 'abs', 0, 'a', 0, 0, 0, 999999, 0);
INSERT INTO `oxdelivery` (`OXID`, `OXSHOPID`, `OXACTIVE`, `OXACTIVEFROM`, `OXACTIVETO`, `OXTITLE`, `OXTITLE_1`, `OXTITLE_2`, `OXTITLE_3`, `OXADDSUMTYPE`, `OXADDSUM`, `OXDELTYPE`, `OXPARAM`, `OXPARAMEND`, `OXFIXED`, `OXSORT`, `OXFINALIZE`) VALUES('testsh5', 'oxbaseshop', 0, '0000-00-00 00:00:00', '0000-00-00 00:00:00', '1 EN S&H šųößлы', '[last] DE S&H šųößлы', '', '', 'abs', 0, 'a', 0, 0, 0, 2, 0);

INSERT INTO `oxdeliveryset` (`OXID`, `OXSHOPID`, `OXACTIVE`, `OXACTIVEFROM`, `OXACTIVETO`, `OXTITLE`, `OXTITLE_1`, `OXTITLE_2`, `OXTITLE_3`, `OXPOS`) VALUES('testdelset', 'oxbaseshop', 1, '0000-00-00 00:00:00', '0000-00-00 00:00:00', 'Test S&H set [EN] šųößлы', 'Test S&H set [DE] šųößлы', '', '', 0);
INSERT INTO `oxdeliveryset` (`OXID`, `OXSHOPID`, `OXACTIVE`, `OXACTIVEFROM`, `OXACTIVETO`, `OXTITLE`, `OXTITLE_1`, `OXTITLE_2`, `OXTITLE_3`, `OXPOS`) VALUES('testshset1', 'oxbaseshop', 0, '0000-00-00 00:00:00', '0000-00-00 00:00:00', '[last] EN test S&H set šųößлы', '1 DE test S&H set šųößлы', '', '', 0);
INSERT INTO `oxdeliveryset` (`OXID`, `OXSHOPID`, `OXACTIVE`, `OXACTIVEFROM`, `OXACTIVETO`, `OXTITLE`, `OXTITLE_1`, `OXTITLE_2`, `OXTITLE_3`, `OXPOS`) VALUES('testshset2', 'oxbaseshop', 0, '0000-00-00 00:00:00', '0000-00-00 00:00:00', '3 EN test S&H set šųößлы', '2 DE test S&H set šųößлы', '', '', 0);
INSERT INTO `oxdeliveryset` (`OXID`, `OXSHOPID`, `OXACTIVE`, `OXACTIVEFROM`, `OXACTIVETO`, `OXTITLE`, `OXTITLE_1`, `OXTITLE_2`, `OXTITLE_3`, `OXPOS`) VALUES('testshset3', 'oxbaseshop', 0, '0000-00-00 00:00:00', '0000-00-00 00:00:00', '4 EN test S&H set šųößлы', '3 DE test S&H set šųößлы', '', '', 0);
INSERT INTO `oxdeliveryset` (`OXID`, `OXSHOPID`, `OXACTIVE`, `OXACTIVEFROM`, `OXACTIVETO`, `OXTITLE`, `OXTITLE_1`, `OXTITLE_2`, `OXTITLE_3`, `OXPOS`) VALUES('testshset5', 'oxbaseshop', 0, '0000-00-00 00:00:00', '0000-00-00 00:00:00', '6 EN test S&H set šųößлы', '5 DE test S&H set šųößлы', '', '', 0);
INSERT INTO `oxdeliveryset` (`OXID`, `OXSHOPID`, `OXACTIVE`, `OXACTIVEFROM`, `OXACTIVETO`, `OXTITLE`, `OXTITLE_1`, `OXTITLE_2`, `OXTITLE_3`, `OXPOS`) VALUES('testshset4', 'oxbaseshop', 0, '0000-00-00 00:00:00', '0000-00-00 00:00:00', '2 EN test S&H set šųößлы', '4 DE test S&H set šųößлы', '', '', 0);
INSERT INTO `oxdeliveryset` (`OXID`, `OXSHOPID`, `OXACTIVE`, `OXACTIVEFROM`, `OXACTIVETO`, `OXTITLE`, `OXTITLE_1`, `OXTITLE_2`, `OXTITLE_3`, `OXPOS`) VALUES('testshset7', 'oxbaseshop', 0, '0000-00-00 00:00:00', '0000-00-00 00:00:00', '1 EN test S&H set šųößлы', '[last] DE test S&H set šųößлы', '', '', 0);
INSERT INTO `oxdeliveryset` (`OXID`, `OXSHOPID`, `OXACTIVE`, `OXACTIVEFROM`, `OXACTIVETO`, `OXTITLE`, `OXTITLE_1`, `OXTITLE_2`, `OXTITLE_3`, `OXPOS`) VALUES('testshset8', 'oxbaseshop', 0, '0000-00-00 00:00:00', '0000-00-00 00:00:00', '7 EN test S&H set šųößлы', '7 DE test S&H set šųößлы', '', '', 0);

INSERT INTO `oxdiscount` (`OXID`, `OXSHOPID`, `OXACTIVE`, `OXACTIVEFROM`, `OXACTIVETO`, `OXTITLE`, `OXTITLE_1`, `OXTITLE_2`, `OXTITLE_3`, `OXAMOUNT`, `OXAMOUNTTO`, `OXPRICETO`, `OXPRICE`, `OXADDSUMTYPE`, `OXADDSUM`, `OXITMARTID`, `OXITMAMOUNT`, `OXITMMULTIPLE`) VALUES('testcatdiscount', 'oxbaseshop', 1, '0000-00-00 00:00:00', '0000-00-00 00:00:00', 'discount for category [EN] šųößлы', 'discount for category [DE] šųößлы', '', '', 1, 999999, 0, 0, 'abs', 5, '', 0, 0);
INSERT INTO `oxdiscount` (`OXID`, `OXSHOPID`, `OXACTIVE`, `OXACTIVEFROM`, `OXACTIVETO`, `OXTITLE`, `OXTITLE_1`, `OXTITLE_2`, `OXTITLE_3`, `OXAMOUNT`, `OXAMOUNTTO`, `OXPRICETO`, `OXPRICE`, `OXADDSUMTYPE`, `OXADDSUM`, `OXITMARTID`, `OXITMAMOUNT`, `OXITMMULTIPLE`) VALUES('testartdiscount', 'oxbaseshop', 1, '0000-00-00 00:00:00', '0000-00-00 00:00:00', 'discount for product [EN] šųößлы', 'discount for product [DE] šųößлы', '', '', 0, 0, 999999, 100, '%', 10, '', 0, 0);
INSERT INTO `oxdiscount` (`OXID`, `OXSHOPID`, `OXACTIVE`, `OXACTIVEFROM`, `OXACTIVETO`, `OXTITLE`, `OXTITLE_1`, `OXTITLE_2`, `OXTITLE_3`, `OXAMOUNT`, `OXAMOUNTTO`, `OXPRICETO`, `OXPRICE`, `OXADDSUMTYPE`, `OXADDSUM`, `OXITMARTID`, `OXITMAMOUNT`, `OXITMMULTIPLE`) VALUES('testitmdiscount', 'oxbaseshop', 1, '0000-00-00 00:00:00', '0000-00-00 00:00:00', 'Itm discount [EN] šųößлы', 'Itm discount [DE] šųößлы', '', '', 5, 999999, 0, 0, 'itm', 0, '1003', 1, 0);
INSERT INTO `oxdiscount` (`OXID`, `OXSHOPID`, `OXACTIVE`, `OXACTIVEFROM`, `OXACTIVETO`, `OXTITLE`, `OXTITLE_1`, `OXTITLE_2`, `OXTITLE_3`, `OXAMOUNT`, `OXAMOUNTTO`, `OXPRICETO`, `OXPRICE`, `OXADDSUMTYPE`, `OXADDSUM`, `OXITMARTID`, `OXITMAMOUNT`, `OXITMMULTIPLE`) VALUES('testdiscount4', 'oxbaseshop', 0, '0000-00-00 00:00:00', '0000-00-00 00:00:00', '4 EN test discount šųößлы', '4 DE test discount šųößлы', '', '', 0, 0, 0, 0, 'abs', 0, '', 0, 0);
INSERT INTO `oxdiscount` (`OXID`, `OXSHOPID`, `OXACTIVE`, `OXACTIVEFROM`, `OXACTIVETO`, `OXTITLE`, `OXTITLE_1`, `OXTITLE_2`, `OXTITLE_3`, `OXAMOUNT`, `OXAMOUNTTO`, `OXPRICETO`, `OXPRICE`, `OXADDSUMTYPE`, `OXADDSUM`, `OXITMARTID`, `OXITMAMOUNT`, `OXITMMULTIPLE`) VALUES('testdiscount3', 'oxbaseshop', 0, '0000-00-00 00:00:00', '0000-00-00 00:00:00', '2 EN test discount šųößлы', '3 DE test discount šųößлы', '', '', 0, 0, 0, 0, 'abs', 0, '', 0, 0);
INSERT INTO `oxdiscount` (`OXID`, `OXSHOPID`, `OXACTIVE`, `OXACTIVEFROM`, `OXACTIVETO`, `OXTITLE`, `OXTITLE_1`, `OXTITLE_2`, `OXTITLE_3`, `OXAMOUNT`, `OXAMOUNTTO`, `OXPRICETO`, `OXPRICE`, `OXADDSUMTYPE`, `OXADDSUM`, `OXITMARTID`, `OXITMAMOUNT`, `OXITMMULTIPLE`) VALUES('testdiscount1', 'oxbaseshop', 1, '0000-00-00 00:00:00', '0000-00-00 00:00:00', '[last] EN test discount šųößлы', '1 DE test discount šųößлы', '', '', 0, 999999, 999999, 0, 'abs', 5, '', 0, 0);
INSERT INTO `oxdiscount` (`OXID`, `OXSHOPID`, `OXACTIVE`, `OXACTIVEFROM`, `OXACTIVETO`, `OXTITLE`, `OXTITLE_1`, `OXTITLE_2`, `OXTITLE_3`, `OXAMOUNT`, `OXAMOUNTTO`, `OXPRICETO`, `OXPRICE`, `OXADDSUMTYPE`, `OXADDSUM`, `OXITMARTID`, `OXITMAMOUNT`, `OXITMMULTIPLE`) VALUES('testdiscount2', 'oxbaseshop', 0, '0000-00-00 00:00:00', '0000-00-00 00:00:00', '3 EN test discount šųößлы', '2 DE test discount šųößлы', '', '', 0, 0, 0, 0, 'abs', 0, '', 0, 0);
INSERT INTO `oxdiscount` (`OXID`, `OXSHOPID`, `OXACTIVE`, `OXACTIVEFROM`, `OXACTIVETO`, `OXTITLE`, `OXTITLE_1`, `OXTITLE_2`, `OXTITLE_3`, `OXAMOUNT`, `OXAMOUNTTO`, `OXPRICETO`, `OXPRICE`, `OXADDSUMTYPE`, `OXADDSUM`, `OXITMARTID`, `OXITMAMOUNT`, `OXITMMULTIPLE`) VALUES('testdiscount5', 'oxbaseshop', 0, '0000-00-00 00:00:00', '0000-00-00 00:00:00', '1 EN test discount šųößлы', '[last] DE test discount šųößлы', '', '', 0, 0, 0, 0, 'abs', 0, '', 0, 0);

INSERT INTO `oxgbentries` (`OXID`, `OXSHOPID`, `OXUSERID`, `OXCONTENT`, `OXCREATE`, `OXACTIVE`, `OXVIEWED`) VALUES('testguestbook1', 'oxbaseshop', 'testuser', 'Demo guestbook entry [EN] šųößлы', '2008-01-01 00:00:01', 1, 1);
INSERT INTO `oxgbentries` (`OXID`, `OXSHOPID`, `OXUSERID`, `OXCONTENT`, `OXCREATE`, `OXACTIVE`, `OXVIEWED`) VALUES('testguestbook2', 'oxbaseshop', 'oxdefaultadmin', 'Demo guestbook entry [DE] šųößлы', '2008-01-02 00:00:01', 1, 1);

INSERT INTO `oxgroups` (`OXID`, `OXACTIVE`, `OXTITLE`, `OXTITLE_1`) VALUES('testgroup1', 0, '1 user Group šųößлы',      '1 user Group šųößлы');
INSERT INTO `oxgroups` (`OXID`, `OXACTIVE`, `OXTITLE`, `OXTITLE_1`) VALUES('testgroup2', 0, '2 user Group šųößлы',      '2 user Group šųößлы');
INSERT INTO `oxgroups` (`OXID`, `OXACTIVE`, `OXTITLE`, `OXTITLE_1`) VALUES('testgroup3', 0, '3 user Group šųößлы',      '3 user Group šųößлы');
INSERT INTO `oxgroups` (`OXID`, `OXACTIVE`, `OXTITLE`, `OXTITLE_1`) VALUES('testgroup4', 0, 'Z user Group šųößлы',      'Z user Group šųößлы');
INSERT INTO `oxgroups` (`OXID`, `OXACTIVE`, `OXTITLE`, `OXTITLE_1`) VALUES('testgroup5', 0, '[last] user Group šųößлы', '[last] user Group šųößлы');

INSERT INTO `oxlinks` (`OXID`, `OXSHOPID`, `OXACTIVE`, `OXURL`, `OXURLDESC`, `OXURLDESC_1`, `OXURLDESC_2`, `OXURLDESC_3`, `OXINSERT`) VALUES('testlink', 'oxbaseshop', 1, 'http://www.google.com', 'Demo link description [EN] šųößлы', 'Demo link description [DE] šųößлы', '', '', '2008-01-01 00:00:01');
INSERT INTO `oxlinks` (`OXID`, `OXSHOPID`, `OXACTIVE`, `OXURL`, `OXURLDESC`, `OXURLDESC_1`, `OXURLDESC_2`, `OXURLDESC_3`, `OXINSERT`) VALUES('testlink1', 'oxbaseshop', 0, 'http://www.1google.com', '4 [EN] link description šųößлы', '1 [DE] link description šųößлы', '', '', '2008-01-01 00:00:04');
INSERT INTO `oxlinks` (`OXID`, `OXSHOPID`, `OXACTIVE`, `OXURL`, `OXURLDESC`, `OXURLDESC_1`, `OXURLDESC_2`, `OXURLDESC_3`, `OXINSERT`) VALUES('testlink2', 'oxbaseshop', 0, 'http://www.2google.com', '5 [EN] link description šųößлы', '2 [DE] link description šųößлы', '', '', '2008-02-01 00:00:01');
INSERT INTO `oxlinks` (`OXID`, `OXSHOPID`, `OXACTIVE`, `OXURL`, `OXURLDESC`, `OXURLDESC_1`, `OXURLDESC_2`, `OXURLDESC_3`, `OXINSERT`) VALUES('testlink3', 'oxbaseshop', 0, 'http://www.3google.com', '6 [EN] link description šųößлы', '3 [DE] link description šųößлы', '', '', '2004-01-01 00:00:02');
INSERT INTO `oxlinks` (`OXID`, `OXSHOPID`, `OXACTIVE`, `OXURL`, `OXURLDESC`, `OXURLDESC_1`, `OXURLDESC_2`, `OXURLDESC_3`, `OXINSERT`) VALUES('testlink4', 'oxbaseshop', 0, 'http://www.4google.com', '7 [EN] link description šųößлы', '4 [DE] link description šųößлы', '', '', '2007-12-10 00:00:01');
INSERT INTO `oxlinks` (`OXID`, `OXSHOPID`, `OXACTIVE`, `OXURL`, `OXURLDESC`, `OXURLDESC_1`, `OXURLDESC_2`, `OXURLDESC_3`, `OXINSERT`) VALUES('testlink5', 'oxbaseshop', 0, 'http://www.5google.com', '8 [EN] link description šųößлы', '5 [DE] link description šųößлы', '', '', '2008-01-01 00:00:02');
INSERT INTO `oxlinks` (`OXID`, `OXSHOPID`, `OXACTIVE`, `OXURL`, `OXURLDESC`, `OXURLDESC_1`, `OXURLDESC_2`, `OXURLDESC_3`, `OXINSERT`) VALUES('testlink6', 'oxbaseshop', 0, 'http://www.6google.com', '[last] [EN] link description šųößлы', '6 [DE] link description šųößлы', '', '', '2008-02-13 00:00:01');
INSERT INTO `oxlinks` (`OXID`, `OXSHOPID`, `OXACTIVE`, `OXURL`, `OXURLDESC`, `OXURLDESC_1`, `OXURLDESC_2`, `OXURLDESC_3`, `OXINSERT`) VALUES('testlink7', 'oxbaseshop', 0, 'http://www.zzzgoogle.com', '1 [EN] link description šųößлы', '7 [DE] link description šųößлы', '', '', '2008-01-17 00:00:01');
INSERT INTO `oxlinks` (`OXID`, `OXSHOPID`, `OXACTIVE`, `OXURL`, `OXURLDESC`, `OXURLDESC_1`, `OXURLDESC_2`, `OXURLDESC_3`, `OXINSERT`) VALUES('testlink8', 'oxbaseshop', 0, 'http://www.zzgoogle.com', '2 [EN] link description šųößлы', '8 [DE] link description šųößлы', '', '', '2008-03-01 00:00:01');
INSERT INTO `oxlinks` (`OXID`, `OXSHOPID`, `OXACTIVE`, `OXURL`, `OXURLDESC`, `OXURLDESC_1`, `OXURLDESC_2`, `OXURLDESC_3`, `OXINSERT`) VALUES('testlink9', 'oxbaseshop', 0, 'http://www.zgoogle.com', '3 [EN] link description šųößлы', '[last] [DE] link description šųößлы', '', '', '2008-01-01 00:00:03');

INSERT INTO `oxmanufacturers` (`OXID`, `OXSHOPID`, `OXACTIVE`, `OXICON`, `OXTITLE`, `OXSHORTDESC`, `OXTITLE_1`, `OXSHORTDESC_1`, `OXTITLE_2`, `OXSHORTDESC_2`, `OXTITLE_3`, `OXSHORTDESC_3`, `OXSHOWSUFFIX`) VALUES('testmanufacturer', 'oxbaseshop', 1, '', 'Manufacturer [EN] šųößлы', 'Manufacturer description [EN] šųößлы', 'Manufacturer [DE] šųößлы', 'Manufacturer description [DE]', '', '', '', '', 1);
INSERT INTO `oxmanufacturers` (`OXID`, `OXSHOPID`, `OXACTIVE`, `OXICON`, `OXTITLE`, `OXSHORTDESC`, `OXTITLE_1`, `OXSHORTDESC_1`, `OXTITLE_2`, `OXSHORTDESC_2`, `OXTITLE_3`, `OXSHORTDESC_3`, `OXSHOWSUFFIX`) VALUES('testmanufacturer1', 'oxbaseshop', 0, '', '[last] EN manufacturer šųößлы', '1 EN manufacturer description šųößлы', '1 DE manufacturer šųößлы', '[last] DE manufacturer description', '', '', '', '', 1);
INSERT INTO `oxmanufacturers` (`OXID`, `OXSHOPID`, `OXACTIVE`, `OXICON`, `OXTITLE`, `OXSHORTDESC`, `OXTITLE_1`, `OXSHORTDESC_1`, `OXTITLE_2`, `OXSHORTDESC_2`, `OXTITLE_3`, `OXSHORTDESC_3`, `OXSHOWSUFFIX`) VALUES('testmanufacturer2', 'oxbaseshop', 0, '', '4 EN manufacturer šųößлы', '2 EN manufacturer description šųößлы', '2 DE manufacturer šųößлы', '4 DE manufacturer description', '', '', '', '', 1);
INSERT INTO `oxmanufacturers` (`OXID`, `OXSHOPID`, `OXACTIVE`, `OXICON`, `OXTITLE`, `OXSHORTDESC`, `OXTITLE_1`, `OXSHORTDESC_1`, `OXTITLE_2`, `OXSHORTDESC_2`, `OXTITLE_3`, `OXSHORTDESC_3`, `OXSHOWSUFFIX`) VALUES('testmanufacturer4', 'oxbaseshop', 0, '', '2 EN manufacturer šųößлы', '4 EN manufacturer description šųößлы', '4 DE manufacturer šųößлы', '2 DE manufacturer description', '', '', '', '', 1);
INSERT INTO `oxmanufacturers` (`OXID`, `OXSHOPID`, `OXACTIVE`, `OXICON`, `OXTITLE`, `OXSHORTDESC`, `OXTITLE_1`, `OXSHORTDESC_1`, `OXTITLE_2`, `OXSHORTDESC_2`, `OXTITLE_3`, `OXSHORTDESC_3`, `OXSHOWSUFFIX`) VALUES('testmanufacturer5', 'oxbaseshop', 0, '', '7 EN manufacturer šųößлы', '5 EN manufacturer description šųößлы', '5 DE manufacturer šųößлы', '7 DE manufacturer description', '', '', '', '', 1);
INSERT INTO `oxmanufacturers` (`OXID`, `OXSHOPID`, `OXACTIVE`, `OXICON`, `OXTITLE`, `OXSHORTDESC`, `OXTITLE_1`, `OXSHORTDESC_1`, `OXTITLE_2`, `OXSHORTDESC_2`, `OXTITLE_3`, `OXSHORTDESC_3`, `OXSHOWSUFFIX`) VALUES('testmanufacturer6', 'oxbaseshop', 0, '', '6 EN manufacturer šųößлы', '6 EN manufacturer description šųößлы', '6 DE manufacturer šųößлы', '6 DE manufacturer description', '', '', '', '', 1);
INSERT INTO `oxmanufacturers` (`OXID`, `OXSHOPID`, `OXACTIVE`, `OXICON`, `OXTITLE`, `OXSHORTDESC`, `OXTITLE_1`, `OXSHORTDESC_1`, `OXTITLE_2`, `OXSHORTDESC_2`, `OXTITLE_3`, `OXSHORTDESC_3`, `OXSHOWSUFFIX`) VALUES('testmanufacturer7', 'oxbaseshop', 0, '', '3 EN manufacturer šųößлы', '7 EN manufacturer description šųößлы', '7 DE manufacturer šųößлы', '3 DE manufacturer description', '', '', '', '', 1);
INSERT INTO `oxmanufacturers` (`OXID`, `OXSHOPID`, `OXACTIVE`, `OXICON`, `OXTITLE`, `OXSHORTDESC`, `OXTITLE_1`, `OXSHORTDESC_1`, `OXTITLE_2`, `OXSHORTDESC_2`, `OXTITLE_3`, `OXSHORTDESC_3`, `OXSHOWSUFFIX`) VALUES('testmanufacturer8', 'oxbaseshop', 0, '', '1 EN manufacturer šųößлы', '[last] EN manufacturer description šųößлы', '[last] DE manufacturer šųößлы', '1 DE manufacturer description', '', '', '', '', 1);
INSERT INTO `oxmanufacturers` (`OXID`, `OXSHOPID`, `OXACTIVE`, `OXICON`, `OXTITLE`, `OXSHORTDESC`, `OXTITLE_1`, `OXSHORTDESC_1`, `OXTITLE_2`, `OXSHORTDESC_2`, `OXTITLE_3`, `OXSHORTDESC_3`, `OXSHOWSUFFIX`) VALUES('testmanufacturer3', 'oxbaseshop', 0, '', '5 EN manufacturer šųößлы', '3 EN manufacturer description šųößлы', '3 DE manufacturer šųößлы', '5 DE manufacturer description', '', '', '', '', 1);

INSERT INTO `oxnews` (`OXID`, `OXSHOPID`, `OXACTIVE`, `OXACTIVEFROM`, `OXACTIVETO`, `OXDATE`, `OXSHORTDESC`, `OXLONGDESC`, `OXACTIVE_1`, `OXSHORTDESC_1`, `OXLONGDESC_1`, `OXACTIVE_2`, `OXSHORTDESC_2`, `OXLONGDESC_2`, `OXACTIVE_3`, `OXSHORTDESC_3`, `OXLONGDESC_3`) VALUES('testnews1', 'oxbaseshop', 1, '0000-00-00 00:00:00', '0000-00-00 00:00:00', '2008-01-01', 'Test news 1 [EN] šųößлы', '<p>Test news text 1 [EN] šųößлы</p>', 1, 'Test news 1 [DE] šųößлы', '<p>Test news text 1 [DE]</p>', 0, '', '', 0, '', '');
INSERT INTO `oxnews` (`OXID`, `OXSHOPID`, `OXACTIVE`, `OXACTIVEFROM`, `OXACTIVETO`, `OXDATE`, `OXSHORTDESC`, `OXLONGDESC`, `OXACTIVE_1`, `OXSHORTDESC_1`, `OXLONGDESC_1`, `OXACTIVE_2`, `OXSHORTDESC_2`, `OXLONGDESC_2`, `OXACTIVE_3`, `OXSHORTDESC_3`, `OXLONGDESC_3`) VALUES('testnews2', 'oxbaseshop', 1, '0000-00-00 00:00:00', '0000-00-00 00:00:00', '2008-01-02', 'Test news 2 [EN] šųößлы', '<p>Test news text 2 [EN] šųößлы</p>', 1, 'Test news 2 [DE] šųößлы', '<p>Test news text 2 [DE]</p>', 0, '', '', 0, '', '');
INSERT INTO `oxnews` (`OXID`, `OXSHOPID`, `OXACTIVE`, `OXACTIVEFROM`, `OXACTIVETO`, `OXDATE`, `OXSHORTDESC`, `OXLONGDESC`, `OXACTIVE_1`, `OXSHORTDESC_1`, `OXLONGDESC_1`, `OXACTIVE_2`, `OXSHORTDESC_2`, `OXLONGDESC_2`, `OXACTIVE_3`, `OXSHORTDESC_3`, `OXLONGDESC_3`) VALUES('testnews3', 'oxbaseshop', 0, '0000-00-00 00:00:00', '0000-00-00 00:00:00', '2007-11-02', '[last] [EN] Test news šųößлы', '<p>Test news text</p>', 0, '1 [DE] Test news šųößлы', '<p>Test news text</p>', 0, '', '', 0, '', '');
INSERT INTO `oxnews` (`OXID`, `OXSHOPID`, `OXACTIVE`, `OXACTIVEFROM`, `OXACTIVETO`, `OXDATE`, `OXSHORTDESC`, `OXLONGDESC`, `OXACTIVE_1`, `OXSHORTDESC_1`, `OXLONGDESC_1`, `OXACTIVE_2`, `OXSHORTDESC_2`, `OXLONGDESC_2`, `OXACTIVE_3`, `OXSHORTDESC_3`, `OXLONGDESC_3`) VALUES('testnews4', 'oxbaseshop', 0, '0000-00-00 00:00:00', '0000-00-00 00:00:00', '2008-01-05', '8 [EN] Test news šųößлы', '<p>Test news text</p>', 0, '2 [DE] Test news šųößлы', '<p>Test news text</p>', 0, '', '', 0, '', '');
INSERT INTO `oxnews` (`OXID`, `OXSHOPID`, `OXACTIVE`, `OXACTIVEFROM`, `OXACTIVETO`, `OXDATE`, `OXSHORTDESC`, `OXLONGDESC`, `OXACTIVE_1`, `OXSHORTDESC_1`, `OXLONGDESC_1`, `OXACTIVE_2`, `OXSHORTDESC_2`, `OXLONGDESC_2`, `OXACTIVE_3`, `OXSHORTDESC_3`, `OXLONGDESC_3`) VALUES('testnews5', 'oxbaseshop', 0, '0000-00-00 00:00:00', '0000-00-00 00:00:00', '2007-12-02', '1 [EN] Test news šųößлы', '<p>Test news text</p>', 0, '3 [DE] Test news šųößлы', '<p>Test news text</p>', 0, '', '', 0, '', '');
INSERT INTO `oxnews` (`OXID`, `OXSHOPID`, `OXACTIVE`, `OXACTIVEFROM`, `OXACTIVETO`, `OXDATE`, `OXSHORTDESC`, `OXLONGDESC`, `OXACTIVE_1`, `OXSHORTDESC_1`, `OXLONGDESC_1`, `OXACTIVE_2`, `OXSHORTDESC_2`, `OXLONGDESC_2`, `OXACTIVE_3`, `OXSHORTDESC_3`, `OXLONGDESC_3`) VALUES('testnews6', 'oxbaseshop', 0, '0000-00-00 00:00:00', '0000-00-00 00:00:00', '2008-01-02', '2 [EN] Test news šųößлы', '<p>Test news text</p>', 0, '4 [DE] Test news šųößлы', '<p>Test news text</p>', 0, '', '', 0, '', '');
INSERT INTO `oxnews` (`OXID`, `OXSHOPID`, `OXACTIVE`, `OXACTIVEFROM`, `OXACTIVETO`, `OXDATE`, `OXSHORTDESC`, `OXLONGDESC`, `OXACTIVE_1`, `OXSHORTDESC_1`, `OXLONGDESC_1`, `OXACTIVE_2`, `OXSHORTDESC_2`, `OXLONGDESC_2`, `OXACTIVE_3`, `OXSHORTDESC_3`, `OXLONGDESC_3`) VALUES('testnews7', 'oxbaseshop', 0, '0000-00-00 00:00:00', '0000-00-00 00:00:00', '2007-12-20', '3 [EN] Test news šųößлы', '<p>Test news text</p>', 0, '5 [DE] Test news šųößлы', '<p>Test news text</p>', 0, '', '', 0, '', '');
INSERT INTO `oxnews` (`OXID`, `OXSHOPID`, `OXACTIVE`, `OXACTIVEFROM`, `OXACTIVETO`, `OXDATE`, `OXSHORTDESC`, `OXLONGDESC`, `OXACTIVE_1`, `OXSHORTDESC_1`, `OXLONGDESC_1`, `OXACTIVE_2`, `OXSHORTDESC_2`, `OXLONGDESC_2`, `OXACTIVE_3`, `OXSHORTDESC_3`, `OXLONGDESC_3`) VALUES('testnews8', 'oxbaseshop', 0, '0000-00-00 00:00:00', '0000-00-00 00:00:00', '2008-02-03', '4 [EN] Test news šųößлы', '<p>Test news text</p>', 0, '6 [DE] Test news šųößлы', '<p>Test news text</p>', 0, '', '', 0, '', '');
INSERT INTO `oxnews` (`OXID`, `OXSHOPID`, `OXACTIVE`, `OXACTIVEFROM`, `OXACTIVETO`, `OXDATE`, `OXSHORTDESC`, `OXLONGDESC`, `OXACTIVE_1`, `OXSHORTDESC_1`, `OXLONGDESC_1`, `OXACTIVE_2`, `OXSHORTDESC_2`, `OXLONGDESC_2`, `OXACTIVE_3`, `OXSHORTDESC_3`, `OXLONGDESC_3`) VALUES('testnews9', 'oxbaseshop', 0, '0000-00-00 00:00:00', '0000-00-00 00:00:00', '2008-02-02', '5 [EN] Test news šųößлы', '<p>Test news text</p>', 0, '7 [DE] Test news šųößлы', '<p>Test news text</p>', 0, '', '', 0, '', '');
INSERT INTO `oxnews` (`OXID`, `OXSHOPID`, `OXACTIVE`, `OXACTIVEFROM`, `OXACTIVETO`, `OXDATE`, `OXSHORTDESC`, `OXLONGDESC`, `OXACTIVE_1`, `OXSHORTDESC_1`, `OXLONGDESC_1`, `OXACTIVE_2`, `OXSHORTDESC_2`, `OXLONGDESC_2`, `OXACTIVE_3`, `OXSHORTDESC_3`, `OXLONGDESC_3`) VALUES('testnews10', 'oxbaseshop', 0, '0000-00-00 00:00:00', '0000-00-00 00:00:00', '2008-01-17', '6 [EN] Test news šųößлы', '<p>Test news text</p>', 0, '8 [DE] Test news šųößлы', '<p>Test news text</p>', 0, '', '', 0, '', '');
INSERT INTO `oxnews` (`OXID`, `OXSHOPID`, `OXACTIVE`, `OXACTIVEFROM`, `OXACTIVETO`, `OXDATE`, `OXSHORTDESC`, `OXLONGDESC`, `OXACTIVE_1`, `OXSHORTDESC_1`, `OXLONGDESC_1`, `OXACTIVE_2`, `OXSHORTDESC_2`, `OXLONGDESC_2`, `OXACTIVE_3`, `OXSHORTDESC_3`, `OXLONGDESC_3`) VALUES('testnews11', 'oxbaseshop', 0, '0000-00-00 00:00:00', '0000-00-00 00:00:00', '2008-02-12', '7 [EN] Test news šųößлы', '<p>Test news text</p>', 0, '[last] [DE] Test news šųößлы', '<p>Test news text</p>', 0, '', '', 0, '', '');

INSERT INTO `oxnewsletter` (`OXID`, `OXSHOPID`, `OXTITLE`, `OXTEMPLATE`, `OXPLAINTEMPLATE`) VALUES('testnewsletter1', 'oxbaseshop', '2 Test Newsletter šųößлы', '', '');
INSERT INTO `oxnewsletter` (`OXID`, `OXSHOPID`, `OXTITLE`, `OXTEMPLATE`, `OXPLAINTEMPLATE`) VALUES('testnewsletter2', 'oxbaseshop', '5 Test Newsletter šųößлы', '', '');
INSERT INTO `oxnewsletter` (`OXID`, `OXSHOPID`, `OXTITLE`, `OXTEMPLATE`, `OXPLAINTEMPLATE`) VALUES('testnewsletter3', 'oxbaseshop', '[last] Test Newsletter šųößлы', '', '');
INSERT INTO `oxnewsletter` (`OXID`, `OXSHOPID`, `OXTITLE`, `OXTEMPLATE`, `OXPLAINTEMPLATE`) VALUES('testnewsletter4', 'oxbaseshop', '1 Test Newsletter šųößлы', '', '');
INSERT INTO `oxnewsletter` (`OXID`, `OXSHOPID`, `OXTITLE`, `OXTEMPLATE`, `OXPLAINTEMPLATE`) VALUES('testnewsletter5', 'oxbaseshop', '9 Test Newsletter šųößлы', '', '');
INSERT INTO `oxnewsletter` (`OXID`, `OXSHOPID`, `OXTITLE`, `OXTEMPLATE`, `OXPLAINTEMPLATE`) VALUES('testnewsletter6', 'oxbaseshop', '4 Test Newsletter šųößлы', '', '');
INSERT INTO `oxnewsletter` (`OXID`, `OXSHOPID`, `OXTITLE`, `OXTEMPLATE`, `OXPLAINTEMPLATE`) VALUES('testnewsletter7', 'oxbaseshop', '8 Test Newsletter šųößлы', '', '');
INSERT INTO `oxnewsletter` (`OXID`, `OXSHOPID`, `OXTITLE`, `OXTEMPLATE`, `OXPLAINTEMPLATE`) VALUES('testnewsletter8', 'oxbaseshop', '3 Test Newsletter šųößлы', '', '');
INSERT INTO `oxnewsletter` (`OXID`, `OXSHOPID`, `OXTITLE`, `OXTEMPLATE`, `OXPLAINTEMPLATE`) VALUES('testnewsletter9', 'oxbaseshop', '6 Test Newsletter šųößлы', '', '');
INSERT INTO `oxnewsletter` (`OXID`, `OXSHOPID`, `OXTITLE`, `OXTEMPLATE`, `OXPLAINTEMPLATE`) VALUES('testnewsletter10', 'oxbaseshop', '7 Test Newsletter šųößлы', '', '');

INSERT INTO `oxnewssubscribed` (`OXID`, `OXUSERID`, `OXSAL`, `OXFNAME`, `OXLNAME`, `OXEMAIL`, `OXDBOPTIN`, `OXEMAILFAILED`, `OXSUBSCRIBED`, `OXUNSUBSCRIBED`) VALUES('aad47a859fa2fd5d2.73169490', 'testuser', 'Mr', 'UserName', 'UserSurname', 'birute_test@nfq.lt', 0, 0, '2008-02-05 14:43:38', '0000-00-00 00:00:00');
INSERT INTO `oxnewssubscribed` (`OXID`, `OXUSERID`, `OXSAL`, `OXFNAME`, `OXLNAME`, `OXEMAIL`, `OXDBOPTIN`, `OXEMAILFAILED`, `OXSUBSCRIBED`, `OXUNSUBSCRIBED`) VALUES('aad47a85b24b7fbc4.83843468', 'testusera', 'Mrs', 'UserAName', 'UserASurname', 'birute0a@nfq.lt', 0, 0, '2008-02-05 14:48:36', '0000-00-00 00:00:00');
INSERT INTO `oxnewssubscribed` (`OXID`, `OXUSERID`, `OXSAL`, `OXFNAME`, `OXLNAME`, `OXEMAIL`, `OXDBOPTIN`, `OXEMAILFAILED`, `OXSUBSCRIBED`, `OXUNSUBSCRIBED`) VALUES('aad47a862e176ec58.80688736', 'testuserb', 'Mr', 'UserBName', 'UserBSurname', 'birute0b@nfq.lt', 0, 0, '2008-02-05 15:21:37', '0000-00-00 00:00:00');
INSERT INTO `oxnewssubscribed` (`OXID`, `OXUSERID`, `OXSAL`, `OXFNAME`, `OXLNAME`, `OXEMAIL`, `OXDBOPTIN`, `OXEMAILFAILED`, `OXSUBSCRIBED`, `OXUNSUBSCRIBED`) VALUES('aad47a86412506061.78359483', 'testuserc', 'Mrs', 'UserCName', 'UserCSurname', 'birute0c@nfq.lt', 0, 0, '2008-02-05 15:26:42', '0000-00-00 00:00:00');

INSERT INTO `oxobject2article` (`OXID`, `OXOBJECTID`, `OXARTICLENID`, `OXSORT`) VALUES('e2647c561fa38ba79.72969512', '1003', '1000', 0);

INSERT INTO `oxobject2attribute` (`OXID`, `OXOBJECTID`, `OXATTRID`, `OXVALUE`, `OXPOS`, `OXVALUE_1`, `OXVALUE_2`, `OXVALUE_3`) VALUES('aad47a8511f54e023.54090494', '1000', 'testattribute1', 'attr value 1 [EN] šųößлы', 0, 'attr value 1 [DE]', '', '');
INSERT INTO `oxobject2attribute` (`OXID`, `OXOBJECTID`, `OXATTRID`, `OXVALUE`, `OXPOS`, `OXVALUE_1`, `OXVALUE_2`, `OXVALUE_3`) VALUES('aad47a8511f556f17.20889862', '1001', 'testattribute1', 'attr value 11 [EN] šųößлы', 0, 'attr value 11 [DE]', '', '');
INSERT INTO `oxobject2attribute` (`OXID`, `OXOBJECTID`, `OXATTRID`, `OXVALUE`, `OXPOS`, `OXVALUE_1`, `OXVALUE_2`, `OXVALUE_3`) VALUES('aad47a85125a41ed7.53096100', '1000', 'testattribute2', 'attr value 2 [EN] šųößлы', 0, 'attr value 2 [DE]', '', '');
INSERT INTO `oxobject2attribute` (`OXID`, `OXOBJECTID`, `OXATTRID`, `OXVALUE`, `OXPOS`, `OXVALUE_1`, `OXVALUE_2`, `OXVALUE_3`) VALUES('aad47a85125a4aa05.37412863', '1001', 'testattribute2', 'attr value 12 [EN] šųößлы', 0, 'attr value 12 [DE]', '', '');
INSERT INTO `oxobject2attribute` (`OXID`, `OXOBJECTID`, `OXATTRID`, `OXVALUE`, `OXPOS`, `OXVALUE_1`, `OXVALUE_2`, `OXVALUE_3`) VALUES('aad47a8512d783995.31168870', '1000', 'testattribute3', 'attr value 3 [EN] šųößлы', 0, 'attr value 3 [DE]', '', '');
INSERT INTO `oxobject2attribute` (`OXID`, `OXOBJECTID`, `OXATTRID`, `OXVALUE`, `OXPOS`, `OXVALUE_1`, `OXVALUE_2`, `OXVALUE_3`) VALUES('aad47a8512d78c354.06494034', '1001', 'testattribute3', 'attr value 3 [EN] šųößлы', 0, 'attr value 3 [DE]', '', '');

INSERT INTO `oxobject2category` (`OXID`, `OXOBJECTID`, `OXCATNID`, `OXPOS`, `OXTIME`) VALUES('6f047a71f53e3b6c2.93342239', '1000', 'testcategory0', 0, 1202134867);
INSERT INTO `oxobject2category` (`OXID`, `OXOBJECTID`, `OXCATNID`, `OXPOS`, `OXTIME`) VALUES('6f047a727222a8779.49668732', '1001', 'testcategory0', 0, 1202136866);
INSERT INTO `oxobject2category` (`OXID`, `OXOBJECTID`, `OXCATNID`, `OXPOS`, `OXTIME`) VALUES('fa647a8289f289701.98087425', '1003', 'testcategory1', 0, 1202202783);
INSERT INTO `oxobject2category` (`OXID`, `OXOBJECTID`, `OXCATNID`, `OXPOS`, `OXTIME`) VALUES('fa647a8289f27d717.39544758', '1002', 'testcategory1', 0, 1202202783);

INSERT INTO `oxobject2delivery` (`OXID`, `OXDELIVERYID`, `OXOBJECTID`, `OXTYPE`) VALUES('aad47a8495555ed87.12642087', 'testdel', 'a7c40f631fc920687.20179984', 'oxcountry');
INSERT INTO `oxobject2delivery` (`OXID`, `OXDELIVERYID`, `OXOBJECTID`, `OXTYPE`) VALUES('aad47a84a1001a5e9.75786355', 'testdel', 'testcategory1', 'oxcategories');
INSERT INTO `oxobject2delivery` (`OXID`, `OXDELIVERYID`, `OXOBJECTID`, `OXTYPE`) VALUES('aad47a84ac9134f27.15315975', 'testdelart', '1001', 'oxarticles');
INSERT INTO `oxobject2delivery` (`OXID`, `OXDELIVERYID`, `OXOBJECTID`, `OXTYPE`) VALUES('aad47a84b027f44c2.52893233', 'testdelset', 'a7c40f631fc920687.20179984', 'oxdelset');

INSERT INTO `oxobject2discount` (`OXID`, `OXDISCOUNTID`, `OXOBJECTID`, `OXTYPE`) VALUES('fa647a823ce118996.58546955', 'testcatdiscount', 'a7c40f631fc920687.20179984', 'oxcountry');
INSERT INTO `oxobject2discount` (`OXID`, `OXDISCOUNTID`, `OXOBJECTID`, `OXTYPE`) VALUES('fa647a823d5079104.99115703', 'testcatdiscount', 'testcategory0', 'oxcategories');
INSERT INTO `oxobject2discount` (`OXID`, `OXDISCOUNTID`, `OXOBJECTID`, `OXTYPE`) VALUES('fa647a825889edd04.54821317', 'testartdiscount', 'a7c40f631fc920687.20179984', 'oxcountry');
INSERT INTO `oxobject2discount` (`OXID`, `OXDISCOUNTID`, `OXOBJECTID`, `OXTYPE`) VALUES('fa647a825889f47a5.25840152', 'testartdiscount', 'a7c40f6321c6f6109.43859248', 'oxcountry');
INSERT INTO `oxobject2discount` (`OXID`, `OXDISCOUNTID`, `OXOBJECTID`, `OXTYPE`) VALUES('fa647a825b4bfe8d8.63031920', 'testartdiscount', '1003', 'oxarticles');
INSERT INTO `oxobject2discount` (`OXID`, `OXDISCOUNTID`, `OXOBJECTID`, `OXTYPE`) VALUES('fa647a825bc525754.62252573', 'testartdiscount', '1002', 'oxarticles');
INSERT INTO `oxobject2discount` (`OXID`, `OXDISCOUNTID`, `OXOBJECTID`, `OXTYPE`) VALUES('b0047c42fb0a02a65.13519853', 'testitmdiscount', 'a7c40f631fc920687.20179984', 'oxcountry');
INSERT INTO `oxobject2discount` (`OXID`, `OXDISCOUNTID`, `OXOBJECTID`, `OXTYPE`) VALUES('b0047c42fc71aa294.67674839', 'testitmdiscount', '1000', 'oxarticles');
INSERT INTO `oxobject2discount` (`OXID`, `OXDISCOUNTID`, `OXOBJECTID`, `OXTYPE`) VALUES('58cebc1b37ecc6bf240d3e19509eb47d', 'testdiscount1', '8a142c3e60a535f16.78077188', 'oxcategories');

INSERT INTO `oxobject2group` (`OXID`, `OXSHOPID`, `OXOBJECTID`, `OXGROUPSID`) VALUES('6f047a71c6bbe7f16.16184766', 'oxbaseshop', 'testpayment', 'oxidnewcustomer');
INSERT INTO `oxobject2group` (`OXID`, `OXSHOPID`, `OXOBJECTID`, `OXGROUPSID`) VALUES('aad47a85a83749c71.33568408', 'oxbaseshop', 'testuser', 'oxidnewcustomer');
INSERT INTO `oxobject2group` (`OXID`, `OXSHOPID`, `OXOBJECTID`, `OXGROUPSID`) VALUES('aad47a861da01a378.98461160', 'oxbaseshop', 'testusera', 'oxidnewcustomer');
INSERT INTO `oxobject2group` (`OXID`, `OXSHOPID`, `OXOBJECTID`, `OXGROUPSID`) VALUES('aad47a861da025017.57895315', 'oxbaseshop', 'testusera', 'oxidpricea');
INSERT INTO `oxobject2group` (`OXID`, `OXSHOPID`, `OXOBJECTID`, `OXGROUPSID`) VALUES('aad47a86343b2c222.48056509', 'oxbaseshop', 'testuserb', 'oxidnewcustomer');
INSERT INTO `oxobject2group` (`OXID`, `OXSHOPID`, `OXOBJECTID`, `OXGROUPSID`) VALUES('aad47a86343b36f87.26955455', 'oxbaseshop', 'testuserb', 'oxidpriceb');
INSERT INTO `oxobject2group` (`OXID`, `OXSHOPID`, `OXOBJECTID`, `OXGROUPSID`) VALUES('aad47a868601ed778.03775700', 'oxbaseshop', 'testuserc', 'oxidnewcustomer');
INSERT INTO `oxobject2group` (`OXID`, `OXSHOPID`, `OXOBJECTID`, `OXGROUPSID`) VALUES('aad47a868601f8420.26771882', 'oxbaseshop', 'testuserc', 'oxidpricec');
INSERT INTO `oxobject2group` (`OXID`, `OXSHOPID`, `OXOBJECTID`, `OXGROUPSID`) VALUES('aad47a869f4828b24.16206885', 'oxbaseshop', 'testnews1', 'oxidnewcustomer');
INSERT INTO `oxobject2group` (`OXID`, `OXSHOPID`, `OXOBJECTID`, `OXGROUPSID`) VALUES('aad47a86bb3afd568.93683720', 'oxbaseshop', 'testnews2', 'oxidnewcustomer');
INSERT INTO `oxobject2group` (`OXID`, `OXSHOPID`, `OXOBJECTID`, `OXGROUPSID`) VALUES('aad47a87240deb323.16605440', 'oxbaseshop', 'testcoupon2', 'oxidnewcustomer');
INSERT INTO `oxobject2group` (`OXID`, `OXSHOPID`, `OXOBJECTID`, `OXGROUPSID`) VALUES('aad47a872468a9285.09755579', 'oxbaseshop', 'testcoupon1', 'oxidnewcustomer');

INSERT INTO `oxobject2payment` (`OXID`, `OXPAYMENTID`, `OXOBJECTID`, `OXTYPE`) VALUES('fa647a82238638526.04996237', 'testpayment', 'a7c40f631fc920687.20179984', 'oxcountry');
INSERT INTO `oxobject2payment` (`OXID`, `OXPAYMENTID`, `OXOBJECTID`, `OXTYPE`) VALUES('aad47a84ae8d74c27.43568020', 'testpayment', 'testdelset', 'oxdelset');
INSERT INTO `oxobject2payment` (`OXID`, `OXPAYMENTID`, `OXOBJECTID`, `OXTYPE`) VALUES('aad47a84aec2fcea4.29746738', 'oxidcashondel', 'testdelset', 'oxdelset');
INSERT INTO `oxobject2payment` (`OXID`, `OXPAYMENTID`, `OXOBJECTID`, `OXTYPE`) VALUES('aad47a84afba84197.13924353', 'oxidcreditcard', 'testdelset', 'oxdelset');

INSERT INTO `oxobject2selectlist` (`OXID`, `OXOBJECTID`, `OXSELNID`, `OXSORT`) VALUES('aad47a85773148362.54224248', '1001', 'testsellist', 0);

INSERT INTO `oxorder` (`OXID`, `OXSHOPID`, `OXUSERID`, `OXORDERDATE`, `OXORDERNR`, `OXBILLCOMPANY`, `OXBILLEMAIL`, `OXBILLFNAME`, `OXBILLLNAME`, `OXBILLSTREET`, `OXBILLSTREETNR`, `OXBILLADDINFO`, `OXBILLUSTID`, `OXBILLCITY`, `OXBILLCOUNTRYID`, `OXBILLSTATEID`, `OXBILLZIP`, `OXBILLFON`, `OXBILLFAX`, `OXBILLSAL`, `OXDELCOMPANY`, `OXDELFNAME`, `OXDELLNAME`, `OXDELSTREET`, `OXDELSTREETNR`, `OXDELADDINFO`, `OXDELCITY`, `OXDELCOUNTRYID`, `OXDELSTATEID`, `OXDELZIP`, `OXDELFON`, `OXDELFAX`, `OXDELSAL`, `OXPAYMENTID`, `OXPAYMENTTYPE`, `OXTOTALNETSUM`, `OXTOTALBRUTSUM`, `OXTOTALORDERSUM`, `OXARTVAT1`, `OXARTVATPRICE1`, `OXARTVAT2`, `OXARTVATPRICE2`, `OXDELCOST`, `OXDELVAT`, `OXPAYCOST`, `OXPAYVAT`, `OXWRAPCOST`, `OXWRAPVAT`, `OXCARDID`, `OXCARDTEXT`, `OXDISCOUNT`, `OXEXPORT`, `OXBILLNR`, `OXTRACKCODE`, `OXSENDDATE`, `OXREMARK`, `OXVOUCHERDISCOUNT`, `OXCURRENCY`, `OXCURRATE`, `OXFOLDER`, `OXTRANSID`, `OXPAYID`, `OXXID`, `OXPAID`, `OXSTORNO`, `OXIP`, `OXTRANSSTATUS`, `OXLANG`, `OXINVOICENR`, `OXDELTYPE`) VALUES('testorder1', 'oxbaseshop', 'testuser6', '2008-04-21 15:02:54', 10, '', 'birute04@nfq.lt', '3userįÄк', '3UserSurnameįÄк', '6 Street', '1', '', '', '7 City', 'a7c40f6320aeb2ec2.72885259', '', '111000', '222222', '', 'Mr', '', '', '', '', '', '', '', '', '', '', '', '', '', 'oxuserpayments1', 'oxidcashondel', 16.806722689076, 20, 53.8, 0, 0, 0, 0, 12.9, 0, 20.9, 0, 0, 0, '', '', 0, 0, '', '', '0000-00-00 00:00:00', '', 0, 'EUR', 1, 'ORDERFOLDER_NEW', '', '', '', '0000-00-00 00:00:00', 0, '', 'OK', 0, 0, '1b842e732a23255b1.91207750');
INSERT INTO `oxorder` (`OXID`, `OXSHOPID`, `OXUSERID`, `OXORDERDATE`, `OXORDERNR`, `OXBILLCOMPANY`, `OXBILLEMAIL`, `OXBILLFNAME`, `OXBILLLNAME`, `OXBILLSTREET`, `OXBILLSTREETNR`, `OXBILLADDINFO`, `OXBILLUSTID`, `OXBILLCITY`, `OXBILLCOUNTRYID`, `OXBILLSTATEID`, `OXBILLZIP`, `OXBILLFON`, `OXBILLFAX`, `OXBILLSAL`, `OXDELCOMPANY`, `OXDELFNAME`, `OXDELLNAME`, `OXDELSTREET`, `OXDELSTREETNR`, `OXDELADDINFO`, `OXDELCITY`, `OXDELCOUNTRYID`, `OXDELSTATEID`, `OXDELZIP`, `OXDELFON`, `OXDELFAX`, `OXDELSAL`, `OXPAYMENTID`, `OXPAYMENTTYPE`, `OXTOTALNETSUM`, `OXTOTALBRUTSUM`, `OXTOTALORDERSUM`, `OXARTVAT1`, `OXARTVATPRICE1`, `OXARTVAT2`, `OXARTVATPRICE2`, `OXDELCOST`, `OXDELVAT`, `OXPAYCOST`, `OXPAYVAT`, `OXWRAPCOST`, `OXWRAPVAT`, `OXCARDID`, `OXCARDTEXT`, `OXDISCOUNT`, `OXEXPORT`, `OXBILLNR`, `OXTRACKCODE`, `OXSENDDATE`, `OXREMARK`, `OXVOUCHERDISCOUNT`, `OXCURRENCY`, `OXCURRATE`, `OXFOLDER`, `OXTRANSID`, `OXPAYID`, `OXXID`, `OXPAID`, `OXSTORNO`, `OXIP`, `OXTRANSSTATUS`, `OXLANG`, `OXINVOICENR`, `OXDELTYPE`) VALUES('testorder10', 'oxbaseshop', 'testuser6', '2008-04-21 15:02:12', 9, '', 'birute04@nfq.lt', '3userįÄк', '3UserSurnameįÄк', '6 Street', '1', '', '', '7 City', 'a7c40f6320aeb2ec2.72885259', '', '111000', '222222', '', 'Mr', '', '', '', '', '', '', '', '', '', '', '', '', '', 'oxuserpayments10', 'oxidinvoice', 1.5126050420168, 1.8, 14.7, 0, 0, 0, 0, 12.9, 0, 0, 0, 0, 0, '', '', 0, 0, '', '', '0000-00-00 00:00:00', '', 0, 'EUR', 1, 'ORDERFOLDER_NEW', '', '', '', '2008-04-21 15:08:11', 0, '', 'OK', 0, 0, '1b842e732a23255b1.91207750');
INSERT INTO `oxorder` (`OXID`, `OXSHOPID`, `OXUSERID`, `OXORDERDATE`, `OXORDERNR`, `OXBILLCOMPANY`, `OXBILLEMAIL`, `OXBILLFNAME`, `OXBILLLNAME`, `OXBILLSTREET`, `OXBILLSTREETNR`, `OXBILLADDINFO`, `OXBILLUSTID`, `OXBILLCITY`, `OXBILLCOUNTRYID`, `OXBILLSTATEID`, `OXBILLZIP`, `OXBILLFON`, `OXBILLFAX`, `OXBILLSAL`, `OXDELCOMPANY`, `OXDELFNAME`, `OXDELLNAME`, `OXDELSTREET`, `OXDELSTREETNR`, `OXDELADDINFO`, `OXDELCITY`, `OXDELCOUNTRYID`, `OXDELSTATEID`, `OXDELZIP`, `OXDELFON`, `OXDELFAX`, `OXDELSAL`, `OXPAYMENTID`, `OXPAYMENTTYPE`, `OXTOTALNETSUM`, `OXTOTALBRUTSUM`, `OXTOTALORDERSUM`, `OXARTVAT1`, `OXARTVATPRICE1`, `OXARTVAT2`, `OXARTVATPRICE2`, `OXDELCOST`, `OXDELVAT`, `OXPAYCOST`, `OXPAYVAT`, `OXWRAPCOST`, `OXWRAPVAT`, `OXCARDID`, `OXCARDTEXT`, `OXDISCOUNT`, `OXEXPORT`, `OXBILLNR`, `OXTRACKCODE`, `OXSENDDATE`, `OXREMARK`, `OXVOUCHERDISCOUNT`, `OXCURRENCY`, `OXCURRATE`, `OXFOLDER`, `OXTRANSID`, `OXPAYID`, `OXXID`, `OXPAID`, `OXSTORNO`, `OXIP`, `OXTRANSSTATUS`, `OXLANG`, `OXINVOICENR`, `OXDELTYPE`) VALUES('testorder11', 'oxbaseshop', 'testuser2', '2008-04-21 14:50:44', 3, '', 'birute03@nfq.lt', '2userįÄк', '2UserSurnameįÄк', '2 Street', '1', '', '', '3 City', 'a7c40f6320aeb2ec2.72885259', '', '444000', '555555', '', 'Mr', '', '', '', '', '', '', '', '', '', '', '', '', '', 'oxuserpayments11', 'oxidinvoice', 5.0420168067227, 6, 18.9, 0, 0, 0, 0, 12.9, 0, 0, 0, 0, 0, '', '', 0, 0, '', '', '0000-00-00 00:00:00', '', 0, 'EUR', 1, 'ORDERFOLDER_FINISHED', '', '', '', '0000-00-00 00:00:00', 0, '', 'OK', 0, 0, '1b842e732a23255b1.91207750');
INSERT INTO `oxorder` (`OXID`, `OXSHOPID`, `OXUSERID`, `OXORDERDATE`, `OXORDERNR`, `OXBILLCOMPANY`, `OXBILLEMAIL`, `OXBILLFNAME`, `OXBILLLNAME`, `OXBILLSTREET`, `OXBILLSTREETNR`, `OXBILLADDINFO`, `OXBILLUSTID`, `OXBILLCITY`, `OXBILLCOUNTRYID`, `OXBILLSTATEID`, `OXBILLZIP`, `OXBILLFON`, `OXBILLFAX`, `OXBILLSAL`, `OXDELCOMPANY`, `OXDELFNAME`, `OXDELLNAME`, `OXDELSTREET`, `OXDELSTREETNR`, `OXDELADDINFO`, `OXDELCITY`, `OXDELCOUNTRYID`, `OXDELSTATEID`, `OXDELZIP`, `OXDELFON`, `OXDELFAX`, `OXDELSAL`, `OXPAYMENTID`, `OXPAYMENTTYPE`, `OXTOTALNETSUM`, `OXTOTALBRUTSUM`, `OXTOTALORDERSUM`, `OXARTVAT1`, `OXARTVATPRICE1`, `OXARTVAT2`, `OXARTVATPRICE2`, `OXDELCOST`, `OXDELVAT`, `OXPAYCOST`, `OXPAYVAT`, `OXWRAPCOST`, `OXWRAPVAT`, `OXCARDID`, `OXCARDTEXT`, `OXDISCOUNT`, `OXEXPORT`, `OXBILLNR`, `OXTRACKCODE`, `OXSENDDATE`, `OXREMARK`, `OXVOUCHERDISCOUNT`, `OXCURRENCY`, `OXCURRATE`, `OXFOLDER`, `OXTRANSID`, `OXPAYID`, `OXXID`, `OXPAID`, `OXSTORNO`, `OXIP`, `OXTRANSSTATUS`, `OXLANG`, `OXINVOICENR`, `OXDELTYPE`) VALUES('testorder2', 'oxbaseshop', 'testuser6', '2008-04-21 15:07:46', 11, '', 'birute04@nfq.lt', '3userįÄк', '3UserSurnameįÄк', '6 Street', '1', '', '', '7 City', 'a7c40f6320aeb2ec2.72885259', '', '111000', '222222', '', 'Mr', '', '', '', '', '', '', '', '', '', '', '', '', '', 'oxuserpayments2', 'oxidcashondel', 3.0252100840336, 3.6, 37.4, 0, 0, 0, 0, 12.9, 0, 20.9, 0, 0, 0, '', '', 0, 0, '', '', '0000-00-00 00:00:00', '', 0, 'EUR', 1, 'ORDERFOLDER_NEW', '', '', '', '2008-04-21 15:08:47', 0, '', 'OK', 0, 0, '1b842e732a23255b1.91207750');
INSERT INTO `oxorder` (`OXID`, `OXSHOPID`, `OXUSERID`, `OXORDERDATE`, `OXORDERNR`, `OXBILLCOMPANY`, `OXBILLEMAIL`, `OXBILLFNAME`, `OXBILLLNAME`, `OXBILLSTREET`, `OXBILLSTREETNR`, `OXBILLADDINFO`, `OXBILLUSTID`, `OXBILLCITY`, `OXBILLCOUNTRYID`, `OXBILLSTATEID`, `OXBILLZIP`, `OXBILLFON`, `OXBILLFAX`, `OXBILLSAL`, `OXDELCOMPANY`, `OXDELFNAME`, `OXDELLNAME`, `OXDELSTREET`, `OXDELSTREETNR`, `OXDELADDINFO`, `OXDELCITY`, `OXDELCOUNTRYID`, `OXDELSTATEID`, `OXDELZIP`, `OXDELFON`, `OXDELFAX`, `OXDELSAL`, `OXPAYMENTID`, `OXPAYMENTTYPE`, `OXTOTALNETSUM`, `OXTOTALBRUTSUM`, `OXTOTALORDERSUM`, `OXARTVAT1`, `OXARTVATPRICE1`, `OXARTVAT2`, `OXARTVATPRICE2`, `OXDELCOST`, `OXDELVAT`, `OXPAYCOST`, `OXPAYVAT`, `OXWRAPCOST`, `OXWRAPVAT`, `OXCARDID`, `OXCARDTEXT`, `OXDISCOUNT`, `OXEXPORT`, `OXBILLNR`, `OXTRACKCODE`, `OXSENDDATE`, `OXREMARK`, `OXVOUCHERDISCOUNT`, `OXCURRENCY`, `OXCURRATE`, `OXFOLDER`, `OXTRANSID`, `OXPAYID`, `OXXID`, `OXPAID`, `OXSTORNO`, `OXIP`, `OXTRANSSTATUS`, `OXLANG`, `OXINVOICENR`, `OXDELTYPE`) VALUES('testorder3', 'oxbaseshop', 'testuser6', '2008-04-21 14:52:59', 5, '', 'birute04@nfq.lt', '3userįÄк', '3UserSurnameįÄк', '6 Street', '1', '', '', '7 City', 'a7c40f6320aeb2ec2.72885259', '', '111000', '222222', '', 'Mr', '', '', '', '', '', '', '', '', '', '', '', '', '', 'oxuserpayments3', 'oxidcashondel', 2.5210084033613, 3, 36.8, 0, 0, 0, 0, 12.9, 0, 20.9, 0, 0, 0, '', '', 0, 0, '', '', '0000-00-00 00:00:00', '', 0, 'EUR', 1, 'ORDERFOLDER_NEW', '', '', '', '0000-00-00 00:00:00', 0, '', 'OK', 0, 0, '1b842e732a23255b1.91207750');
INSERT INTO `oxorder` (`OXID`, `OXSHOPID`, `OXUSERID`, `OXORDERDATE`, `OXORDERNR`, `OXBILLCOMPANY`, `OXBILLEMAIL`, `OXBILLFNAME`, `OXBILLLNAME`, `OXBILLSTREET`, `OXBILLSTREETNR`, `OXBILLADDINFO`, `OXBILLUSTID`, `OXBILLCITY`, `OXBILLCOUNTRYID`, `OXBILLSTATEID`, `OXBILLZIP`, `OXBILLFON`, `OXBILLFAX`, `OXBILLSAL`, `OXDELCOMPANY`, `OXDELFNAME`, `OXDELLNAME`, `OXDELSTREET`, `OXDELSTREETNR`, `OXDELADDINFO`, `OXDELCITY`, `OXDELCOUNTRYID`, `OXDELSTATEID`, `OXDELZIP`, `OXDELFON`, `OXDELFAX`, `OXDELSAL`, `OXPAYMENTID`, `OXPAYMENTTYPE`, `OXTOTALNETSUM`, `OXTOTALBRUTSUM`, `OXTOTALORDERSUM`, `OXARTVAT1`, `OXARTVATPRICE1`, `OXARTVAT2`, `OXARTVATPRICE2`, `OXDELCOST`, `OXDELVAT`, `OXPAYCOST`, `OXPAYVAT`, `OXWRAPCOST`, `OXWRAPVAT`, `OXCARDID`, `OXCARDTEXT`, `OXDISCOUNT`, `OXEXPORT`, `OXBILLNR`, `OXTRACKCODE`, `OXSENDDATE`, `OXREMARK`, `OXVOUCHERDISCOUNT`, `OXCURRENCY`, `OXCURRATE`, `OXFOLDER`, `OXTRANSID`, `OXPAYID`, `OXXID`, `OXPAID`, `OXSTORNO`, `OXIP`, `OXTRANSSTATUS`, `OXLANG`, `OXINVOICENR`, `OXDELTYPE`) VALUES('testorder4', 'oxbaseshop', 'testuser1', '2008-04-21 15:00:38', 8, '', 'birute02@nfq.lt', '1userįÄк', '1UserSurnameįÄк', '1 Street', '1', '', '', '2 City', 'a7c40f631fc920687.20179984', '', '333000', '444444', '', 'Mr', '', '', '', '', '', '', '', '', '', '', '', '', '', 'oxuserpayments4', 'oxidcashondel', 3.3613445378151, 4, 37.8, 0, 0, 0, 0, 12.9, 0, 20.9, 0, 0, 0, '', '', 0, 0, '', '', '0000-00-00 00:00:00', '', 0, 'EUR', 1, 'ORDERFOLDER_NEW', '', '', '', '0000-00-00 00:00:00', 0, '', 'OK', 0, 0, '1b842e732a23255b1.91207750');
INSERT INTO `oxorder` (`OXID`, `OXSHOPID`, `OXUSERID`, `OXORDERDATE`, `OXORDERNR`, `OXBILLCOMPANY`, `OXBILLEMAIL`, `OXBILLFNAME`, `OXBILLLNAME`, `OXBILLSTREET`, `OXBILLSTREETNR`, `OXBILLADDINFO`, `OXBILLUSTID`, `OXBILLCITY`, `OXBILLCOUNTRYID`, `OXBILLSTATEID`, `OXBILLZIP`, `OXBILLFON`, `OXBILLFAX`, `OXBILLSAL`, `OXDELCOMPANY`, `OXDELFNAME`, `OXDELLNAME`, `OXDELSTREET`, `OXDELSTREETNR`, `OXDELADDINFO`, `OXDELCITY`, `OXDELCOUNTRYID`, `OXDELSTATEID`, `OXDELZIP`, `OXDELFON`, `OXDELFAX`, `OXDELSAL`, `OXPAYMENTID`, `OXPAYMENTTYPE`, `OXTOTALNETSUM`, `OXTOTALBRUTSUM`, `OXTOTALORDERSUM`, `OXARTVAT1`, `OXARTVATPRICE1`, `OXARTVAT2`, `OXARTVATPRICE2`, `OXDELCOST`, `OXDELVAT`, `OXPAYCOST`, `OXPAYVAT`, `OXWRAPCOST`, `OXWRAPVAT`, `OXCARDID`, `OXCARDTEXT`, `OXDISCOUNT`, `OXEXPORT`, `OXBILLNR`, `OXTRACKCODE`, `OXSENDDATE`, `OXREMARK`, `OXVOUCHERDISCOUNT`, `OXCURRENCY`, `OXCURRATE`, `OXFOLDER`, `OXTRANSID`, `OXPAYID`, `OXXID`, `OXPAID`, `OXSTORNO`, `OXIP`, `OXTRANSSTATUS`, `OXLANG`, `OXINVOICENR`, `OXDELTYPE`) VALUES('testorder5', 'oxbaseshop', 'testuser6', '2008-04-21 14:54:33', 6, '', 'birute04@nfq.lt', '3userįÄк', '3UserSurnameįÄк', '6 Street', '1', '', '', '7 City', 'a7c40f6320aeb2ec2.72885259', '', '111000', '222222', '', 'Mr', '', '', '', '', '', '', '', '', '', '', '', '', '', 'oxuserpayments5', 'oxidcashondel', 4.2857142857143, 5.1, 38.9, 0, 0, 0, 0, 12.9, 0, 20.9, 0, 0, 0, '', '', 0, 0, '', '', '0000-00-00 00:00:00', '', 0, 'EUR', 1, 'ORDERFOLDER_NEW', '', '', '', '2008-04-21 15:08:26', 0, '', 'OK', 0, 0, '1b842e732a23255b1.91207750');
INSERT INTO `oxorder` (`OXID`, `OXSHOPID`, `OXUSERID`, `OXORDERDATE`, `OXORDERNR`, `OXBILLCOMPANY`, `OXBILLEMAIL`, `OXBILLFNAME`, `OXBILLLNAME`, `OXBILLSTREET`, `OXBILLSTREETNR`, `OXBILLADDINFO`, `OXBILLUSTID`, `OXBILLCITY`, `OXBILLCOUNTRYID`, `OXBILLSTATEID`, `OXBILLZIP`, `OXBILLFON`, `OXBILLFAX`, `OXBILLSAL`, `OXDELCOMPANY`, `OXDELFNAME`, `OXDELLNAME`, `OXDELSTREET`, `OXDELSTREETNR`, `OXDELADDINFO`, `OXDELCITY`, `OXDELCOUNTRYID`, `OXDELSTATEID`, `OXDELZIP`, `OXDELFON`, `OXDELFAX`, `OXDELSAL`, `OXPAYMENTID`, `OXPAYMENTTYPE`, `OXTOTALNETSUM`, `OXTOTALBRUTSUM`, `OXTOTALORDERSUM`, `OXARTVAT1`, `OXARTVATPRICE1`, `OXARTVAT2`, `OXARTVATPRICE2`, `OXDELCOST`, `OXDELVAT`, `OXPAYCOST`, `OXPAYVAT`, `OXWRAPCOST`, `OXWRAPVAT`, `OXCARDID`, `OXCARDTEXT`, `OXDISCOUNT`, `OXEXPORT`, `OXBILLNR`, `OXTRACKCODE`, `OXSENDDATE`, `OXREMARK`, `OXVOUCHERDISCOUNT`, `OXCURRENCY`, `OXCURRATE`, `OXFOLDER`, `OXTRANSID`, `OXPAYID`, `OXXID`, `OXPAID`, `OXSTORNO`, `OXIP`, `OXTRANSSTATUS`, `OXLANG`, `OXINVOICENR`, `OXDELTYPE`) VALUES('testorder6', 'oxbaseshop', 'testuser6', '2008-04-21 14:51:51', 4, '', 'birute04@nfq.lt', '3userįÄк', '3UserSurnameįÄк', '6 Street', '1', '', '', '7 City', 'a7c40f6320aeb2ec2.72885259', '', '111000', '222222', '', 'Mr', '', '', '', '', '', '', '', '', '', '', '', '', '', 'oxuserpayments6', 'oxidcashondel', 7.563025210084, 9, 42.8, 0, 0, 0, 0, 12.9, 0, 20.9, 0, 0, 0, '', '', 0, 0, '', '', '0000-00-00 00:00:00', '', 0, 'EUR', 1, 'ORDERFOLDER_NEW', '', '', '', '0000-00-00 00:00:00', 0, '', 'OK', 0, 0, '1b842e732a23255b1.91207750');
INSERT INTO `oxorder` (`OXID`, `OXSHOPID`, `OXUSERID`, `OXORDERDATE`, `OXORDERNR`, `OXBILLCOMPANY`, `OXBILLEMAIL`, `OXBILLFNAME`, `OXBILLLNAME`, `OXBILLSTREET`, `OXBILLSTREETNR`, `OXBILLADDINFO`, `OXBILLUSTID`, `OXBILLCITY`, `OXBILLCOUNTRYID`, `OXBILLSTATEID`, `OXBILLZIP`, `OXBILLFON`, `OXBILLFAX`, `OXBILLSAL`, `OXDELCOMPANY`, `OXDELFNAME`, `OXDELLNAME`, `OXDELSTREET`, `OXDELSTREETNR`, `OXDELADDINFO`, `OXDELCITY`, `OXDELCOUNTRYID`, `OXDELSTATEID`, `OXDELZIP`, `OXDELFON`, `OXDELFAX`, `OXDELSAL`, `OXPAYMENTID`, `OXPAYMENTTYPE`, `OXTOTALNETSUM`, `OXTOTALBRUTSUM`, `OXTOTALORDERSUM`, `OXARTVAT1`, `OXARTVATPRICE1`, `OXARTVAT2`, `OXARTVATPRICE2`, `OXDELCOST`, `OXDELVAT`, `OXPAYCOST`, `OXPAYVAT`, `OXWRAPCOST`, `OXWRAPVAT`, `OXCARDID`, `OXCARDTEXT`, `OXDISCOUNT`, `OXEXPORT`, `OXBILLNR`, `OXTRACKCODE`, `OXSENDDATE`, `OXREMARK`, `OXVOUCHERDISCOUNT`, `OXCURRENCY`, `OXCURRATE`, `OXFOLDER`, `OXTRANSID`, `OXPAYID`, `OXXID`, `OXPAID`, `OXSTORNO`, `OXIP`, `OXTRANSSTATUS`, `OXLANG`, `OXINVOICENR`, `OXDELTYPE`) VALUES('testorder7', 'oxbaseshop', 'testuser1', '2008-04-21 14:35:56', 1, '', 'birute02@nfq.lt', '1userįÄк', '1UserSurnameįÄк', '1 Street', '1', '', '', '2 City', 'a7c40f631fc920687.20179984', '', '333000', '444444', '', 'Mr', '', '', '', '', '', '', '', '', '', '', '', '', '', 'oxuserpayments7', 'oxidinvoice', 1.2605042016807, 1.5, 5.4, 0, 0, 0, 0, 3.9, 0, 0, 0, 0, 0, '', '', 0, 0, '', '', '0000-00-00 00:00:00', '', 0, 'EUR', 1, 'ORDERFOLDER_NEW', '', '', '', '0000-00-00 00:00:00', 0, '', 'OK', 0, 0, 'oxidstandard');
INSERT INTO `oxorder` (`OXID`, `OXSHOPID`, `OXUSERID`, `OXORDERDATE`, `OXORDERNR`, `OXBILLCOMPANY`, `OXBILLEMAIL`, `OXBILLFNAME`, `OXBILLLNAME`, `OXBILLSTREET`, `OXBILLSTREETNR`, `OXBILLADDINFO`, `OXBILLUSTID`, `OXBILLCITY`, `OXBILLCOUNTRYID`, `OXBILLSTATEID`, `OXBILLZIP`, `OXBILLFON`, `OXBILLFAX`, `OXBILLSAL`, `OXDELCOMPANY`, `OXDELFNAME`, `OXDELLNAME`, `OXDELSTREET`, `OXDELSTREETNR`, `OXDELADDINFO`, `OXDELCITY`, `OXDELCOUNTRYID`, `OXDELSTATEID`, `OXDELZIP`, `OXDELFON`, `OXDELFAX`, `OXDELSAL`, `OXPAYMENTID`, `OXPAYMENTTYPE`, `OXTOTALNETSUM`, `OXTOTALBRUTSUM`, `OXTOTALORDERSUM`, `OXARTVAT1`, `OXARTVATPRICE1`, `OXARTVAT2`, `OXARTVATPRICE2`, `OXDELCOST`, `OXDELVAT`, `OXPAYCOST`, `OXPAYVAT`, `OXWRAPCOST`, `OXWRAPVAT`, `OXCARDID`, `OXCARDTEXT`, `OXDISCOUNT`, `OXEXPORT`, `OXBILLNR`, `OXTRACKCODE`, `OXSENDDATE`, `OXREMARK`, `OXVOUCHERDISCOUNT`, `OXCURRENCY`, `OXCURRATE`, `OXFOLDER`, `OXTRANSID`, `OXPAYID`, `OXXID`, `OXPAID`, `OXSTORNO`, `OXIP`, `OXTRANSSTATUS`, `OXLANG`, `OXINVOICENR`, `OXDELTYPE`) VALUES('testorder8', 'oxbaseshop', 'testuser2', '2008-04-21 14:59:08', 7, '', 'birute03@nfq.lt', '2userįÄк', '2UserSurnameįÄк', '2 Street', '1', '', '', '3 City', 'a7c40f6320aeb2ec2.72885259', '', '444000', '555555', '', 'Mr', '', '', '', '', '', '', '', '', '', '', '', '', '', 'oxuserpayments8', 'oxidcashondel', 1.6806722689076, 2, 35.8, 0, 0, 0, 0, 12.9, 0, 20.9, 0, 0, 0, '', '', 0, 0, '', '', '0000-00-00 00:00:00', '', 0, 'EUR', 1, 'ORDERFOLDER_PROBLEMS', '', '', '', '0000-00-00 00:00:00', 0, '', 'OK', 0, 0, '1b842e732a23255b1.91207750');
INSERT INTO `oxorder` (`OXID`, `OXSHOPID`, `OXUSERID`, `OXORDERDATE`, `OXORDERNR`, `OXBILLCOMPANY`, `OXBILLEMAIL`, `OXBILLFNAME`, `OXBILLLNAME`, `OXBILLSTREET`, `OXBILLSTREETNR`, `OXBILLADDINFO`, `OXBILLUSTID`, `OXBILLCITY`, `OXBILLCOUNTRYID`, `OXBILLSTATEID`, `OXBILLZIP`, `OXBILLFON`, `OXBILLFAX`, `OXBILLSAL`, `OXDELCOMPANY`, `OXDELFNAME`, `OXDELLNAME`, `OXDELSTREET`, `OXDELSTREETNR`, `OXDELADDINFO`, `OXDELCITY`, `OXDELCOUNTRYID`, `OXDELSTATEID`, `OXDELZIP`, `OXDELFON`, `OXDELFAX`, `OXDELSAL`, `OXPAYMENTID`, `OXPAYMENTTYPE`, `OXTOTALNETSUM`, `OXTOTALBRUTSUM`, `OXTOTALORDERSUM`, `OXARTVAT1`, `OXARTVATPRICE1`, `OXARTVAT2`, `OXARTVATPRICE2`, `OXDELCOST`, `OXDELVAT`, `OXPAYCOST`, `OXPAYVAT`, `OXWRAPCOST`, `OXWRAPVAT`, `OXCARDID`, `OXCARDTEXT`, `OXDISCOUNT`, `OXEXPORT`, `OXBILLNR`, `OXTRACKCODE`, `OXSENDDATE`, `OXREMARK`, `OXVOUCHERDISCOUNT`, `OXCURRENCY`, `OXCURRATE`, `OXFOLDER`, `OXTRANSID`, `OXPAYID`, `OXXID`, `OXPAID`, `OXSTORNO`, `OXIP`, `OXTRANSSTATUS`, `OXLANG`, `OXINVOICENR`, `OXDELTYPE`) VALUES('testorder9', 'oxbaseshop', 'testuser1', '2008-04-21 14:48:51', 2, '', 'birute02@nfq.lt', '1userįÄк', '1UserSurnameįÄк', '1 Street', '1', '', '', '2 City', 'a7c40f631fc920687.20179984', '', '333000', '444444', '', 'Mr', '', '', '', '', '', '', '', '', '', '', '', '', '', 'oxuserpayments9', 'oxidinvoice', 1.5126050420168, 1.8, 5.7, 0, 0, 0, 0, 3.9, 0, 0, 0, 0, 0, '', '', 0, 0, '', '', '0000-00-00 00:00:00', '', 0, 'EUR', 1, 'ORDERFOLDER_NEW', '', '', '', '2008-04-21 15:14:02', 0, '', 'OK', 0, 0, 'oxidstandard');

INSERT INTO `oxorderarticles` (`OXID`, `OXORDERID`, `OXAMOUNT`, `OXARTID`, `OXARTNUM`, `OXTITLE`, `OXSHORTDESC`, `OXSELVARIANT`, `OXNETPRICE`, `OXBRUTPRICE`, `OXVATPRICE`, `OXVAT`, `OXPERSPARAM`, `OXPRICE`, `OXBPRICE`, `OXNPRICE`, `OXWRAPID`, `OXEXTURL`, `OXURLDESC`, `OXURLIMG`, `OXTHUMB`, `OXPIC1`, `OXPIC2`, `OXPIC3`, `OXPIC4`, `OXPIC5`, `OXWEIGHT`, `OXSTOCK`, `OXDELIVERY`, `OXINSERT`, `OXTIMESTAMP`, `OXLENGTH`, `OXWIDTH`, `OXHEIGHT`, `OXFILE`, `OXSEARCHKEYS`, `OXTEMPLATE`, `OXQUESTIONEMAIL`, `OXISSEARCH`, `OXFOLDER`, `OXSUBCLASS`, `OXSTORNO`, `OXORDERSHOPID`) VALUES('testordart1', 'testorder4', 2, '10012', '10012', '12 EN product šųößлы', '11 EN description šųößлы', '', 3.3613445378151, 4, 0.63865546218487, 19, '', 2, 4, 3.3613445378151, '', '', '', '', '0/nopic.jpg', '', '', '', '', '', 0, 0, '0000-00-00', '2008-04-03', '2008-04-03 12:50:20', 0, 0, 0, '', '', '', '', 0, '', '', 0, 'oxbaseshop');
INSERT INTO `oxorderarticles` (`OXID`, `OXORDERID`, `OXAMOUNT`, `OXARTID`, `OXARTNUM`, `OXTITLE`, `OXSHORTDESC`, `OXSELVARIANT`, `OXNETPRICE`, `OXBRUTPRICE`, `OXVATPRICE`, `OXVAT`, `OXPERSPARAM`, `OXPRICE`, `OXBPRICE`, `OXNPRICE`, `OXWRAPID`, `OXEXTURL`, `OXURLDESC`, `OXURLIMG`, `OXTHUMB`, `OXPIC1`, `OXPIC2`, `OXPIC3`, `OXPIC4`, `OXPIC5`, `OXWEIGHT`, `OXSTOCK`, `OXDELIVERY`, `OXINSERT`, `OXTIMESTAMP`, `OXLENGTH`, `OXWIDTH`, `OXHEIGHT`, `OXFILE`, `OXSEARCHKEYS`, `OXTEMPLATE`, `OXQUESTIONEMAIL`, `OXISSEARCH`, `OXFOLDER`, `OXSUBCLASS`, `OXSTORNO`, `OXORDERSHOPID`) VALUES('testordart10', 'testorder2', 2, '10011', '10011', '11 EN product šųößлы', '10 EN description šųößлы', '', 3.0252100840336, 3.6, 0.57478991596639, 19, '', 1.8, 3.6, 3.0252100840336, '', '', '', '', '0/nopic.jpg', '', '', '', '', '', 0, 0, '0000-00-00', '2008-04-03', '2008-04-03 12:50:20', 0, 0, 0, '', '', '', '', 0, '', '', 0, 'oxbaseshop');
INSERT INTO `oxorderarticles` (`OXID`, `OXORDERID`, `OXAMOUNT`, `OXARTID`, `OXARTNUM`, `OXTITLE`, `OXSHORTDESC`, `OXSELVARIANT`, `OXNETPRICE`, `OXBRUTPRICE`, `OXVATPRICE`, `OXVAT`, `OXPERSPARAM`, `OXPRICE`, `OXBPRICE`, `OXNPRICE`, `OXWRAPID`, `OXEXTURL`, `OXURLDESC`, `OXURLIMG`, `OXTHUMB`, `OXPIC1`, `OXPIC2`, `OXPIC3`, `OXPIC4`, `OXPIC5`, `OXWEIGHT`, `OXSTOCK`, `OXDELIVERY`, `OXINSERT`, `OXTIMESTAMP`, `OXLENGTH`, `OXWIDTH`, `OXHEIGHT`, `OXFILE`, `OXSEARCHKEYS`, `OXTEMPLATE`, `OXQUESTIONEMAIL`, `OXISSEARCH`, `OXFOLDER`, `OXSUBCLASS`, `OXSTORNO`, `OXORDERSHOPID`) VALUES('testordart11', 'testorder5', 1, '10010', '10010', '1 EN product šųößлы', '[last] EN description šųößлы', '', 1.2605042016807, 1.5, 0.23949579831933, 19, '', 1.5, 1.5, 1.2605042016807, '', '', '', '', '0/nopic.jpg', '', '', '', '', '', 0, 0, '0000-00-00', '2008-04-03', '2008-04-17 17:40:02', 0, 0, 0, '', '', '', '', 0, '', '', 0, 'oxbaseshop');
INSERT INTO `oxorderarticles` (`OXID`, `OXORDERID`, `OXAMOUNT`, `OXARTID`, `OXARTNUM`, `OXTITLE`, `OXSHORTDESC`, `OXSELVARIANT`, `OXNETPRICE`, `OXBRUTPRICE`, `OXVATPRICE`, `OXVAT`, `OXPERSPARAM`, `OXPRICE`, `OXBPRICE`, `OXNPRICE`, `OXWRAPID`, `OXEXTURL`, `OXURLDESC`, `OXURLIMG`, `OXTHUMB`, `OXPIC1`, `OXPIC2`, `OXPIC3`, `OXPIC4`, `OXPIC5`, `OXWEIGHT`, `OXSTOCK`, `OXDELIVERY`, `OXINSERT`, `OXTIMESTAMP`, `OXLENGTH`, `OXWIDTH`, `OXHEIGHT`, `OXFILE`, `OXSEARCHKEYS`, `OXTEMPLATE`, `OXQUESTIONEMAIL`, `OXISSEARCH`, `OXFOLDER`, `OXSUBCLASS`, `OXSTORNO`, `OXORDERSHOPID`) VALUES('testordart12', 'testorder5', 2, '10011', '10011', '11 EN product šųößлы', '10 EN description šųößлы', '', 3.0252100840336, 3.6, 0.57478991596639, 19, '', 1.8, 3.6, 3.0252100840336, '', '', '', '', '0/nopic.jpg', '', '', '', '', '', 0, 0, '0000-00-00', '2008-04-03', '2008-04-03 12:50:20', 0, 0, 0, '', '', '', '', 0, '', '', 0, 'oxbaseshop');
INSERT INTO `oxorderarticles` (`OXID`, `OXORDERID`, `OXAMOUNT`, `OXARTID`, `OXARTNUM`, `OXTITLE`, `OXSHORTDESC`, `OXSELVARIANT`, `OXNETPRICE`, `OXBRUTPRICE`, `OXVATPRICE`, `OXVAT`, `OXPERSPARAM`, `OXPRICE`, `OXBPRICE`, `OXNPRICE`, `OXWRAPID`, `OXEXTURL`, `OXURLDESC`, `OXURLIMG`, `OXTHUMB`, `OXPIC1`, `OXPIC2`, `OXPIC3`, `OXPIC4`, `OXPIC5`, `OXWEIGHT`, `OXSTOCK`, `OXDELIVERY`, `OXINSERT`, `OXTIMESTAMP`, `OXLENGTH`, `OXWIDTH`, `OXHEIGHT`, `OXFILE`, `OXSEARCHKEYS`, `OXTEMPLATE`, `OXQUESTIONEMAIL`, `OXISSEARCH`, `OXFOLDER`, `OXSUBCLASS`, `OXSTORNO`, `OXORDERSHOPID`) VALUES('testordart2', 'testorder6', 5, '10011', '10011', '11 EN product šųößлы', '10 EN description šųößлы', '', 7.563025210084, 9, 1.436974789916, 19, '', 1.8, 9, 7.563025210084, '', '', '', '', '0/nopic.jpg', '', '', '', '', '', 0, 0, '0000-00-00', '2008-04-03', '2008-04-03 12:50:20', 0, 0, 0, '', '', '', '', 0, '', '', 0, 'oxbaseshop');
INSERT INTO `oxorderarticles` (`OXID`, `OXORDERID`, `OXAMOUNT`, `OXARTID`, `OXARTNUM`, `OXTITLE`, `OXSHORTDESC`, `OXSELVARIANT`, `OXNETPRICE`, `OXBRUTPRICE`, `OXVATPRICE`, `OXVAT`, `OXPERSPARAM`, `OXPRICE`, `OXBPRICE`, `OXNPRICE`, `OXWRAPID`, `OXEXTURL`, `OXURLDESC`, `OXURLIMG`, `OXTHUMB`, `OXPIC1`, `OXPIC2`, `OXPIC3`, `OXPIC4`, `OXPIC5`, `OXWEIGHT`, `OXSTOCK`, `OXDELIVERY`, `OXINSERT`, `OXTIMESTAMP`, `OXLENGTH`, `OXWIDTH`, `OXHEIGHT`, `OXFILE`, `OXSEARCHKEYS`, `OXTEMPLATE`, `OXQUESTIONEMAIL`, `OXISSEARCH`, `OXFOLDER`, `OXSUBCLASS`, `OXSTORNO`, `OXORDERSHOPID`) VALUES('testordart3', 'testorder7', 1, '10010', '10010', '1 EN product šųößлы', '[last] EN description šųößлы', '', 1.2605042016807, 1.5, 0.23949579831933, 19, '', 1.5, 1.5, 1.2605042016807, '', '', '', '', '0/nopic.jpg', '', '', '', '', '', 0, 1, '0000-00-00', '2008-04-03', '2008-04-17 17:40:02', 0, 0, 0, '', '', '', '', 0, '', '', 0, 'oxbaseshop');
INSERT INTO `oxorderarticles` (`OXID`, `OXORDERID`, `OXAMOUNT`, `OXARTID`, `OXARTNUM`, `OXTITLE`, `OXSHORTDESC`, `OXSELVARIANT`, `OXNETPRICE`, `OXBRUTPRICE`, `OXVATPRICE`, `OXVAT`, `OXPERSPARAM`, `OXPRICE`, `OXBPRICE`, `OXNPRICE`, `OXWRAPID`, `OXEXTURL`, `OXURLDESC`, `OXURLIMG`, `OXTHUMB`, `OXPIC1`, `OXPIC2`, `OXPIC3`, `OXPIC4`, `OXPIC5`, `OXWEIGHT`, `OXSTOCK`, `OXDELIVERY`, `OXINSERT`, `OXTIMESTAMP`, `OXLENGTH`, `OXWIDTH`, `OXHEIGHT`, `OXFILE`, `OXSEARCHKEYS`, `OXTEMPLATE`, `OXQUESTIONEMAIL`, `OXISSEARCH`, `OXFOLDER`, `OXSUBCLASS`, `OXSTORNO`, `OXORDERSHOPID`) VALUES('testordart4', 'testorder1', 10, '10012', '10012', '12 EN product šųößлы', '11 EN description šųößлы', '', 16.806722689076, 20, 3.1932773109244, 19, '', 2, 20, 16.806722689076, '', '', '', '', '0/nopic.jpg', '', '', '', '', '', 0, 0, '0000-00-00', '2008-04-03', '2008-04-03 12:50:20', 0, 0, 0, '', '', '', '', 0, '', '', 0, 'oxbaseshop');
INSERT INTO `oxorderarticles` (`OXID`, `OXORDERID`, `OXAMOUNT`, `OXARTID`, `OXARTNUM`, `OXTITLE`, `OXSHORTDESC`, `OXSELVARIANT`, `OXNETPRICE`, `OXBRUTPRICE`, `OXVATPRICE`, `OXVAT`, `OXPERSPARAM`, `OXPRICE`, `OXBPRICE`, `OXNPRICE`, `OXWRAPID`, `OXEXTURL`, `OXURLDESC`, `OXURLIMG`, `OXTHUMB`, `OXPIC1`, `OXPIC2`, `OXPIC3`, `OXPIC4`, `OXPIC5`, `OXWEIGHT`, `OXSTOCK`, `OXDELIVERY`, `OXINSERT`, `OXTIMESTAMP`, `OXLENGTH`, `OXWIDTH`, `OXHEIGHT`, `OXFILE`, `OXSEARCHKEYS`, `OXTEMPLATE`, `OXQUESTIONEMAIL`, `OXISSEARCH`, `OXFOLDER`, `OXSUBCLASS`, `OXSTORNO`, `OXORDERSHOPID`) VALUES('testordart5', 'testorder9', 1, '10011', '10011', '11 EN product šųößлы', '10 EN description šųößлы', '', 1.5126050420168, 1.8, 0.28739495798319, 19, '', 1.8, 1.8, 1.5126050420168, '', '', '', '', '0/nopic.jpg', '', '', '', '', '', 0, 0, '0000-00-00', '2008-04-03', '2008-04-03 12:50:20', 0, 0, 0, '', '', '', '', 0, '', '', 0, 'oxbaseshop');
INSERT INTO `oxorderarticles` (`OXID`, `OXORDERID`, `OXAMOUNT`, `OXARTID`, `OXARTNUM`, `OXTITLE`, `OXSHORTDESC`, `OXSELVARIANT`, `OXNETPRICE`, `OXBRUTPRICE`, `OXVATPRICE`, `OXVAT`, `OXPERSPARAM`, `OXPRICE`, `OXBPRICE`, `OXNPRICE`, `OXWRAPID`, `OXEXTURL`, `OXURLDESC`, `OXURLIMG`, `OXTHUMB`, `OXPIC1`, `OXPIC2`, `OXPIC3`, `OXPIC4`, `OXPIC5`, `OXWEIGHT`, `OXSTOCK`, `OXDELIVERY`, `OXINSERT`, `OXTIMESTAMP`, `OXLENGTH`, `OXWIDTH`, `OXHEIGHT`, `OXFILE`, `OXSEARCHKEYS`, `OXTEMPLATE`, `OXQUESTIONEMAIL`, `OXISSEARCH`, `OXFOLDER`, `OXSUBCLASS`, `OXSTORNO`, `OXORDERSHOPID`) VALUES('testordart6', 'testorder10', 1, '10011', '10011', '11 EN product šųößлы', '10 EN description šųößлы', '', 1.5126050420168, 1.8, 0.28739495798319, 19, '', 1.8, 1.8, 1.5126050420168, '', '', '', '', '0/nopic.jpg', '', '', '', '', '', 0, 0, '0000-00-00', '2008-04-03', '2008-04-03 12:50:20', 0, 0, 0, '', '', '', '', 0, '', '', 0, 'oxbaseshop');
INSERT INTO `oxorderarticles` (`OXID`, `OXORDERID`, `OXAMOUNT`, `OXARTID`, `OXARTNUM`, `OXTITLE`, `OXSHORTDESC`, `OXSELVARIANT`, `OXNETPRICE`, `OXBRUTPRICE`, `OXVATPRICE`, `OXVAT`, `OXPERSPARAM`, `OXPRICE`, `OXBPRICE`, `OXNPRICE`, `OXWRAPID`, `OXEXTURL`, `OXURLDESC`, `OXURLIMG`, `OXTHUMB`, `OXPIC1`, `OXPIC2`, `OXPIC3`, `OXPIC4`, `OXPIC5`, `OXWEIGHT`, `OXSTOCK`, `OXDELIVERY`, `OXINSERT`, `OXTIMESTAMP`, `OXLENGTH`, `OXWIDTH`, `OXHEIGHT`, `OXFILE`, `OXSEARCHKEYS`, `OXTEMPLATE`, `OXQUESTIONEMAIL`, `OXISSEARCH`, `OXFOLDER`, `OXSUBCLASS`, `OXSTORNO`, `OXORDERSHOPID`) VALUES('testordart7', 'testorder11', 3, '10012', '10012', '12 EN product šųößлы', '11 EN description šųößлы', '', 5.0420168067227, 6, 0.95798319327731, 19, '', 2, 6, 5.0420168067227, '', '', '', '', '0/nopic.jpg', '', '', '', '', '', 0, 0, '0000-00-00', '2008-04-03', '2008-04-03 12:50:20', 0, 0, 0, '', '', '', '', 0, '', '', 0, 'oxbaseshop');
INSERT INTO `oxorderarticles` (`OXID`, `OXORDERID`, `OXAMOUNT`, `OXARTID`, `OXARTNUM`, `OXTITLE`, `OXSHORTDESC`, `OXSELVARIANT`, `OXNETPRICE`, `OXBRUTPRICE`, `OXVATPRICE`, `OXVAT`, `OXPERSPARAM`, `OXPRICE`, `OXBPRICE`, `OXNPRICE`, `OXWRAPID`, `OXEXTURL`, `OXURLDESC`, `OXURLIMG`, `OXTHUMB`, `OXPIC1`, `OXPIC2`, `OXPIC3`, `OXPIC4`, `OXPIC5`, `OXWEIGHT`, `OXSTOCK`, `OXDELIVERY`, `OXINSERT`, `OXTIMESTAMP`, `OXLENGTH`, `OXWIDTH`, `OXHEIGHT`, `OXFILE`, `OXSEARCHKEYS`, `OXTEMPLATE`, `OXQUESTIONEMAIL`, `OXISSEARCH`, `OXFOLDER`, `OXSUBCLASS`, `OXSTORNO`, `OXORDERSHOPID`) VALUES('testordart8', 'testorder3', 2, '10010', '10010', '1 EN product šųößлы', '[last] EN description šųößлы', '', 2.5210084033613, 3, 0.47899159663866, 19, '', 1.5, 3, 2.5210084033613, '', '', '', '', '0/nopic.jpg', '', '', '', '', '', 0, 0, '0000-00-00', '2008-04-03', '2008-04-17 17:40:02', 0, 0, 0, '', '', '', '', 0, '', '', 0, 'oxbaseshop');
INSERT INTO `oxorderarticles` (`OXID`, `OXORDERID`, `OXAMOUNT`, `OXARTID`, `OXARTNUM`, `OXTITLE`, `OXSHORTDESC`, `OXSELVARIANT`, `OXNETPRICE`, `OXBRUTPRICE`, `OXVATPRICE`, `OXVAT`, `OXPERSPARAM`, `OXPRICE`, `OXBPRICE`, `OXNPRICE`, `OXWRAPID`, `OXEXTURL`, `OXURLDESC`, `OXURLIMG`, `OXTHUMB`, `OXPIC1`, `OXPIC2`, `OXPIC3`, `OXPIC4`, `OXPIC5`, `OXWEIGHT`, `OXSTOCK`, `OXDELIVERY`, `OXINSERT`, `OXTIMESTAMP`, `OXLENGTH`, `OXWIDTH`, `OXHEIGHT`, `OXFILE`, `OXSEARCHKEYS`, `OXTEMPLATE`, `OXQUESTIONEMAIL`, `OXISSEARCH`, `OXFOLDER`, `OXSUBCLASS`, `OXSTORNO`, `OXORDERSHOPID`) VALUES('testordart9', 'testorder8', 1, '10012', '10012', '12 EN product šųößлы', '11 EN description šųößлы', '', 1.6806722689076, 2, 0.31932773109244, 19, '', 2, 2, 1.6806722689076, '', '', '', '', '0/nopic.jpg', '', '', '', '', '', 0, 0, '0000-00-00', '2008-04-03', '2008-04-03 12:50:20', 0, 0, 0, '', '', '', '', 0, '', '', 0, 'oxbaseshop');

INSERT INTO `oxpayments` (`OXID`, `OXACTIVE`, `OXDESC`, `OXADDSUM`, `OXADDSUMTYPE`, `OXFROMBONI`, `OXFROMAMOUNT`, `OXTOAMOUNT`, `OXVALDESC`, `OXCHECKED`, `OXDESC_1`, `OXVALDESC_1`, `OXDESC_2`, `OXVALDESC_2`, `OXDESC_3`, `OXVALDESC_3`, `OXLONGDESC`, `OXLONGDESC_1`, `OXLONGDESC_2`, `OXLONGDESC_3`, `OXSORT`) VALUES('testpayment', 1, 'Test payment method [EN] šųößлы', 0.7, 'abs', 0, 55, 99999, 'payment field [EN] įÄк__@@', 0, 'Test payment method [DE] šųößлы', 'payment field [DE]__@@', '', '', '', '', 'Short payment description [EN] šųößлы', 'Short payment description [DE]', '', '', 0);
INSERT INTO `oxpayments` (`OXID`, `OXACTIVE`, `OXDESC`, `OXADDSUM`, `OXADDSUMTYPE`, `OXFROMBONI`, `OXFROMAMOUNT`, `OXTOAMOUNT`, `OXVALDESC`, `OXCHECKED`, `OXDESC_1`, `OXVALDESC_1`, `OXDESC_2`, `OXVALDESC_2`, `OXDESC_3`, `OXVALDESC_3`, `OXLONGDESC`, `OXLONGDESC_1`, `OXLONGDESC_2`, `OXLONGDESC_3`, `OXSORT`) VALUES('testpayment3', 0, '2 EN test payment šųößлы', 0, 'abs', 0, 0, 0, '', 0, '3 DE test payment šųößлы', '', '', '', '', '', '', '', '', '', 1);
INSERT INTO `oxpayments` (`OXID`, `OXACTIVE`, `OXDESC`, `OXADDSUM`, `OXADDSUMTYPE`, `OXFROMBONI`, `OXFROMAMOUNT`, `OXTOAMOUNT`, `OXVALDESC`, `OXCHECKED`, `OXDESC_1`, `OXVALDESC_1`, `OXDESC_2`, `OXVALDESC_2`, `OXDESC_3`, `OXVALDESC_3`, `OXLONGDESC`, `OXLONGDESC_1`, `OXLONGDESC_2`, `OXLONGDESC_3`, `OXSORT`) VALUES('testpayment2', 0, '3 EN test payment šųößлы', 0, 'abs', 0, 0, 0, '', 0, '2 DE test payment šųößлы', '', '', '', '', '', '', '', '', '', 2);
INSERT INTO `oxpayments` (`OXID`, `OXACTIVE`, `OXDESC`, `OXADDSUM`, `OXADDSUMTYPE`, `OXFROMBONI`, `OXFROMAMOUNT`, `OXTOAMOUNT`, `OXVALDESC`, `OXCHECKED`, `OXDESC_1`, `OXVALDESC_1`, `OXDESC_2`, `OXVALDESC_2`, `OXDESC_3`, `OXVALDESC_3`, `OXLONGDESC`, `OXLONGDESC_1`, `OXLONGDESC_2`, `OXLONGDESC_3`, `OXSORT`) VALUES('testpayment1', 0, '[last] EN test payment šųößлы', 0, 'abs', 0, 0, 0, '', 0, '1 DE test payment šųößлы', '', '', '', '', '', '', '', '', '', 3);
INSERT INTO `oxpayments` (`OXID`, `OXACTIVE`, `OXDESC`, `OXADDSUM`, `OXADDSUMTYPE`, `OXFROMBONI`, `OXFROMAMOUNT`, `OXTOAMOUNT`, `OXVALDESC`, `OXCHECKED`, `OXDESC_1`, `OXVALDESC_1`, `OXDESC_2`, `OXVALDESC_2`, `OXDESC_3`, `OXVALDESC_3`, `OXLONGDESC`, `OXLONGDESC_1`, `OXLONGDESC_2`, `OXLONGDESC_3`, `OXSORT`) VALUES('testpayment4', 0, '1 EN test payment šųößлы', 0, 'abs', 0, 0, 0, '', 0, '[last] DE test payment šųößлы', '', '', '', '', '', '', '', '', '', 4);
INSERT INTO `oxpayments` (`OXID`, `OXACTIVE`, `OXDESC`, `OXADDSUM`, `OXADDSUMTYPE`, `OXFROMBONI`, `OXFROMAMOUNT`, `OXTOAMOUNT`, `OXVALDESC`, `OXCHECKED`, `OXDESC_1`, `OXVALDESC_1`, `OXDESC_2`, `OXVALDESC_2`, `OXDESC_3`, `OXVALDESC_3`, `OXLONGDESC`, `OXLONGDESC_1`, `OXLONGDESC_2`, `OXLONGDESC_3`, `OXSORT`) VALUES('testpayment5', 0, '4 EN test payment šųößлы', 0, 'abs', 0, 0, 0, '', 0, '4 DE test payment šųößлы', '', '', '', '', '', '', '', '', '', 5);
INSERT INTO `oxpayments` (`OXID`, `OXACTIVE`, `OXDESC`, `OXADDSUM`, `OXADDSUMTYPE`, `OXFROMBONI`, `OXFROMAMOUNT`, `OXTOAMOUNT`, `OXVALDESC`, `OXCHECKED`, `OXDESC_1`, `OXVALDESC_1`, `OXDESC_2`, `OXVALDESC_2`, `OXDESC_3`, `OXVALDESC_3`, `OXLONGDESC`, `OXLONGDESC_1`, `OXLONGDESC_2`, `OXLONGDESC_3`, `OXSORT`) VALUES('testpayment6', 0, '5 EN test payment šųößлы', 0, 'abs', 0, 0, 0, '', 0, '5 DE test payment šųößлы', '', '', '', '', '', '', '', '', '', 6);
INSERT INTO `oxpayments` (`OXID`, `OXACTIVE`, `OXDESC`, `OXADDSUM`, `OXADDSUMTYPE`, `OXFROMBONI`, `OXFROMAMOUNT`, `OXTOAMOUNT`, `OXVALDESC`, `OXCHECKED`, `OXDESC_1`, `OXVALDESC_1`, `OXDESC_2`, `OXVALDESC_2`, `OXDESC_3`, `OXVALDESC_3`, `OXLONGDESC`, `OXLONGDESC_1`, `OXLONGDESC_2`, `OXLONGDESC_3`, `OXSORT`) VALUES('testpayment7', 0, '6 EN test payment šųößлы', 0, 'abs', 0, 0, 0, '', 0, '6 DE test payment šųößлы', '', '', '', '', '', '', '', '', '', 7);
INSERT INTO `oxpayments` (`OXID`, `OXACTIVE`, `OXDESC`, `OXADDSUM`, `OXADDSUMTYPE`, `OXFROMBONI`, `OXFROMAMOUNT`, `OXTOAMOUNT`, `OXVALDESC`, `OXCHECKED`, `OXDESC_1`, `OXVALDESC_1`, `OXDESC_2`, `OXVALDESC_2`, `OXDESC_3`, `OXVALDESC_3`, `OXLONGDESC`, `OXLONGDESC_1`, `OXLONGDESC_2`, `OXLONGDESC_3`, `OXSORT`) VALUES('testpayment8', 0, '7 EN test payment šųößлы', 0, 'abs', 0, 0, 0, '', 0, '7 DE test payment šųößлы', '', '', '', '', '', '', '', '', '', 8);
INSERT INTO `oxpayments` (`OXID`, `OXACTIVE`, `OXDESC`, `OXADDSUM`, `OXADDSUMTYPE`, `OXFROMBONI`, `OXFROMAMOUNT`, `OXTOAMOUNT`, `OXVALDESC`, `OXCHECKED`, `OXDESC_1`, `OXVALDESC_1`, `OXDESC_2`, `OXVALDESC_2`, `OXDESC_3`, `OXVALDESC_3`, `OXLONGDESC`, `OXLONGDESC_1`, `OXLONGDESC_2`, `OXLONGDESC_3`, `OXSORT`) VALUES('testpayment9', 0, '8 EN test payment šųößлы', 0, 'abs', 0, 0, 0, '', 0, '8 DE test payment šųößлы', '', '', '', '', '', '', '', '', '', 9);
INSERT INTO `oxpayments` (`OXID`, `OXACTIVE`, `OXDESC`, `OXADDSUM`, `OXADDSUMTYPE`, `OXFROMBONI`, `OXFROMAMOUNT`, `OXTOAMOUNT`, `OXVALDESC`, `OXCHECKED`, `OXDESC_1`, `OXVALDESC_1`, `OXDESC_2`, `OXVALDESC_2`, `OXDESC_3`, `OXVALDESC_3`, `OXLONGDESC`, `OXLONGDESC_1`, `OXLONGDESC_2`, `OXLONGDESC_3`, `OXSORT`) VALUES('testpayment10', 0, '9 EN test payment šųößлы', 0, 'abs', 0, 0, 0, '', 0, '9 DE test payment šųößлы', '', '', '', '', '', '', '', '', '', 10);

INSERT INTO `oxprice2article` (`OXID`, `OXSHOPID`, `OXARTID`, `OXADDABS`, `OXADDPERC`, `OXAMOUNT`, `OXAMOUNTTO`) VALUES('6f047a734ea2f2cd9.42793951', 'oxbaseshop', '1003', 75, 0, 2, 5);
INSERT INTO `oxprice2article` (`OXID`, `OXSHOPID`, `OXARTID`, `OXADDABS`, `OXADDPERC`, `OXAMOUNT`, `OXAMOUNTTO`) VALUES('6f047a73548de8581.49743013', 'oxbaseshop', '1003', 0, 20, 6, 9999999);

INSERT INTO `oxpricealarm` (`OXID`, `OXSHOPID`, `OXUSERID`, `OXEMAIL`, `OXARTID`, `OXPRICE`, `OXCURRENCY`, `OXLANG`, `OXINSERT`, `OXSENDED`) VALUES('testpricealert1', 'oxbaseshop', 'testuser4', 'birute05@nfq.lt', '10014', 11, 'EUR', 0, '2007-12-12 00:00:01', '0000-00-00 00:00:00');
INSERT INTO `oxpricealarm` (`OXID`, `OXSHOPID`, `OXUSERID`, `OXEMAIL`, `OXARTID`, `OXPRICE`, `OXCURRENCY`, `OXLANG`, `OXINSERT`, `OXSENDED`) VALUES('testpricealert2', 'oxbaseshop', 'testuser4', 'birute05@nfq.lt', '10015', 4, 'EUR', 0, '2007-12-05 00:00:02', '2008-01-04 00:00:02');
INSERT INTO `oxpricealarm` (`OXID`, `OXSHOPID`, `OXUSERID`, `OXEMAIL`, `OXARTID`, `OXPRICE`, `OXCURRENCY`, `OXLANG`, `OXINSERT`, `OXSENDED`) VALUES('testpricealert3', 'oxbaseshop', 'testuser6', 'birute04@nfq.lt', '10013', 7, 'EUR', 0, '2007-12-07 00:00:07', '0000-00-00 00:00:00');
INSERT INTO `oxpricealarm` (`OXID`, `OXSHOPID`, `OXUSERID`, `OXEMAIL`, `OXARTID`, `OXPRICE`, `OXCURRENCY`, `OXLANG`, `OXINSERT`, `OXSENDED`) VALUES('testpricealert4', 'oxbaseshop', 'testuser1', 'birute02@nfq.lt', '10010', 1, 'EUR', 0, '2007-12-17 00:00:09', '2008-01-03 00:00:05');
INSERT INTO `oxpricealarm` (`OXID`, `OXSHOPID`, `OXUSERID`, `OXEMAIL`, `OXARTID`, `OXPRICE`, `OXCURRENCY`, `OXLANG`, `OXINSERT`, `OXSENDED`) VALUES('testpricealert5', 'oxbaseshop', 'testuser3', 'birute07@nfq.lt', '10013', 3, 'EUR', 0, '2007-11-11 00:00:06', '0000-00-00 00:00:00');
INSERT INTO `oxpricealarm` (`OXID`, `OXSHOPID`, `OXUSERID`, `OXEMAIL`, `OXARTID`, `OXPRICE`, `OXCURRENCY`, `OXLANG`, `OXINSERT`, `OXSENDED`) VALUES('testpricealert6', 'oxbaseshop', 'testuser5', 'birute08@nfq.lt', '10012', 10, 'EUR', 0, '2007-12-10 00:00:05', '2008-01-05 00:00:01');
INSERT INTO `oxpricealarm` (`OXID`, `OXSHOPID`, `OXUSERID`, `OXEMAIL`, `OXARTID`, `OXPRICE`, `OXCURRENCY`, `OXLANG`, `OXINSERT`, `OXSENDED`) VALUES('testpricealert7', 'oxbaseshop', 'testuser7', 'birute06@nfq.lt', '10010', 6, 'EUR', 0, '2007-12-06 00:00:08', '2008-01-06 00:00:02');
INSERT INTO `oxpricealarm` (`OXID`, `OXSHOPID`, `OXUSERID`, `OXEMAIL`, `OXARTID`, `OXPRICE`, `OXCURRENCY`, `OXLANG`, `OXINSERT`, `OXSENDED`) VALUES('testpricealert8', 'oxbaseshop', 'testuser2', 'birute03@nfq.lt', '10011', 2, 'EUR', 0, '2007-10-09 00:00:08', '2008-01-08 00:00:01');
INSERT INTO `oxpricealarm` (`OXID`, `OXSHOPID`, `OXUSERID`, `OXEMAIL`, `OXARTID`, `OXPRICE`, `OXCURRENCY`, `OXLANG`, `OXINSERT`, `OXSENDED`) VALUES('testpricealert9', 'oxbaseshop', 'testuser1', 'birute02@nfq.lt', '10010', 5, 'EUR', 0, '2007-12-13 00:00:04', '2008-01-01 00:00:01');
INSERT INTO `oxpricealarm` (`OXID`, `OXSHOPID`, `OXUSERID`, `OXEMAIL`, `OXARTID`, `OXPRICE`, `OXCURRENCY`, `OXLANG`, `OXINSERT`, `OXSENDED`) VALUES('testpricealert10', 'oxbaseshop', 'testuser3', 'birute07@nfq.lt', '10011', 8, 'EUR', 0, '2007-09-14 00:00:08', '2008-01-02 00:00:01');
INSERT INTO `oxpricealarm` (`OXID`, `OXSHOPID`, `OXUSERID`, `OXEMAIL`, `OXARTID`, `OXPRICE`, `OXCURRENCY`, `OXLANG`, `OXINSERT`, `OXSENDED`) VALUES('testpricealert11', 'oxbaseshop', 'testuser2', 'birute03@nfq.lt', '10012', 9, 'EUR', 0, '2007-12-13 00:00:03', '2008-01-01 00:00:05');

INSERT INTO `oxreviews` (`OXID`, `OXACTIVE`, `OXOBJECTID`, `OXTYPE`, `OXTEXT`, `OXUSERID`, `OXCREATE`, `OXLANG`, `OXRATING`) VALUES('testreview1', 0, '10010', 'oxarticle', '1 [DE] comment for product šųößлы', 'testuser', '2006-01-01 10:10:10', 1, 0);
INSERT INTO `oxreviews` (`OXID`, `OXACTIVE`, `OXOBJECTID`, `OXTYPE`, `OXTEXT`, `OXUSERID`, `OXCREATE`, `OXLANG`, `OXRATING`) VALUES('testreview2', 0, '10011', 'oxarticle', '3 [EN] product comment šųößлы', 'testuser', '2006-02-01 08:10:10', 0, 0);
INSERT INTO `oxreviews` (`OXID`, `OXACTIVE`, `OXOBJECTID`, `OXTYPE`, `OXTEXT`, `OXUSERID`, `OXCREATE`, `OXLANG`, `OXRATING`) VALUES('testreview3', 0, '10012', 'oxarticle', '3 [DE] comment for product šųößлы', 'testuser', '2005-12-01 11:11:00', 1, 0);
INSERT INTO `oxreviews` (`OXID`, `OXACTIVE`, `OXOBJECTID`, `OXTYPE`, `OXTEXT`, `OXUSERID`, `OXCREATE`, `OXLANG`, `OXRATING`) VALUES('testreview4', 0, '10011', 'oxarticle', '1 [EN] product comment šųößлы', 'testuser', '2006-02-05 10:10:10', 0, 0);
INSERT INTO `oxreviews` (`OXID`, `OXACTIVE`, `OXOBJECTID`, `OXTYPE`, `OXTEXT`, `OXUSERID`, `OXCREATE`, `OXLANG`, `OXRATING`) VALUES('testreview5', 0, '10010', 'oxarticle', '2 [DE] comment for product šųößлы', 'testuser', '2005-12-30 11:11:00', 1, 0);
INSERT INTO `oxreviews` (`OXID`, `OXACTIVE`, `OXOBJECTID`, `OXTYPE`, `OXTEXT`, `OXUSERID`, `OXCREATE`, `OXLANG`, `OXRATING`) VALUES('testreview6', 0, '10012', 'oxarticle', '2 [EN] product comment šųößлы', 'testuser', '2005-12-05 10:10:10', 0, 0);
INSERT INTO `oxreviews` (`OXID`, `OXACTIVE`, `OXOBJECTID`, `OXTYPE`, `OXTEXT`, `OXUSERID`, `OXCREATE`, `OXLANG`, `OXRATING`) VALUES('testreview7', 0, '1002', 'oxarticle', 'review for parent product šųößлы', 'testuser', '2009-01-15 14:36:19', 0, 0);
INSERT INTO `oxreviews` (`OXID`, `OXACTIVE`, `OXOBJECTID`, `OXTYPE`, `OXTEXT`, `OXUSERID`, `OXCREATE`, `OXLANG`, `OXRATING`) VALUES('testreview8', 0, '1002-1', 'oxarticle', 'review for var1 šųößлы', 'testuser', '2009-01-15 14:36:55', 0, 0);
INSERT INTO `oxreviews` (`OXID`, `OXACTIVE`, `OXOBJECTID`, `OXTYPE`, `OXTEXT`, `OXUSERID`, `OXCREATE`, `OXLANG`, `OXRATING`) VALUES('testreview9', 0, '1002-2', 'oxarticle', 'review for var2 šųößлы', 'testuser', '2009-01-15 14:36:56', 0, 0);

INSERT INTO `oxselectlist` (`OXID`, `OXSHOPID`, `OXTITLE`, `OXIDENT`, `OXVALDESC`, `OXTITLE_1`, `OXVALDESC_1`, `OXTITLE_2`, `OXVALDESC_2`, `OXTITLE_3`, `OXVALDESC_3`) VALUES('testsellist', 'oxbaseshop', 'test selection list [EN] šųößлы', 'test sellist šųößлы', 'selvar1 [EN] įÄк!P!1__@@selvar2 [EN] įÄк__@@selvar3 [EN] įÄк!P!-2__@@selvar4 [EN] įÄк!P!2%__@@', 'test selection list [DE] šųößлы', 'selvar1 [DE]!P!1__@@selvar2 [DE]__@@selvar3 [DE]!P!-2__@@selvar4 [DE]!P!2%__@@', '', '', '', '');
INSERT INTO `oxselectlist` (`OXID`, `OXSHOPID`, `OXTITLE`, `OXIDENT`, `OXVALDESC`, `OXTITLE_1`, `OXVALDESC_1`, `OXTITLE_2`, `OXVALDESC_2`, `OXTITLE_3`, `OXVALDESC_3`) VALUES('testsellist1', 'oxbaseshop', '[last] [EN] sellist šųößлы', '1 sellist šųößлы', '', '1 [DE] sellist šųößлы', '', '', '', '', '');
INSERT INTO `oxselectlist` (`OXID`, `OXSHOPID`, `OXTITLE`, `OXIDENT`, `OXVALDESC`, `OXTITLE_1`, `OXVALDESC_1`, `OXTITLE_2`, `OXVALDESC_2`, `OXTITLE_3`, `OXVALDESC_3`) VALUES('testsellist2', 'oxbaseshop', '7 [EN] sellist šųößлы', '6 sellist šųößлы', '', '2 [DE] sellist šųößлы', '', '', '', '', '');
INSERT INTO `oxselectlist` (`OXID`, `OXSHOPID`, `OXTITLE`, `OXIDENT`, `OXVALDESC`, `OXTITLE_1`, `OXVALDESC_1`, `OXTITLE_2`, `OXVALDESC_2`, `OXTITLE_3`, `OXVALDESC_3`) VALUES('testsellist3', 'oxbaseshop', '6 [EN] sellist šųößлы', '2 sellist šųößлы', '', '3 [DE] sellist šųößлы', '', '', '', '', '');
INSERT INTO `oxselectlist` (`OXID`, `OXSHOPID`, `OXTITLE`, `OXIDENT`, `OXVALDESC`, `OXTITLE_1`, `OXVALDESC_1`, `OXTITLE_2`, `OXVALDESC_2`, `OXTITLE_3`, `OXVALDESC_3`) VALUES('testsellist4', 'oxbaseshop', '2 [EN] sellist šųößлы', '9 sellist šųößлы', '', '4 [DE] sellist šųößлы', '', '', '', '', '');
INSERT INTO `oxselectlist` (`OXID`, `OXSHOPID`, `OXTITLE`, `OXIDENT`, `OXVALDESC`, `OXTITLE_1`, `OXVALDESC_1`, `OXTITLE_2`, `OXVALDESC_2`, `OXTITLE_3`, `OXVALDESC_3`) VALUES('testsellist5', 'oxbaseshop', '3 [EN] sellist šųößлы', '4 sellist šųößлы', '', '5 [DE] sellist šųößлы', '', '', '', '', '');
INSERT INTO `oxselectlist` (`OXID`, `OXSHOPID`, `OXTITLE`, `OXIDENT`, `OXVALDESC`, `OXTITLE_1`, `OXVALDESC_1`, `OXTITLE_2`, `OXVALDESC_2`, `OXTITLE_3`, `OXVALDESC_3`) VALUES('testsellist6', 'oxbaseshop', '5 [EN] sellist šųößлы', '8 sellist šųößлы', '', '6 [DE] sellist šųößлы', '', '', '', '', '');
INSERT INTO `oxselectlist` (`OXID`, `OXSHOPID`, `OXTITLE`, `OXIDENT`, `OXVALDESC`, `OXTITLE_1`, `OXVALDESC_1`, `OXTITLE_2`, `OXVALDESC_2`, `OXTITLE_3`, `OXVALDESC_3`) VALUES('testsellist7', 'oxbaseshop', '4 [EN] sellist šųößлы', '3 sellist šųößлы', '', '7 [DE] sellist šųößлы', '', '', '', '', '');
INSERT INTO `oxselectlist` (`OXID`, `OXSHOPID`, `OXTITLE`, `OXIDENT`, `OXVALDESC`, `OXTITLE_1`, `OXVALDESC_1`, `OXTITLE_2`, `OXVALDESC_2`, `OXTITLE_3`, `OXVALDESC_3`) VALUES('testsellist8', 'oxbaseshop', '8 [EN] sellist šųößлы', '[last] sellist šųößлы', '', '8 [DE] sellist šųößлы', '', '', '', '', '');
INSERT INTO `oxselectlist` (`OXID`, `OXSHOPID`, `OXTITLE`, `OXIDENT`, `OXVALDESC`, `OXTITLE_1`, `OXVALDESC_1`, `OXTITLE_2`, `OXVALDESC_2`, `OXTITLE_3`, `OXVALDESC_3`) VALUES('testsellist9', 'oxbaseshop', '1 [EN] sellist šųößлы', '5 sellist šųößлы', '', '9 [DE] sellist šųößлы', '', '', '', '', '');
INSERT INTO `oxselectlist` (`OXID`, `OXSHOPID`, `OXTITLE`, `OXIDENT`, `OXVALDESC`, `OXTITLE_1`, `OXVALDESC_1`, `OXTITLE_2`, `OXVALDESC_2`, `OXTITLE_3`, `OXVALDESC_3`) VALUES('testsellist10', 'oxbaseshop', '9 [EN] sellist šųößлы', '7 sellist šųößлы', '', '[last] [DE] sellist šųößлы', '', '', '', '', '');

INSERT INTO `oxuser` (`OXID`, `OXACTIVE`, `OXRIGHTS`, `OXSHOPID`, `OXUSERNAME`, `OXPASSWORD`, `OXPASSSALT`, `OXCUSTNR`, `OXUSTID`, `OXCOMPANY`, `OXFNAME`, `OXLNAME`, `OXSTREET`, `OXSTREETNR`, `OXADDINFO`, `OXCITY`, `OXCOUNTRYID`, `OXSTATEID`, `OXZIP`, `OXFON`, `OXFAX`, `OXSAL`, `OXBONI`, `OXCREATE`, `OXREGISTER`, `OXPRIVFON`, `OXMOBFON`, `OXBIRTHDATE`, `OXURL`, `OXDISABLEAUTOGRP`, `OXUPDATEKEY`, `OXUPDATEEXP`, `OXISOPENID`) VALUES('testuser', 1, 'user', 'oxbaseshop', 'birute_test@nfq.lt', 'c9dadd994241c9e5fa6469547009328a', '7573657275736572', 8, '', 'UserCompany įÄк', 'UserNameįÄк', 'UserSurnameįÄк', 'Musterstr.įÄк', '1', 'User additional info įÄк', 'Musterstadt įÄк', 'a7c40f631fc920687.20179984', '', '79098', '0800 111111', '0800 111112', 'Mr', 500, '2008-02-05 14:42:42', '2008-02-05 14:42:42', '0800 111113', '0800 111114', '1980-01-01', '', 0, '', 0, 0);
INSERT INTO `oxuser` (`OXID`, `OXACTIVE`, `OXRIGHTS`, `OXSHOPID`, `OXUSERNAME`, `OXPASSWORD`, `OXPASSSALT`, `OXCUSTNR`, `OXUSTID`, `OXCOMPANY`, `OXFNAME`, `OXLNAME`, `OXSTREET`, `OXSTREETNR`, `OXADDINFO`, `OXCITY`, `OXCOUNTRYID`, `OXSTATEID`, `OXZIP`, `OXFON`, `OXFAX`, `OXSAL`, `OXBONI`, `OXCREATE`, `OXREGISTER`, `OXPRIVFON`, `OXMOBFON`, `OXBIRTHDATE`, `OXURL`, `OXDISABLEAUTOGRP`, `OXUPDATEKEY`, `OXUPDATEEXP`, `OXISOPENID`) VALUES('testusera', 1, 'user', 'oxbaseshop', 'birute0a@nfq.lt', 'a233c8b71a465807980f4b2b18f50fec', '757365724175736572', 9, '', 'UserACompany įÄк', 'UserANameįÄк', 'UserASurnameįÄк', 'Musterstr.įÄк', '2', 'UserA additional info įÄк', 'Musterstadt įÄк', 'a7c40f631fc920687.20179984', '', '79098', '0800 222221', '0800 222222', 'Mrs', 0, '2008-02-05 14:49:31', '2008-02-05 14:49:31', '0800 222223', '0800 222224', '1960-02-02', '', 0, '', 0, 0);
INSERT INTO `oxuser` (`OXID`, `OXACTIVE`, `OXRIGHTS`, `OXSHOPID`, `OXUSERNAME`, `OXPASSWORD`, `OXPASSSALT`, `OXCUSTNR`, `OXUSTID`, `OXCOMPANY`, `OXFNAME`, `OXLNAME`, `OXSTREET`, `OXSTREETNR`, `OXADDINFO`, `OXCITY`, `OXCOUNTRYID`, `OXSTATEID`, `OXZIP`, `OXFON`, `OXFAX`, `OXSAL`, `OXBONI`, `OXCREATE`, `OXREGISTER`, `OXPRIVFON`, `OXMOBFON`, `OXBIRTHDATE`, `OXURL`, `OXDISABLEAUTOGRP`, `OXUPDATEKEY`, `OXUPDATEEXP`, `OXISOPENID`) VALUES('testuserb', 1, 'user', 'oxbaseshop', 'birute0b@nfq.lt', 'e5930fc80db1b3a3aaecfa62da5f85f9', '757365724275736572', 10, '', 'UserBCompany įÄк', 'UserBNameįÄк', 'UserBSurnameįÄк', 'Musterstr.įÄк', '3', 'UserB additional info įÄк', 'Musterstadt įÄк', 'a7c40f631fc920687.20179984', '', '79098', '0800 333331', '0800 333332', 'Mr', 0, '2008-02-05 15:19:46', '2008-02-05 15:19:46', '0800 333333', '0800 333334', '1952-03-03', '', 0, '', 0, 0);
INSERT INTO `oxuser` (`OXID`, `OXACTIVE`, `OXRIGHTS`, `OXSHOPID`, `OXUSERNAME`, `OXPASSWORD`, `OXPASSSALT`, `OXCUSTNR`, `OXUSTID`, `OXCOMPANY`, `OXFNAME`, `OXLNAME`, `OXSTREET`, `OXSTREETNR`, `OXADDINFO`, `OXCITY`, `OXCOUNTRYID`, `OXSTATEID`, `OXZIP`, `OXFON`, `OXFAX`, `OXSAL`, `OXBONI`, `OXCREATE`, `OXREGISTER`, `OXPRIVFON`, `OXMOBFON`, `OXBIRTHDATE`, `OXURL`, `OXDISABLEAUTOGRP`, `OXUPDATEKEY`, `OXUPDATEEXP`, `OXISOPENID`) VALUES('testuserc', 1, 'user', 'oxbaseshop', 'birute0c@nfq.lt', '49a2c0585284909e97957f9b95d85b92', '757365724375736572', 11, '', 'UserCCompany įÄк', 'UserCNameįÄк', 'UserCSurnameįÄк', 'Musterstr.įÄк', '4', 'UserC additional info įÄк', 'Musterstadt įÄк', 'a7c40f631fc920687.20179984', '', '79098', '0800 444441', '0800 444442', 'Mrs', 0, '2008-02-05 15:26:06', '2008-02-05 15:26:06', '0800 444443', '0800 444444', '1985-04-04', '', 0, '', 0, 0);
INSERT INTO `oxuser` (`OXID`, `OXACTIVE`, `OXRIGHTS`, `OXSHOPID`, `OXUSERNAME`, `OXPASSWORD`, `OXPASSSALT`, `OXCUSTNR`, `OXUSTID`, `OXCOMPANY`, `OXFNAME`, `OXLNAME`, `OXSTREET`, `OXSTREETNR`, `OXADDINFO`, `OXCITY`, `OXCOUNTRYID`, `OXSTATEID`, `OXZIP`, `OXFON`, `OXFAX`, `OXSAL`, `OXBONI`, `OXCREATE`, `OXREGISTER`, `OXPRIVFON`, `OXMOBFON`, `OXBIRTHDATE`, `OXURL`, `OXDISABLEAUTOGRP`, `OXUPDATEKEY`, `OXUPDATEEXP`, `OXISOPENID`) VALUES('testuser1', 0, 'user', 'oxbaseshop', 'birute02@nfq.lt', '82763a21b58be2f21e9bae3ebca59fec', '7573657274657374', 12, '', '', '1userįÄк', '1UserSurnameįÄк', '1 Street.įÄк', '1', '', '2 City įÄк', 'a7c40f631fc920687.20179984', '', '333000', '444444', '', 'Mr', 1000, '2008-04-15 10:34:56', '2008-02-01 00:00:00', '', '', '0000-00-00', '', 0, '', 0, 0);
INSERT INTO `oxuser` (`OXID`, `OXACTIVE`, `OXRIGHTS`, `OXSHOPID`, `OXUSERNAME`, `OXPASSWORD`, `OXPASSSALT`, `OXCUSTNR`, `OXUSTID`, `OXCOMPANY`, `OXFNAME`, `OXLNAME`, `OXSTREET`, `OXSTREETNR`, `OXADDINFO`, `OXCITY`, `OXCOUNTRYID`, `OXSTATEID`, `OXZIP`, `OXFON`, `OXFAX`, `OXSAL`, `OXBONI`, `OXCREATE`, `OXREGISTER`, `OXPRIVFON`, `OXMOBFON`, `OXBIRTHDATE`, `OXURL`, `OXDISABLEAUTOGRP`, `OXUPDATEKEY`, `OXUPDATEEXP`, `OXISOPENID`) VALUES('testuser2', 0, 'user', 'oxbaseshop', 'birute03@nfq.lt', '82763a21b58be2f21e9bae3ebca59fec', '7573657274657374', 13, '', '', '2userįÄк', '2UserSurnameįÄк', '2 Street.įÄк', '1', '', '3 City įÄк', 'a7c40f631fc920687.20179984', '', '444000', '555555', '', 'Mr', 1000, '2008-04-15 10:34:56', '2008-01-10 00:00:00', '', '', '0000-00-00', '', 0, '', 0, 0);
INSERT INTO `oxuser` (`OXID`, `OXACTIVE`, `OXRIGHTS`, `OXSHOPID`, `OXUSERNAME`, `OXPASSWORD`, `OXPASSSALT`, `OXCUSTNR`, `OXUSTID`, `OXCOMPANY`, `OXFNAME`, `OXLNAME`, `OXSTREET`, `OXSTREETNR`, `OXADDINFO`, `OXCITY`, `OXCOUNTRYID`, `OXSTATEID`, `OXZIP`, `OXFON`, `OXFAX`, `OXSAL`, `OXBONI`, `OXCREATE`, `OXREGISTER`, `OXPRIVFON`, `OXMOBFON`, `OXBIRTHDATE`, `OXURL`, `OXDISABLEAUTOGRP`, `OXUPDATEKEY`, `OXUPDATEEXP`, `OXISOPENID`) VALUES('testuser3', 0, 'user', 'oxbaseshop', 'birute07@nfq.lt', '82763a21b58be2f21e9bae3ebca59fec', '7573657274657374', 14, '', '', '6userįÄк', '6UserSurnameįÄк', '3 Street.įÄк', '1', '', '4 City įÄк', 'a7c40f631fc920687.20179984', '', '555000', '666666', '', 'Mr', 1000, '2008-04-15 10:34:56', '2008-01-10 11:10:00', '', '', '0000-00-00', '', 0, '', 0, 0);
INSERT INTO `oxuser` (`OXID`, `OXACTIVE`, `OXRIGHTS`, `OXSHOPID`, `OXUSERNAME`, `OXPASSWORD`, `OXPASSSALT`, `OXCUSTNR`, `OXUSTID`, `OXCOMPANY`, `OXFNAME`, `OXLNAME`, `OXSTREET`, `OXSTREETNR`, `OXADDINFO`, `OXCITY`, `OXCOUNTRYID`, `OXSTATEID`, `OXZIP`, `OXFON`, `OXFAX`, `OXSAL`, `OXBONI`, `OXCREATE`, `OXREGISTER`, `OXPRIVFON`, `OXMOBFON`, `OXBIRTHDATE`, `OXURL`, `OXDISABLEAUTOGRP`, `OXUPDATEKEY`, `OXUPDATEEXP`, `OXISOPENID`) VALUES('testuser4', 0, 'user', 'oxbaseshop', 'birute05@nfq.lt', '82763a21b58be2f21e9bae3ebca59fec', '7573657274657374', 15, '', '', '4userįÄк', '4UserSurnameįÄк', '4 Street.įÄк', '1', '', '5 City įÄк', 'a7c40f631fc920687.20179984', '', '666000', '777777', '', 'Mr', 1000, '2008-04-15 10:34:56', '2008-01-10 00:00:01', '', '', '0000-00-00', '', 0, '', 0, 0);
INSERT INTO `oxuser` (`OXID`, `OXACTIVE`, `OXRIGHTS`, `OXSHOPID`, `OXUSERNAME`, `OXPASSWORD`, `OXPASSSALT`, `OXCUSTNR`, `OXUSTID`, `OXCOMPANY`, `OXFNAME`, `OXLNAME`, `OXSTREET`, `OXSTREETNR`, `OXADDINFO`, `OXCITY`, `OXCOUNTRYID`, `OXSTATEID`, `OXZIP`, `OXFON`, `OXFAX`, `OXSAL`, `OXBONI`, `OXCREATE`, `OXREGISTER`, `OXPRIVFON`, `OXMOBFON`, `OXBIRTHDATE`, `OXURL`, `OXDISABLEAUTOGRP`, `OXUPDATEKEY`, `OXUPDATEEXP`, `OXISOPENID`) VALUES('testuser5', 0, 'user', 'oxbaseshop', 'birute08@nfq.lt', '82763a21b58be2f21e9bae3ebca59fec', '7573657274657374', 16, '', '', '7userįÄк', '7UserSurnameįÄк', '5 Street.įÄк', '1', '', '6 City įÄк', 'a7c40f631fc920687.20179984', '', '777000', '111111', '', 'Mr', 1000, '2008-04-15 10:34:56', '2008-01-10 00:00:02', '', '', '0000-00-00', '', 0, '', 0, 0);
INSERT INTO `oxuser` (`OXID`, `OXACTIVE`, `OXRIGHTS`, `OXSHOPID`, `OXUSERNAME`, `OXPASSWORD`, `OXPASSSALT`, `OXCUSTNR`, `OXUSTID`, `OXCOMPANY`, `OXFNAME`, `OXLNAME`, `OXSTREET`, `OXSTREETNR`, `OXADDINFO`, `OXCITY`, `OXCOUNTRYID`, `OXSTATEID`, `OXZIP`, `OXFON`, `OXFAX`, `OXSAL`, `OXBONI`, `OXCREATE`, `OXREGISTER`, `OXPRIVFON`, `OXMOBFON`, `OXBIRTHDATE`, `OXURL`, `OXDISABLEAUTOGRP`, `OXUPDATEKEY`, `OXUPDATEEXP`, `OXISOPENID`) VALUES('testuser6', 0, 'user', 'oxbaseshop', 'birute04@nfq.lt', '82763a21b58be2f21e9bae3ebca59fec', '7573657274657374', 17, '', '', '3userįÄк', '3UserSurnameįÄк', '6 Street.įÄк', '1', '', '7 City įÄк', 'a7c40f631fc920687.20179984', '', '111000', '222222', '', 'Mr', 1000, '2008-04-15 10:34:56', '2008-01-10 00:00:03', '', '', '0000-00-00', '', 0, '', 0, 0);
INSERT INTO `oxuser` (`OXID`, `OXACTIVE`, `OXRIGHTS`, `OXSHOPID`, `OXUSERNAME`, `OXPASSWORD`, `OXPASSSALT`, `OXCUSTNR`, `OXUSTID`, `OXCOMPANY`, `OXFNAME`, `OXLNAME`, `OXSTREET`, `OXSTREETNR`, `OXADDINFO`, `OXCITY`, `OXCOUNTRYID`, `OXSTATEID`, `OXZIP`, `OXFON`, `OXFAX`, `OXSAL`, `OXBONI`, `OXCREATE`, `OXREGISTER`, `OXPRIVFON`, `OXMOBFON`, `OXBIRTHDATE`, `OXURL`, `OXDISABLEAUTOGRP`, `OXUPDATEKEY`, `OXUPDATEEXP`, `OXISOPENID`) VALUES('testuser7', 0, 'user', 'oxbaseshop', 'birute06@nfq.lt', '82763a21b58be2f21e9bae3ebca59fec', '7573657274657374', 18, '', '', '5userįÄк', '5UserSurnameįÄк', '7 Street.įÄк', '1', '', '1 City įÄк', 'a7c40f631fc920687.20179984', '', '222000', '333333', '', 'Mr', 1000, '2008-04-15 10:34:56', '2007-06-20 00:00:00', '', '', '0000-00-00', '', 0, '', 0, 0);

INSERT INTO `oxuserpayments` (`OXID`, `OXUSERID`, `OXPAYMENTSID`, `OXVALUE`) VALUES('oxuserpayments1', 'testuser6', 'oxidcashondel', '');
INSERT INTO `oxuserpayments` (`OXID`, `OXUSERID`, `OXPAYMENTSID`, `OXVALUE`) VALUES('oxuserpayments10', 'testuser6', 'oxidinvoice', '');
INSERT INTO `oxuserpayments` (`OXID`, `OXUSERID`, `OXPAYMENTSID`, `OXVALUE`) VALUES('oxuserpayments11', 'testuser2', 'oxidinvoice', '');
INSERT INTO `oxuserpayments` (`OXID`, `OXUSERID`, `OXPAYMENTSID`, `OXVALUE`) VALUES('oxuserpayments2', 'testuser6', 'oxidcashondel', '');
INSERT INTO `oxuserpayments` (`OXID`, `OXUSERID`, `OXPAYMENTSID`, `OXVALUE`) VALUES('oxuserpayments3', 'testuser6', 'oxidcashondel', '');
INSERT INTO `oxuserpayments` (`OXID`, `OXUSERID`, `OXPAYMENTSID`, `OXVALUE`) VALUES('oxuserpayments4', 'testuser1', 'oxidcashondel', '');
INSERT INTO `oxuserpayments` (`OXID`, `OXUSERID`, `OXPAYMENTSID`, `OXVALUE`) VALUES('oxuserpayments5', 'testuser6', 'oxidcashondel', '');
INSERT INTO `oxuserpayments` (`OXID`, `OXUSERID`, `OXPAYMENTSID`, `OXVALUE`) VALUES('oxuserpayments6', 'testuser6', 'oxidcashondel', '');
INSERT INTO `oxuserpayments` (`OXID`, `OXUSERID`, `OXPAYMENTSID`, `OXVALUE`) VALUES('oxuserpayments7', 'testuser1', 'oxidinvoice', '');
INSERT INTO `oxuserpayments` (`OXID`, `OXUSERID`, `OXPAYMENTSID`, `OXVALUE`) VALUES('oxuserpayments8', 'testuser2', 'oxidcashondel', '');
INSERT INTO `oxuserpayments` (`OXID`, `OXUSERID`, `OXPAYMENTSID`, `OXVALUE`) VALUES('oxuserpayments9', 'testuser1', 'oxidinvoice', '');

INSERT INTO `oxvendor` (`OXID`, `OXSHOPID`, `OXACTIVE`, `OXICON`, `OXTITLE`, `OXSHORTDESC`, `OXTITLE_1`, `OXSHORTDESC_1`, `OXTITLE_2`, `OXSHORTDESC_2`, `OXTITLE_3`, `OXSHORTDESC_3`, `OXSHOWSUFFIX`) VALUES('testdistributor', 'oxbaseshop', 1, '', 'Distributor [EN] šųößлы', 'Distributor description [EN] šųößлы', 'Distributor [DE] šųößлы', 'Distributor description [DE]', '', '', '', '', 1);
INSERT INTO `oxvendor` (`OXID`, `OXSHOPID`, `OXACTIVE`, `OXICON`, `OXTITLE`, `OXSHORTDESC`, `OXTITLE_1`, `OXSHORTDESC_1`, `OXTITLE_2`, `OXSHORTDESC_2`, `OXTITLE_3`, `OXSHORTDESC_3`, `OXSHOWSUFFIX`) VALUES('testdistributor1', 'oxbaseshop', 0, '', '[last] EN distributor šųößлы', '1 EN distributor description šųößлы', '1 DE distributor šųößлы', '[last] DE distributor description', '', '', '', '', 1);
INSERT INTO `oxvendor` (`OXID`, `OXSHOPID`, `OXACTIVE`, `OXICON`, `OXTITLE`, `OXSHORTDESC`, `OXTITLE_1`, `OXSHORTDESC_1`, `OXTITLE_2`, `OXSHORTDESC_2`, `OXTITLE_3`, `OXSHORTDESC_3`, `OXSHOWSUFFIX`) VALUES('testdistributor2', 'oxbaseshop', 0, '', '4 EN distributor šųößлы', '2 EN distributor description šųößлы', '2 DE distributor šųößлы', '4 DE distributor description', '', '', '', '', 1);
INSERT INTO `oxvendor` (`OXID`, `OXSHOPID`, `OXACTIVE`, `OXICON`, `OXTITLE`, `OXSHORTDESC`, `OXTITLE_1`, `OXSHORTDESC_1`, `OXTITLE_2`, `OXSHORTDESC_2`, `OXTITLE_3`, `OXSHORTDESC_3`, `OXSHOWSUFFIX`) VALUES('testdistributor4', 'oxbaseshop', 0, '', '2 EN distributor šųößлы', '4 EN distributor description šųößлы', '4 DE distributor šųößлы', '2 DE distributor description', '', '', '', '', 1);
INSERT INTO `oxvendor` (`OXID`, `OXSHOPID`, `OXACTIVE`, `OXICON`, `OXTITLE`, `OXSHORTDESC`, `OXTITLE_1`, `OXSHORTDESC_1`, `OXTITLE_2`, `OXSHORTDESC_2`, `OXTITLE_3`, `OXSHORTDESC_3`, `OXSHOWSUFFIX`) VALUES('testdistributor5', 'oxbaseshop', 0, '', '7 EN distributor šųößлы', '5 EN distributor description šųößлы', '5 DE distributor šųößлы', '7 DE distributor description', '', '', '', '', 1);
INSERT INTO `oxvendor` (`OXID`, `OXSHOPID`, `OXACTIVE`, `OXICON`, `OXTITLE`, `OXSHORTDESC`, `OXTITLE_1`, `OXSHORTDESC_1`, `OXTITLE_2`, `OXSHORTDESC_2`, `OXTITLE_3`, `OXSHORTDESC_3`, `OXSHOWSUFFIX`) VALUES('testdistributor6', 'oxbaseshop', 0, '', '6 EN distributor šųößлы', '6 EN distributor description šųößлы', '6 DE distributor šųößлы', '6 DE distributor description', '', '', '', '', 1);
INSERT INTO `oxvendor` (`OXID`, `OXSHOPID`, `OXACTIVE`, `OXICON`, `OXTITLE`, `OXSHORTDESC`, `OXTITLE_1`, `OXSHORTDESC_1`, `OXTITLE_2`, `OXSHORTDESC_2`, `OXTITLE_3`, `OXSHORTDESC_3`, `OXSHOWSUFFIX`) VALUES('testdistributor7', 'oxbaseshop', 0, '', '3 EN distributor šųößлы', '7 EN distributor description šųößлы', '7 DE distributor šųößлы', '3 DE distributor description', '', '', '', '', 1);
INSERT INTO `oxvendor` (`OXID`, `OXSHOPID`, `OXACTIVE`, `OXICON`, `OXTITLE`, `OXSHORTDESC`, `OXTITLE_1`, `OXSHORTDESC_1`, `OXTITLE_2`, `OXSHORTDESC_2`, `OXTITLE_3`, `OXSHORTDESC_3`, `OXSHOWSUFFIX`) VALUES('testdistributor8', 'oxbaseshop', 0, '', '1 EN distributor šųößлы', '[last] EN distributor description šųößлы', '[last] DE distributor šųößлы', '1 DE distributor description', '', '', '', '', 1);
INSERT INTO `oxvendor` (`OXID`, `OXSHOPID`, `OXACTIVE`, `OXICON`, `OXTITLE`, `OXSHORTDESC`, `OXTITLE_1`, `OXSHORTDESC_1`, `OXTITLE_2`, `OXSHORTDESC_2`, `OXTITLE_3`, `OXSHORTDESC_3`, `OXSHOWSUFFIX`) VALUES('testdistributor3', 'oxbaseshop', 0, '', '5 EN distributor šųößлы', '3 EN distributor description šųößлы', '3 DE distributor šųößлы', '5 DE distributor description', '', '', '', '', 1);

INSERT INTO `oxvouchers` (`OXDATEUSED`, `OXORDERID`, `OXUSERID`, `OXRESERVED`, `OXVOUCHERNR`, `OXVOUCHERSERIEID`, `OXDISCOUNT`, `OXID`) VALUES(NULL, '', '', 0, '123123', 'testvoucher4', NULL, 'testcoucher011');
INSERT INTO `oxvouchers` (`OXDATEUSED`, `OXORDERID`, `OXUSERID`, `OXRESERVED`, `OXVOUCHERNR`, `OXVOUCHERSERIEID`, `OXDISCOUNT`, `OXID`) VALUES(NULL, '', '', 0, '111111', 'testcoupon1', NULL, 'testvoucher001');
INSERT INTO `oxvouchers` (`OXDATEUSED`, `OXORDERID`, `OXUSERID`, `OXRESERVED`, `OXVOUCHERNR`, `OXVOUCHERSERIEID`, `OXDISCOUNT`, `OXID`) VALUES(NULL, '', '', 0, '111111', 'testcoupon1', NULL, 'testvoucher002');
INSERT INTO `oxvouchers` (`OXDATEUSED`, `OXORDERID`, `OXUSERID`, `OXRESERVED`, `OXVOUCHERNR`, `OXVOUCHERSERIEID`, `OXDISCOUNT`, `OXID`) VALUES(NULL, '', '', 0, '111111', 'testcoupon1', NULL, 'testvoucher003');
INSERT INTO `oxvouchers` (`OXDATEUSED`, `OXORDERID`, `OXUSERID`, `OXRESERVED`, `OXVOUCHERNR`, `OXVOUCHERSERIEID`, `OXDISCOUNT`, `OXID`) VALUES(NULL, '', '', 0, '111111', 'testcoupon1', NULL, 'testvoucher004');
INSERT INTO `oxvouchers` (`OXDATEUSED`, `OXORDERID`, `OXUSERID`, `OXRESERVED`, `OXVOUCHERNR`, `OXVOUCHERSERIEID`, `OXDISCOUNT`, `OXID`) VALUES(NULL, '', '', 0, '111111', 'testcoupon1', NULL, 'testvoucher005');
INSERT INTO `oxvouchers` (`OXDATEUSED`, `OXORDERID`, `OXUSERID`, `OXRESERVED`, `OXVOUCHERNR`, `OXVOUCHERSERIEID`, `OXDISCOUNT`, `OXID`) VALUES(NULL, '', '', 0, '222222', 'testcoupon2', NULL, 'testvoucher006');
INSERT INTO `oxvouchers` (`OXDATEUSED`, `OXORDERID`, `OXUSERID`, `OXRESERVED`, `OXVOUCHERNR`, `OXVOUCHERSERIEID`, `OXDISCOUNT`, `OXID`) VALUES(NULL, '', '', 0, '222222', 'testcoupon2', NULL, 'testvoucher007');
INSERT INTO `oxvouchers` (`OXDATEUSED`, `OXORDERID`, `OXUSERID`, `OXRESERVED`, `OXVOUCHERNR`, `OXVOUCHERSERIEID`, `OXDISCOUNT`, `OXID`) VALUES(NULL, '', '', 0, '222222', 'testcoupon2', NULL, 'testvoucher008');
INSERT INTO `oxvouchers` (`OXDATEUSED`, `OXORDERID`, `OXUSERID`, `OXRESERVED`, `OXVOUCHERNR`, `OXVOUCHERSERIEID`, `OXDISCOUNT`, `OXID`) VALUES(NULL, '', '', 0, '222222', 'testcoupon2', NULL, 'testvoucher009');
INSERT INTO `oxvouchers` (`OXDATEUSED`, `OXORDERID`, `OXUSERID`, `OXRESERVED`, `OXVOUCHERNR`, `OXVOUCHERSERIEID`, `OXDISCOUNT`, `OXID`) VALUES(NULL, '', '', 0, '222222', 'testcoupon2', NULL, 'testvoucher010');

INSERT INTO `oxvoucherseries` (`OXID`, `OXSHOPID`, `OXSERIENR`, `OXSERIEDESCRIPTION`, `OXDISCOUNT`, `OXDISCOUNTTYPE`, `OXSTARTDATE`, `OXRELEASEDATE`, `OXBEGINDATE`, `OXENDDATE`, `OXALLOWSAMESERIES`, `OXALLOWOTHERSERIES`, `OXALLOWUSEANOTHER`, `OXMINIMUMVALUE`, `OXCALCULATEONCE`) VALUES('testcoupon1', 'oxbaseshop', 'Test coupon 1 šųößлы', 'Test coupon 1 desc šųößлы', 10.00, 'absolute', '0000-00-00 00:00:00', '0000-00-00 00:00:00', '2008-01-01 00:00:00', '2020-01-01 00:00:00', 1, 1, 1, 75.00, 0);
INSERT INTO `oxvoucherseries` (`OXID`, `OXSHOPID`, `OXSERIENR`, `OXSERIEDESCRIPTION`, `OXDISCOUNT`, `OXDISCOUNTTYPE`, `OXSTARTDATE`, `OXRELEASEDATE`, `OXBEGINDATE`, `OXENDDATE`, `OXALLOWSAMESERIES`, `OXALLOWOTHERSERIES`, `OXALLOWUSEANOTHER`, `OXMINIMUMVALUE`, `OXCALCULATEONCE`) VALUES('testcoupon2', 'oxbaseshop', 'Test coupon 2 šųößлы', 'Test coupon 2 desc šųößлы', 5.00, 'percent', '0000-00-00 00:00:00', '0000-00-00 00:00:00', '2008-01-01 00:00:00', '2020-01-01 00:00:00', 0, 0, 0, 75.00, 0);
INSERT INTO `oxvoucherseries` (`OXID`, `OXSHOPID`, `OXSERIENR`, `OXSERIEDESCRIPTION`, `OXDISCOUNT`, `OXDISCOUNTTYPE`, `OXSTARTDATE`, `OXRELEASEDATE`, `OXBEGINDATE`, `OXENDDATE`, `OXALLOWSAMESERIES`, `OXALLOWOTHERSERIES`, `OXALLOWUSEANOTHER`, `OXMINIMUMVALUE`, `OXCALCULATEONCE`) VALUES('testvoucher1', 'oxbaseshop', '1 Coupon šųößлы', '1 Description šųößлы', 5.00, 'absolute', '0000-00-00 00:00:00', '0000-00-00 00:00:00', '2007-01-01 00:00:00', '2010-12-31 00:00:00', 0, 0, 0, 10.00, 0);
INSERT INTO `oxvoucherseries` (`OXID`, `OXSHOPID`, `OXSERIENR`, `OXSERIEDESCRIPTION`, `OXDISCOUNT`, `OXDISCOUNTTYPE`, `OXSTARTDATE`, `OXRELEASEDATE`, `OXBEGINDATE`, `OXENDDATE`, `OXALLOWSAMESERIES`, `OXALLOWOTHERSERIES`, `OXALLOWUSEANOTHER`, `OXMINIMUMVALUE`, `OXCALCULATEONCE`) VALUES('testvoucher2', 'oxbaseshop', '2 Coupon šųößлы', '2 Coupon šųößлы', 3.00, 'absolute', '0000-00-00 00:00:00', '0000-00-00 00:00:00', '2009-01-01 00:00:00', '2009-10-10 00:00:00', 0, 0, 0, 25.00, 0);
INSERT INTO `oxvoucherseries` (`OXID`, `OXSHOPID`, `OXSERIENR`, `OXSERIEDESCRIPTION`, `OXDISCOUNT`, `OXDISCOUNTTYPE`, `OXSTARTDATE`, `OXRELEASEDATE`, `OXBEGINDATE`, `OXENDDATE`, `OXALLOWSAMESERIES`, `OXALLOWOTHERSERIES`, `OXALLOWUSEANOTHER`, `OXMINIMUMVALUE`, `OXCALCULATEONCE`) VALUES('testvoucher3', 'oxbaseshop', '3 Coupon šųößлы', '3 Coupon šųößлы', 15.00, 'percent', '0000-00-00 00:00:00', '0000-00-00 00:00:00', '2007-12-31 00:00:00', '2009-12-31 00:00:00', 0, 0, 0, 100.00, 0);
INSERT INTO `oxvoucherseries` (`OXID`, `OXSHOPID`, `OXSERIENR`, `OXSERIEDESCRIPTION`, `OXDISCOUNT`, `OXDISCOUNTTYPE`, `OXSTARTDATE`, `OXRELEASEDATE`, `OXBEGINDATE`, `OXENDDATE`, `OXALLOWSAMESERIES`, `OXALLOWOTHERSERIES`, `OXALLOWUSEANOTHER`, `OXMINIMUMVALUE`, `OXCALCULATEONCE`) VALUES('testvoucher4', 'oxbaseshop', '4 Coupon šųößлы', '4 Coupon šųößлы', 50.00, 'percent', '0000-00-00 00:00:00', '0000-00-00 00:00:00', '2008-01-01 00:00:00', '2010-01-01 00:00:00', 0, 0, 0, 45.00, 0);
INSERT INTO `oxvoucherseries` (`OXID`, `OXSHOPID`, `OXSERIENR`, `OXSERIEDESCRIPTION`, `OXDISCOUNT`, `OXDISCOUNTTYPE`, `OXSTARTDATE`, `OXRELEASEDATE`, `OXBEGINDATE`, `OXENDDATE`, `OXALLOWSAMESERIES`, `OXALLOWOTHERSERIES`, `OXALLOWUSEANOTHER`, `OXMINIMUMVALUE`, `OXCALCULATEONCE`) VALUES('testvoucher5', 'oxbaseshop', '5 Coupon šųößлы', '5 Coupon šųößлы', 30.00, 'percent', '0000-00-00 00:00:00', '0000-00-00 00:00:00', '2008-01-01 00:00:00', '2010-01-01 00:00:00', 0, 0, 0, 300.00, 0);
INSERT INTO `oxvoucherseries` (`OXID`, `OXSHOPID`, `OXSERIENR`, `OXSERIEDESCRIPTION`, `OXDISCOUNT`, `OXDISCOUNTTYPE`, `OXSTARTDATE`, `OXRELEASEDATE`, `OXBEGINDATE`, `OXENDDATE`, `OXALLOWSAMESERIES`, `OXALLOWOTHERSERIES`, `OXALLOWUSEANOTHER`, `OXMINIMUMVALUE`, `OXCALCULATEONCE`) VALUES('testvoucher6', 'oxbaseshop', '6 Coupon šųößлы', '6 Coupon šųößлы', 20.00, 'percent', '0000-00-00 00:00:00', '0000-00-00 00:00:00', '2008-01-01 00:00:00', '2010-01-01 00:00:00', 0, 0, 0, 300.00, 0);
INSERT INTO `oxvoucherseries` (`OXID`, `OXSHOPID`, `OXSERIENR`, `OXSERIEDESCRIPTION`, `OXDISCOUNT`, `OXDISCOUNTTYPE`, `OXSTARTDATE`, `OXRELEASEDATE`, `OXBEGINDATE`, `OXENDDATE`, `OXALLOWSAMESERIES`, `OXALLOWOTHERSERIES`, `OXALLOWUSEANOTHER`, `OXMINIMUMVALUE`, `OXCALCULATEONCE`) VALUES('testvoucher7', 'oxbaseshop', '7 Coupon šųößлы', '7 Coupon šųößлы', 25.00, 'absolute', '0000-00-00 00:00:00', '0000-00-00 00:00:00', '2008-01-01 00:00:00', '2010-01-01 00:00:00', 0, 0, 0, 300.00, 0);
INSERT INTO `oxvoucherseries` (`OXID`, `OXSHOPID`, `OXSERIENR`, `OXSERIEDESCRIPTION`, `OXDISCOUNT`, `OXDISCOUNTTYPE`, `OXSTARTDATE`, `OXRELEASEDATE`, `OXBEGINDATE`, `OXENDDATE`, `OXALLOWSAMESERIES`, `OXALLOWOTHERSERIES`, `OXALLOWUSEANOTHER`, `OXMINIMUMVALUE`, `OXCALCULATEONCE`) VALUES('testvoucher8', 'oxbaseshop', '8 Coupon šųößлы', '8 Coupon šųößлы', 54.00, 'absolute', '0000-00-00 00:00:00', '0000-00-00 00:00:00', '2008-01-01 00:00:00', '2010-01-01 00:00:00', 0, 0, 0, 300.00, 0);
INSERT INTO `oxvoucherseries` (`OXID`, `OXSHOPID`, `OXSERIENR`, `OXSERIEDESCRIPTION`, `OXDISCOUNT`, `OXDISCOUNTTYPE`, `OXSTARTDATE`, `OXRELEASEDATE`, `OXBEGINDATE`, `OXENDDATE`, `OXALLOWSAMESERIES`, `OXALLOWOTHERSERIES`, `OXALLOWUSEANOTHER`, `OXMINIMUMVALUE`, `OXCALCULATEONCE`) VALUES('testvoucher9', 'oxbaseshop', '[last] Coupon šųößлы', '9 Coupon šųößлы', 64.00, 'absolute', '0000-00-00 00:00:00', '0000-00-00 00:00:00', '2008-01-01 00:00:00', '2010-01-01 00:00:00', 0, 0, 0, 300.00, 0);

INSERT INTO `oxwrapping` (`OXID`, `OXSHOPID`, `OXACTIVE`, `OXACTIVE_1`, `OXACTIVE_2`, `OXACTIVE_3`, `OXTYPE`, `OXNAME`, `OXNAME_1`, `OXNAME_2`, `OXNAME_3`, `OXPIC`, `OXPRICE`) VALUES('testwrapping', 'oxbaseshop', 1, 1, 1, 1, 'WRAP', 'Test wrapping [EN] šųößлы', 'Test wrapping [DE] šųößлы', '', '', '', 0.9);
INSERT INTO `oxwrapping` (`OXID`, `OXSHOPID`, `OXACTIVE`, `OXACTIVE_1`, `OXACTIVE_2`, `OXACTIVE_3`, `OXTYPE`, `OXNAME`, `OXNAME_1`, `OXNAME_2`, `OXNAME_3`, `OXPIC`, `OXPRICE`) VALUES('testcard', 'oxbaseshop', 1, 1, 1, 1, 'CARD', 'Test card [EN] šųößлы', 'Test card [DE] šųößлы', '', '', '', 0.2);
INSERT INTO `oxwrapping` (`OXID`, `OXSHOPID`, `OXACTIVE`, `OXACTIVE_1`, `OXACTIVE_2`, `OXACTIVE_3`, `OXTYPE`, `OXNAME`, `OXNAME_1`, `OXNAME_2`, `OXNAME_3`, `OXPIC`, `OXPRICE`) VALUES('testwrap2', 'oxbaseshop', 1, 0, 0, 0, 'WRAP', '4 EN Gift Wrapping šųößлы', '2 DE Gift Wrapping šųößлы', '', '', '3img.png', 2);
INSERT INTO `oxwrapping` (`OXID`, `OXSHOPID`, `OXACTIVE`, `OXACTIVE_1`, `OXACTIVE_2`, `OXACTIVE_3`, `OXTYPE`, `OXNAME`, `OXNAME_1`, `OXNAME_2`, `OXNAME_3`, `OXPIC`, `OXPRICE`) VALUES('testwrap1', 'oxbaseshop', 1, 0, 0, 0, 'WRAP', '3 EN Gift Wrapping šųößлы', '1 DE Gift Wrapping šųößлы', '', '', '[last]img.png', 1);
INSERT INTO `oxwrapping` (`OXID`, `OXSHOPID`, `OXACTIVE`, `OXACTIVE_1`, `OXACTIVE_2`, `OXACTIVE_3`, `OXTYPE`, `OXNAME`, `OXNAME_1`, `OXNAME_2`, `OXNAME_3`, `OXPIC`, `OXPRICE`) VALUES('testwrap3', 'oxbaseshop', 1, 0, 0, 0, 'WRAP', '1 EN Gift Wrapping šųößлы', '3 DE Gift Wrapping šųößлы', '', '', '4img.png', 3);
INSERT INTO `oxwrapping` (`OXID`, `OXSHOPID`, `OXACTIVE`, `OXACTIVE_1`, `OXACTIVE_2`, `OXACTIVE_3`, `OXTYPE`, `OXNAME`, `OXNAME_1`, `OXNAME_2`, `OXNAME_3`, `OXPIC`, `OXPRICE`) VALUES('testwrap4', 'oxbaseshop', 1, 0, 0, 0, 'WRAP', '[last] EN Gift Wrapping šųößлы', '4 DE Gift Wrapping šųößлы', '', '', '5img.png', 4);
INSERT INTO `oxwrapping` (`OXID`, `OXSHOPID`, `OXACTIVE`, `OXACTIVE_1`, `OXACTIVE_2`, `OXACTIVE_3`, `OXTYPE`, `OXNAME`, `OXNAME_1`, `OXNAME_2`, `OXNAME_3`, `OXPIC`, `OXPRICE`) VALUES('testwrap5', 'oxbaseshop', 1, 0, 0, 0, 'WRAP', '2 EN Gift Wrapping šųößлы', '[last] DE Gift Wrapping šųößлы', '', '', '1img.png', 5);

#updating oxconfig settings
UPDATE `oxconfig` SET `OXVARVALUE` = 0x93ea1218   WHERE `OXVARNAME` = 'bl_perfShowLeftBasket';
UPDATE `oxconfig` SET `OXVARVALUE` = 0x93ea1218   WHERE `OXVARNAME` = 'bl_perfUseSelectlistPrice';
UPDATE `oxconfig` SET `OXVARVALUE` = 0x7900fdf51e WHERE `OXVARNAME` = 'bl_perfShowActionCatArticleCnt';
UPDATE `oxconfig` SET `OXVARVALUE` = 0x07a1       WHERE `OXVARNAME` = 'dDefaultVAT';
UPDATE `oxconfig` SET `OXVARVALUE` = 0x93ea1218   WHERE `OXVARNAME` = 'blOtherCountryOrder';
UPDATE `oxconfig` SET `OXVARVALUE` = 0xde         WHERE `OXVARNAME` = 'iNewBasketItemMessage';
UPDATE `oxconfig` SET `OXVARVALUE` = 0x7900fdf51e WHERE `OXVARNAME` = 'blCheckTemplates';
UPDATE `oxconfig` SET `OXVARVALUE` = 0x93ea1218   WHERE `OXVARNAME` = 'blDisableNavBars';
UPDATE `oxconfig` SET `OXVARVALUE` = 0x93ea1218   WHERE `OXVARNAME` = 'blAllowUnevenAmounts';
UPDATE `oxconfig` SET `OXVARVALUE` = 0x7900fdf51e WHERE `OXVARNAME` = 'blTopNaviLayout';
INSERT INTO `oxconfig` (`OXID`, `OXSHOPID`, `OXVARNAME`, `OXVARTYPE`, `OXVARVALUE`) VALUES ('fb547ac17e4a10201.92066345', 'oxbaseshop', 'perf_LoadFullVariantsInLists',  'bool', 0x7900fdf51e);
INSERT INTO `oxconfig` (`OXID`, `OXSHOPID`, `OXVARNAME`, `OXVARTYPE`, `OXVARVALUE`) VALUES ('fb547ac17e4a5ba72.64297620', 'oxbaseshop', 'bl_perfLoadSelectListsInAList', 'bool', 0x93ea1218);
INSERT INTO `oxconfig` (`OXID`, `OXSHOPID`, `OXVARNAME`, `OXVARTYPE`, `OXVARVALUE`) VALUES ('fb547ac17e4a910c8.33968384', 'oxbaseshop', 'blLoadSelectBoxAlways',         'bool', 0x93ea1218);
INSERT INTO `oxconfig` (`OXID`, `OXSHOPID`, `OXVARNAME`, `OXVARTYPE`, `OXVARVALUE`) VALUES ('fb547ac17e4a97dd3.93417742', 'oxbaseshop', 'blPerfNoBasketSaving',          'bool', 0x93ea1218);
INSERT INTO `oxconfig` (`OXID`, `OXSHOPID`, `OXVARNAME`, `OXVARTYPE`, `OXVARVALUE`) VALUES ('fb547ac17e4b09392.16665436', 'oxbaseshop', 'bl_perfLoadAttributes',         'bool', 0x7900fdf51e);
INSERT INTO `oxconfig` (`OXID`, `OXSHOPID`, `OXVARNAME`, `OXVARTYPE`, `OXVARVALUE`) VALUES ('35796d0bdbbda3bb54fcd0fb84', 'oxbaseshop', 'iMinOrderPrice',                'str',  0xfba4);
INSERT INTO `oxconfig` (`OXID`, `OXSHOPID`, `OXVARNAME`, `OXVARTYPE`, `OXVARVALUE`) VALUES ('33bd5512d7d7366681eb850502', 'oxbaseshop', 'blOverrideZeroABCPrices',       'bool', 0x93ea1218);
INSERT INTO `oxconfig` (`OXID`, `OXSHOPID`, `OXVARNAME`, `OXVARTYPE`, `OXVARVALUE`) VALUES ('o8f457d79e0531c14.54212021', 'oxbaseshop', 'bl_perfShowTopBasket',          'bool', 0x93ea1218);
INSERT INTO `oxconfig` (`OXID`, `OXSHOPID`, `OXVARNAME`, `OXVARTYPE`, `OXVARVALUE`) VALUES ('34d266d01313cf456a4a1d2c9f', 'oxbaseshop', 'blShowOrderButtonOnTop',        'bool', 0x93ea1218);
INSERT INTO `oxconfig` (`OXID`, `OXSHOPID`, `OXVARNAME`, `OXVARTYPE`, `OXVARVALUE`) VALUES ('2b456gjk7156737a6edc6814c5', 'oxbaseshop', 'bl_rssBargain',                  'bool', 0x07);
INSERT INTO `oxconfig` (`OXID`, `OXSHOPID`, `OXVARNAME`, `OXVARTYPE`, `OXVARVALUE`) VALUES ('2bpte85227eb159aedc68164c5', 'oxbaseshop', 'bl_rssRecommLists',              'bool', 0x07);
INSERT INTO `oxconfig` (`OXID`, `OXSHOPID`, `OXVARNAME`, `OXVARTYPE`, `OXVARVALUE`) VALUES ('2b7lojk77123rtdskdj68164c5', 'oxbaseshop', 'bl_rssRecommListArts',          'bool', 0x07);
#UPDATE `oxconfig` SET `OXVARVALUE` = 0x4dba852e75e64cf5ccd4aea5675a0d492fe42584187fbf8c9b11d3b01306b7f34f3e85a640802d63112081e17db027a004c2dc41dc0f34e296365c35ff74e3bb70693767b16bd7114149643668c6b3b9e95da86203264a2444c2881030198857baaa8be9b555b284a88db85ad196bed825c4cf572b2d3b38b50619fd949938aa1d1e21a66ac76896cbf6f9d004781e610189bf1163dc03c89fb6078b WHERE `OXVARNAME` = 'aCurrencies';
UPDATE `oxconfig` SET `OXVARVALUE` = 0x4dba222b70e349f0c9d1aba6133981af1e8d79724d7309a19dd3eed099418943829510e114c4f6ffcb2543f5856ec4fea325d58b96e406decb977395c57d7cc79eec7f9f8dd6e30e2f68d198bd9d079dbe8b4f WHERE `OXVARNAME` = 'aNrofCatArticles';
UPDATE `oxconfig` SET `OXVARVALUE` = 0x4dbace29724a51b6af7d09aac117301142e91c3c5b7eed9a850f85c1e3d58739aa9ea92523f05320a95060d60d57fbb027bad88efdaa0b928ebcd6aacf58084d31dd6ed5e718b833f1079b3805d28203f284492955c82cea3405879ea7588ec610ccde56acede495 WHERE `OXVARNAME` = 'aInterfaceProfiles';
UPDATE `oxconfig` SET `OXVARVALUE` = 0x4dba852e754d5687a27014f845019cf1479104d85f4b9503e8aeb8d8fe71ef2a64a45f4f4e7d48d03ff244bf852bd617455946c0fe481dd6d4d43f95 WHERE `OXVARNAME` = 'aSeoReplaceChars';

#azure theme config
DELETE FROM `oxconfig` WHERE `OXMODULE` = 'theme:azure' AND `OXVARNAME` = 'iTopNaviCatCount';
INSERT INTO `oxconfig` (`OXID`, `OXSHOPID`, `OXMODULE`, `OXVARNAME`, `OXVARTYPE`, `OXVARVALUE`) VALUES ('bd9f44ba4062387b0678d3ad7a', 'oxbaseshop', 'theme:azure', 'iTopNaviCatCount', 'str', 0xb0);

#updating smtp and email information
UPDATE `oxshops` SET `OXPRODUCTIVE` = 1, `OXINFOEMAIL` = 'birute_test@nfq.lt', `OXORDEREMAIL` = 'birute_test@nfq.lt', `OXOWNEREMAIL` = 'birute_test@nfq.lt', `OXSMTP` = 'mail.nfq.lt', `OXDEFCAT` = '' WHERE `OXID` = 'oxbaseshop';
UPDATE `oxcountry` SET `OXVATSTATUS` = 0 WHERE `OXTITLE` = 'Austria';
UPDATE `oxcountry` SET `OXACTIVE` = 1 WHERE `OXTITLE` = 'Germany';
UPDATE `oxcountry` SET `OXACTIVE` = 1 WHERE `OXTITLE` = 'Austria';
UPDATE `oxcountry` SET `OXACTIVE` = 1 WHERE `OXTITLE` = 'Switzerland';
UPDATE `oxcountry` SET `OXACTIVE` = 1 WHERE `OXTITLE` = 'Liechtenstein';
UPDATE `oxcountry` SET `OXACTIVE` = 1 WHERE `OXTITLE` = 'Italy';
UPDATE `oxcountry` SET `OXACTIVE` = 1 WHERE `OXTITLE` = 'Luxembourg';
UPDATE `oxcountry` SET `OXACTIVE` = 1 WHERE `OXTITLE` = 'France';
UPDATE `oxcountry` SET `OXACTIVE` = 1 WHERE `OXTITLE` = 'Sweden';
UPDATE `oxcountry` SET `OXACTIVE` = 1 WHERE `OXTITLE` = 'Finland';
UPDATE `oxcountry` SET `OXACTIVE` = 1 WHERE `OXTITLE` = 'United Kingdom';
UPDATE `oxcountry` SET `OXACTIVE` = 1 WHERE `OXTITLE` = 'Ireland';
UPDATE `oxcountry` SET `OXACTIVE` = 1 WHERE `OXTITLE` = 'Netherlands';
UPDATE `oxcountry` SET `OXACTIVE` = 1 WHERE `OXTITLE` = 'Belgium';
UPDATE `oxcountry` SET `OXACTIVE` = 1 WHERE `OXTITLE` = 'Portugal';
UPDATE `oxcountry` SET `OXACTIVE` = 1 WHERE `OXTITLE` = 'Spain';
UPDATE `oxcountry` SET `OXACTIVE` = 1 WHERE `OXTITLE` = 'Greece';

#additional for features testing
UPDATE `oxconfig` SET `OXVARVALUE` = '' WHERE `OXVARNAME` = 'blCheckForUpdates';
UPDATE `oxconfig` SET `OXVARVALUE` = '' WHERE `OXVARNAME` = 'blLoadDynContents';