SET SQL_MODE="NO_AUTO_VALUE_ON_ZERO";

INSERT INTO oxarticles (`OXID`, `OXSHOPID`, `OXSHOPINCL`, `OXSHOPEXCL`, `OXPARENTID`, `OXACTIVE`, `OXACTIVEFROM`, `OXACTIVETO`, `OXARTNUM`, `OXEAN`, `OXDISTEAN`, `OXMPN`, `OXTITLE`, `OXSHORTDESC`, `OXPRICE`, `OXBLFIXEDPRICE`, `OXPRICEA`, `OXPRICEB`, `OXPRICEC`, `OXBPRICE`, `OXTPRICE`, `OXUNITNAME`, `OXUNITQUANTITY`, `OXEXTURL`, `OXURLDESC`, `OXURLIMG`, `OXVAT`, `OXWEIGHT`, `OXSTOCK`, `OXSTOCKFLAG`, `OXSTOCKTEXT`, `OXNOSTOCKTEXT`, `OXDELIVERY`, `OXINSERT`, `OXTIMESTAMP`, `OXLENGTH`, `OXWIDTH`, `OXHEIGHT`, `OXFILE`, `OXSEARCHKEYS`, `OXTEMPLATE`, `OXQUESTIONEMAIL`, `OXISSEARCH`, `OXISCONFIGURABLE`, `OXVARNAME`, `OXVARSTOCK`, `OXVARCOUNT`, `OXVARSELECT`, `OXVARMINPRICE`, `OXVARNAME_1`, `OXVARSELECT_1`, `OXVARNAME_2`, `OXVARSELECT_2`, `OXVARNAME_3`, `OXVARSELECT_3`, `OXTITLE_1`, `OXSHORTDESC_1`, `OXURLDESC_1`, `OXSEARCHKEYS_1`, `OXTITLE_2`, `OXSHORTDESC_2`, `OXURLDESC_2`, `OXSEARCHKEYS_2`, `OXTITLE_3`, `OXSHORTDESC_3`, `OXURLDESC_3`, `OXSEARCHKEYS_3`, `OXFOLDER`, `OXSUBCLASS`, `OXSTOCKTEXT_1`, `OXSTOCKTEXT_2`, `OXSTOCKTEXT_3`, `OXNOSTOCKTEXT_1`, `OXNOSTOCKTEXT_2`, `OXNOSTOCKTEXT_3`, `OXSORT`, `OXSOLDAMOUNT`, `OXNONMATERIAL`, `OXFREESHIPPING`, `OXREMINDACTIVE`, `OXREMINDAMOUNT`, `OXAMITEMID`, `OXAMTASKID`, `OXVENDORID`, `OXMANUFACTURERID`, `OXSKIPDISCOUNTS`, `OXORDERINFO`, `OXPIXIEXPORT`, `OXPIXIEXPORTED`, `OXVPE`, `OXRATING`, `OXRATINGCNT`, `OXMINDELTIME`, `OXMAXDELTIME`, `OXDELTIMEUNIT`) VALUES ('1000',   1, 1, 0, '',     1, '0000-00-00 00:00:00', '0000-00-00 00:00:00', '1000',   '', '', '', 'Test product 0 [EN] šųößлы', 'Test product 0 short desc [EN] šųößлы', 50,  0, 35, 45, 55, 0, 0,   'kg', 2, '', '', '', NULL, 24, 15, 1, 'In stock [EN] šųößлы', 'Out of stock [EN] šųößлы', '0000-00-00', '2008-02-04', '2010-03-15 15:34:27', 1, 2, 2, '', 'šųößлы1000', '', '', 1,  0, '',                     0,  0, '',                 50,  '',              '',          '', '', '', '', '[DE 4] Test product 0 šųößлы', 'Test product 0 short desc [DE]', '', 'search1000', '', '', '', '', '', '', '', '', '', 'oxarticle', 'In stock [DE]', '', '', 'Out of stock [DE]', '', '', 0, 0, 0, 0, 0, 0, '', '', 'testdistributor', 'testmanufacturer', 0, '', 0, '0000-00-00 00:00:00', 1, 0, 0, 1, 1, 'DAY');
INSERT INTO oxarticles (`OXID`, `OXSHOPID`, `OXSHOPINCL`, `OXSHOPEXCL`, `OXPARENTID`, `OXACTIVE`, `OXACTIVEFROM`, `OXACTIVETO`, `OXARTNUM`, `OXEAN`, `OXDISTEAN`, `OXMPN`, `OXTITLE`, `OXSHORTDESC`, `OXPRICE`, `OXBLFIXEDPRICE`, `OXPRICEA`, `OXPRICEB`, `OXPRICEC`, `OXBPRICE`, `OXTPRICE`, `OXUNITNAME`, `OXUNITQUANTITY`, `OXEXTURL`, `OXURLDESC`, `OXURLIMG`, `OXVAT`, `OXWEIGHT`, `OXSTOCK`, `OXSTOCKFLAG`, `OXSTOCKTEXT`, `OXNOSTOCKTEXT`, `OXDELIVERY`, `OXINSERT`, `OXTIMESTAMP`, `OXLENGTH`, `OXWIDTH`, `OXHEIGHT`, `OXFILE`, `OXSEARCHKEYS`, `OXTEMPLATE`, `OXQUESTIONEMAIL`, `OXISSEARCH`, `OXISCONFIGURABLE`, `OXVARNAME`, `OXVARSTOCK`, `OXVARCOUNT`, `OXVARSELECT`, `OXVARMINPRICE`, `OXVARNAME_1`, `OXVARSELECT_1`, `OXVARNAME_2`, `OXVARSELECT_2`, `OXVARNAME_3`, `OXVARSELECT_3`, `OXTITLE_1`, `OXSHORTDESC_1`, `OXURLDESC_1`, `OXSEARCHKEYS_1`, `OXTITLE_2`, `OXSHORTDESC_2`, `OXURLDESC_2`, `OXSEARCHKEYS_2`, `OXTITLE_3`, `OXSHORTDESC_3`, `OXURLDESC_3`, `OXSEARCHKEYS_3`, `OXFOLDER`, `OXSUBCLASS`, `OXSTOCKTEXT_1`, `OXSTOCKTEXT_2`, `OXSTOCKTEXT_3`, `OXNOSTOCKTEXT_1`, `OXNOSTOCKTEXT_2`, `OXNOSTOCKTEXT_3`, `OXSORT`, `OXSOLDAMOUNT`, `OXNONMATERIAL`, `OXFREESHIPPING`, `OXREMINDACTIVE`, `OXREMINDAMOUNT`, `OXAMITEMID`, `OXAMTASKID`, `OXVENDORID`, `OXMANUFACTURERID`, `OXSKIPDISCOUNTS`, `OXORDERINFO`, `OXPIXIEXPORT`, `OXPIXIEXPORTED`, `OXVPE`, `OXRATING`, `OXRATINGCNT`, `OXMINDELTIME`, `OXMAXDELTIME`, `OXDELTIMEUNIT`) VALUES ('1001',   1, 1, 0, '',     1, '0000-00-00 00:00:00', '0000-00-00 00:00:00', '1001',   '', '', '', 'Test product 1 [EN] šųößлы', 'Test product 1 short desc [EN] šųößлы', 100, 0, 0,  0,  0,  0, 150, '',   0, '', '', '', 10,   0,  0,  1, '',                     '',                         '2008-01-01', '2008-02-04', '2010-03-15 15:34:27', 0, 0, 0, '', 'šųößлы1001', '', '', 1,  0, '',                     0,  0, '',                 100, '',              '',          '', '', '', '', '[DE 1] Test product 1 šųößлы', 'Test product 1 short desc [DE]', '', 'search1001', '', '', '', '', '', '', '', '', '', 'oxarticle', '',              '', '', '',                  '', '', 0, 0, 0, 0, 0, 0, '', '', 'testdistributor', 'testmanufacturer', 0, '', 0, '0000-00-00 00:00:00', 1, 0, 0, 0, 1, 'WEEK');
INSERT INTO oxarticles (`OXID`, `OXSHOPID`, `OXSHOPINCL`, `OXSHOPEXCL`, `OXPARENTID`, `OXACTIVE`, `OXACTIVEFROM`, `OXACTIVETO`, `OXARTNUM`, `OXEAN`, `OXDISTEAN`, `OXMPN`, `OXTITLE`, `OXSHORTDESC`, `OXPRICE`, `OXBLFIXEDPRICE`, `OXPRICEA`, `OXPRICEB`, `OXPRICEC`, `OXBPRICE`, `OXTPRICE`, `OXUNITNAME`, `OXUNITQUANTITY`, `OXEXTURL`, `OXURLDESC`, `OXURLIMG`, `OXVAT`, `OXWEIGHT`, `OXSTOCK`, `OXSTOCKFLAG`, `OXSTOCKTEXT`, `OXNOSTOCKTEXT`, `OXDELIVERY`, `OXINSERT`, `OXTIMESTAMP`, `OXLENGTH`, `OXWIDTH`, `OXHEIGHT`, `OXFILE`, `OXSEARCHKEYS`, `OXTEMPLATE`, `OXQUESTIONEMAIL`, `OXISSEARCH`, `OXISCONFIGURABLE`, `OXVARNAME`, `OXVARSTOCK`, `OXVARCOUNT`, `OXVARSELECT`, `OXVARMINPRICE`, `OXVARNAME_1`, `OXVARSELECT_1`, `OXVARNAME_2`, `OXVARSELECT_2`, `OXVARNAME_3`, `OXVARSELECT_3`, `OXTITLE_1`, `OXSHORTDESC_1`, `OXURLDESC_1`, `OXSEARCHKEYS_1`, `OXTITLE_2`, `OXSHORTDESC_2`, `OXURLDESC_2`, `OXSEARCHKEYS_2`, `OXTITLE_3`, `OXSHORTDESC_3`, `OXURLDESC_3`, `OXSEARCHKEYS_3`, `OXFOLDER`, `OXSUBCLASS`, `OXSTOCKTEXT_1`, `OXSTOCKTEXT_2`, `OXSTOCKTEXT_3`, `OXNOSTOCKTEXT_1`, `OXNOSTOCKTEXT_2`, `OXNOSTOCKTEXT_3`, `OXSORT`, `OXSOLDAMOUNT`, `OXNONMATERIAL`, `OXFREESHIPPING`, `OXREMINDACTIVE`, `OXREMINDAMOUNT`, `OXAMITEMID`, `OXAMTASKID`, `OXVENDORID`, `OXMANUFACTURERID`, `OXSKIPDISCOUNTS`, `OXORDERINFO`, `OXPIXIEXPORT`, `OXPIXIEXPORTED`, `OXVPE`, `OXRATING`, `OXRATINGCNT`, `OXMINDELTIME`, `OXMAXDELTIME`, `OXDELTIMEUNIT`) VALUES ('1002',   1, 1, 0, '',     1, '0000-00-00 00:00:00', '0000-00-00 00:00:00', '1002',   '', '', '', 'Test product 2 [EN] šųößлы', 'Test product 2 short desc [EN] šųößлы', 55,  0, 0,  0,  0,  0, 0,   '',   0, '', '', '', NULL, 0,  0,  1, 'In stock [EN] šųößлы', 'Out of stock [EN] šųößлы', '0000-00-00', '2008-02-04', '2010-03-15 15:34:27', 0, 0, 0, '', 'šųößлы1002', '', '', 1,  0, 'variants [EN] šųößлы', 10, 2, '',                 55,  'variants [DE]', '',          '', '', '', '', '[DE 2] Test product 2 šųößлы', 'Test product 2 short desc [DE]', '', 'search1002', '', '', '', '', '', '', '', '', '', 'oxarticle', 'In stock [DE]', '', '', 'Out of stock [DE]', '', '', 0, 0, 0, 0, 0, 0, '', '', 'testdistributor', 'testmanufacturer', 0, '', 0, '0000-00-00 00:00:00', 1, 0, 0, 1, 1, 'MONTH');
INSERT INTO oxarticles (`OXID`, `OXSHOPID`, `OXSHOPINCL`, `OXSHOPEXCL`, `OXPARENTID`, `OXACTIVE`, `OXACTIVEFROM`, `OXACTIVETO`, `OXARTNUM`, `OXEAN`, `OXDISTEAN`, `OXMPN`, `OXTITLE`, `OXSHORTDESC`, `OXPRICE`, `OXBLFIXEDPRICE`, `OXPRICEA`, `OXPRICEB`, `OXPRICEC`, `OXBPRICE`, `OXTPRICE`, `OXUNITNAME`, `OXUNITQUANTITY`, `OXEXTURL`, `OXURLDESC`, `OXURLIMG`, `OXVAT`, `OXWEIGHT`, `OXSTOCK`, `OXSTOCKFLAG`, `OXSTOCKTEXT`, `OXNOSTOCKTEXT`, `OXDELIVERY`, `OXINSERT`, `OXTIMESTAMP`, `OXLENGTH`, `OXWIDTH`, `OXHEIGHT`, `OXFILE`, `OXSEARCHKEYS`, `OXTEMPLATE`, `OXQUESTIONEMAIL`, `OXISSEARCH`, `OXISCONFIGURABLE`, `OXVARNAME`, `OXVARSTOCK`, `OXVARCOUNT`, `OXVARSELECT`, `OXVARMINPRICE`, `OXVARNAME_1`, `OXVARSELECT_1`, `OXVARNAME_2`, `OXVARSELECT_2`, `OXVARNAME_3`, `OXVARSELECT_3`, `OXTITLE_1`, `OXSHORTDESC_1`, `OXURLDESC_1`, `OXSEARCHKEYS_1`, `OXTITLE_2`, `OXSHORTDESC_2`, `OXURLDESC_2`, `OXSEARCHKEYS_2`, `OXTITLE_3`, `OXSHORTDESC_3`, `OXURLDESC_3`, `OXSEARCHKEYS_3`, `OXFOLDER`, `OXSUBCLASS`, `OXSTOCKTEXT_1`, `OXSTOCKTEXT_2`, `OXSTOCKTEXT_3`, `OXNOSTOCKTEXT_1`, `OXNOSTOCKTEXT_2`, `OXNOSTOCKTEXT_3`, `OXSORT`, `OXSOLDAMOUNT`, `OXNONMATERIAL`, `OXFREESHIPPING`, `OXREMINDACTIVE`, `OXREMINDAMOUNT`, `OXAMITEMID`, `OXAMTASKID`, `OXVENDORID`, `OXMANUFACTURERID`, `OXSKIPDISCOUNTS`, `OXORDERINFO`, `OXPIXIEXPORT`, `OXPIXIEXPORTED`, `OXVPE`, `OXRATING`, `OXRATINGCNT`, `OXMINDELTIME`, `OXMAXDELTIME`, `OXDELTIMEUNIT`) VALUES ('1003',   1, 1, 0, '',     1, '0000-00-00 00:00:00', '0000-00-00 00:00:00', '1003',   '', '', '', 'Test product 3 [EN] šųößлы', 'Test product 3 short desc [EN] šųößлы', 75,  0, 70, 85, 0,  0, 0,   '',   0, '', '', '', NULL, 0,  5,  1, '',                     '',                         '0000-00-00', '2008-02-04', '2010-03-15 15:34:27', 0, 0, 0, '', 'šųößлы1003', '', '', 1,  0, '',                     0,  0, '',                 75,  '',              '',          '', '', '', '', '[DE 3] Test product 3 šųößлы', 'Test product 3 short desc [DE]', '', 'search1003', '', '', '', '', '', '', '', '', '', 'oxarticle', '',              '', '', '',                  '', '', 0, 0, 0, 0, 0, 0, '', '', '',                'testmanufacturer', 0, '', 0, '0000-00-00 00:00:00', 1, 0, 0, 4, 9, 'DAY');
INSERT INTO oxarticles (`OXID`, `OXSHOPID`, `OXSHOPINCL`, `OXSHOPEXCL`, `OXPARENTID`, `OXACTIVE`, `OXACTIVEFROM`, `OXACTIVETO`, `OXARTNUM`, `OXEAN`, `OXDISTEAN`, `OXMPN`, `OXTITLE`, `OXSHORTDESC`, `OXPRICE`, `OXBLFIXEDPRICE`, `OXPRICEA`, `OXPRICEB`, `OXPRICEC`, `OXBPRICE`, `OXTPRICE`, `OXUNITNAME`, `OXUNITQUANTITY`, `OXEXTURL`, `OXURLDESC`, `OXURLIMG`, `OXVAT`, `OXWEIGHT`, `OXSTOCK`, `OXSTOCKFLAG`, `OXSTOCKTEXT`, `OXNOSTOCKTEXT`, `OXDELIVERY`, `OXINSERT`, `OXTIMESTAMP`, `OXLENGTH`, `OXWIDTH`, `OXHEIGHT`, `OXFILE`, `OXSEARCHKEYS`, `OXTEMPLATE`, `OXQUESTIONEMAIL`, `OXISSEARCH`, `OXISCONFIGURABLE`, `OXVARNAME`, `OXVARSTOCK`, `OXVARCOUNT`, `OXVARSELECT`, `OXVARMINPRICE`, `OXVARNAME_1`, `OXVARSELECT_1`, `OXVARNAME_2`, `OXVARSELECT_2`, `OXVARNAME_3`, `OXVARSELECT_3`, `OXTITLE_1`, `OXSHORTDESC_1`, `OXURLDESC_1`, `OXSEARCHKEYS_1`, `OXTITLE_2`, `OXSHORTDESC_2`, `OXURLDESC_2`, `OXSEARCHKEYS_2`, `OXTITLE_3`, `OXSHORTDESC_3`, `OXURLDESC_3`, `OXSEARCHKEYS_3`, `OXFOLDER`, `OXSUBCLASS`, `OXSTOCKTEXT_1`, `OXSTOCKTEXT_2`, `OXSTOCKTEXT_3`, `OXNOSTOCKTEXT_1`, `OXNOSTOCKTEXT_2`, `OXNOSTOCKTEXT_3`, `OXSORT`, `OXSOLDAMOUNT`, `OXNONMATERIAL`, `OXFREESHIPPING`, `OXREMINDACTIVE`, `OXREMINDAMOUNT`, `OXAMITEMID`, `OXAMTASKID`, `OXVENDORID`, `OXMANUFACTURERID`, `OXSKIPDISCOUNTS`, `OXORDERINFO`, `OXPIXIEXPORT`, `OXPIXIEXPORTED`, `OXVPE`, `OXRATING`, `OXRATINGCNT`, `OXMINDELTIME`, `OXMAXDELTIME`, `OXDELTIMEUNIT`) VALUES ('1002-1', 1, 1, 0, '1002', 1, '0000-00-00 00:00:00', '0000-00-00 00:00:00', '1002-1', '', '', '', '',                           '',                                      55,  0, 0,  0,  0,  0, 0,   '',   0, '', '', '', NULL, 0,  5,  1, 'In stock [EN] šųößлы', 'Out of stock [EN] šųößлы', '0000-00-00', '2008-02-04', '2010-03-15 15:34:27', 0, 0, 0, '', '',           '', '', 1,  0, '',                     0,  0, 'var1 [EN] šųößлы', 55,  '',              'var1 [DE]', '', '', '', '', '',                             '',                               '', '',           '', '', '', '', '', '', '', '', '', 'oxarticle', 'In stock [DE]', '', '', 'Out of stock [DE]', '', '', 1, 0, 0, 0, 0, 0, '', '', '',                '',                 0, '', 0, '0000-00-00 00:00:00', 1, 0, 0, 0, 0, '');
INSERT INTO oxarticles (`OXID`, `OXSHOPID`, `OXSHOPINCL`, `OXSHOPEXCL`, `OXPARENTID`, `OXACTIVE`, `OXACTIVEFROM`, `OXACTIVETO`, `OXARTNUM`, `OXEAN`, `OXDISTEAN`, `OXMPN`, `OXTITLE`, `OXSHORTDESC`, `OXPRICE`, `OXBLFIXEDPRICE`, `OXPRICEA`, `OXPRICEB`, `OXPRICEC`, `OXBPRICE`, `OXTPRICE`, `OXUNITNAME`, `OXUNITQUANTITY`, `OXEXTURL`, `OXURLDESC`, `OXURLIMG`, `OXVAT`, `OXWEIGHT`, `OXSTOCK`, `OXSTOCKFLAG`, `OXSTOCKTEXT`, `OXNOSTOCKTEXT`, `OXDELIVERY`, `OXINSERT`, `OXTIMESTAMP`, `OXLENGTH`, `OXWIDTH`, `OXHEIGHT`, `OXFILE`, `OXSEARCHKEYS`, `OXTEMPLATE`, `OXQUESTIONEMAIL`, `OXISSEARCH`, `OXISCONFIGURABLE`, `OXVARNAME`, `OXVARSTOCK`, `OXVARCOUNT`, `OXVARSELECT`, `OXVARMINPRICE`, `OXVARNAME_1`, `OXVARSELECT_1`, `OXVARNAME_2`, `OXVARSELECT_2`, `OXVARNAME_3`, `OXVARSELECT_3`, `OXTITLE_1`, `OXSHORTDESC_1`, `OXURLDESC_1`, `OXSEARCHKEYS_1`, `OXTITLE_2`, `OXSHORTDESC_2`, `OXURLDESC_2`, `OXSEARCHKEYS_2`, `OXTITLE_3`, `OXSHORTDESC_3`, `OXURLDESC_3`, `OXSEARCHKEYS_3`, `OXFOLDER`, `OXSUBCLASS`, `OXSTOCKTEXT_1`, `OXSTOCKTEXT_2`, `OXSTOCKTEXT_3`, `OXNOSTOCKTEXT_1`, `OXNOSTOCKTEXT_2`, `OXNOSTOCKTEXT_3`, `OXSORT`, `OXSOLDAMOUNT`, `OXNONMATERIAL`, `OXFREESHIPPING`, `OXREMINDACTIVE`, `OXREMINDAMOUNT`, `OXAMITEMID`, `OXAMTASKID`, `OXVENDORID`, `OXMANUFACTURERID`, `OXSKIPDISCOUNTS`, `OXORDERINFO`, `OXPIXIEXPORT`, `OXPIXIEXPORTED`, `OXVPE`, `OXRATING`, `OXRATINGCNT`, `OXMINDELTIME`, `OXMAXDELTIME`, `OXDELTIMEUNIT`) VALUES ('1002-2', 1, 1, 0, '1002', 1, '0000-00-00 00:00:00', '0000-00-00 00:00:00', '1002-2', '', '', '', '',                           '',                                      67,  0, 0,  0,  0,  0, 0,   '',   0, '', '', '', NULL, 0,  5,  1, 'In stock [EN] šųößлы', 'Out of stock [EN] šųößлы', '0000-00-00', '2008-02-04', '2010-03-15 15:34:27', 0, 0, 0, '', '',           '', '', 1,  0, '',                     0,  0, 'var2 [EN] šųößлы', 67,  '',              'var2 [DE]', '', '', '', '', '',                             '',                               '', '',           '', '', '', '', '', '', '', '', '', 'oxarticle', 'In stock [DE]', '', '', 'Out of stock [DE]', '', '', 2, 0, 0, 0, 0, 0, '', '', '',                '',                 0, '', 0, '0000-00-00 00:00:00', 1, 0, 0, 0, 0, '');
INSERT INTO oxarticles (`OXID`, `OXSHOPID`, `OXSHOPINCL`, `OXSHOPEXCL`, `OXPARENTID`, `OXACTIVE`, `OXACTIVEFROM`, `OXACTIVETO`, `OXARTNUM`, `OXEAN`, `OXDISTEAN`, `OXMPN`, `OXTITLE`, `OXSHORTDESC`, `OXPRICE`, `OXBLFIXEDPRICE`, `OXPRICEA`, `OXPRICEB`, `OXPRICEC`, `OXBPRICE`, `OXTPRICE`, `OXUNITNAME`, `OXUNITQUANTITY`, `OXEXTURL`, `OXURLDESC`, `OXURLIMG`, `OXVAT`, `OXWEIGHT`, `OXSTOCK`, `OXSTOCKFLAG`, `OXSTOCKTEXT`, `OXNOSTOCKTEXT`, `OXDELIVERY`, `OXINSERT`, `OXTIMESTAMP`, `OXLENGTH`, `OXWIDTH`, `OXHEIGHT`, `OXFILE`, `OXSEARCHKEYS`, `OXTEMPLATE`, `OXQUESTIONEMAIL`, `OXISSEARCH`, `OXISCONFIGURABLE`, `OXVARNAME`, `OXVARSTOCK`, `OXVARCOUNT`, `OXVARSELECT`, `OXVARMINPRICE`, `OXVARNAME_1`, `OXVARSELECT_1`, `OXVARNAME_2`, `OXVARSELECT_2`, `OXVARNAME_3`, `OXVARSELECT_3`, `OXTITLE_1`, `OXSHORTDESC_1`, `OXURLDESC_1`, `OXSEARCHKEYS_1`, `OXTITLE_2`, `OXSHORTDESC_2`, `OXURLDESC_2`, `OXSEARCHKEYS_2`, `OXTITLE_3`, `OXSHORTDESC_3`, `OXURLDESC_3`, `OXSEARCHKEYS_3`, `OXFOLDER`, `OXSUBCLASS`, `OXSTOCKTEXT_1`, `OXSTOCKTEXT_2`, `OXSTOCKTEXT_3`, `OXNOSTOCKTEXT_1`, `OXNOSTOCKTEXT_2`, `OXNOSTOCKTEXT_3`, `OXSORT`, `OXSOLDAMOUNT`, `OXNONMATERIAL`, `OXFREESHIPPING`, `OXREMINDACTIVE`, `OXREMINDAMOUNT`, `OXAMITEMID`, `OXAMTASKID`, `OXVENDORID`, `OXMANUFACTURERID`, `OXSKIPDISCOUNTS`, `OXORDERINFO`, `OXPIXIEXPORT`, `OXPIXIEXPORTED`, `OXVPE`, `OXRATING`, `OXRATINGCNT`, `OXMINDELTIME`, `OXMAXDELTIME`, `OXDELTIMEUNIT`) VALUES ('10010',  1, 1, 0, '',     0, '0000-00-00 00:00:00', '0000-00-00 00:00:00', '10010',  '', '', '', '1 EN product šųößлы',        '[last] EN description šųößлы',          1.5, 0, 0,  0,  0,  0, 0,   '',   0, '', '', '', NULL, 0,  0,  1, '',                     '',                         '0000-00-00', '2008-04-03', '2010-03-15 15:34:27', 0, 0, 0, '', '',           '', '', 1,  0, '',                     0,  0, '',                 1.5, '',              '',          '', '', '', '', '[last] DE product šųößлы',     '1 DE description',               '', '',           '', '', '', '', '', '', '', '', '', 'oxarticle', '',              '', '', '',                  '', '', 0, 0, 0, 0, 0, 0, '', '', '',                '',                 0, '', 0, '0000-00-00 00:00:00', 1, 0, 0, 0, 0, '');
INSERT INTO oxarticles (`OXID`, `OXSHOPID`, `OXSHOPINCL`, `OXSHOPEXCL`, `OXPARENTID`, `OXACTIVE`, `OXACTIVEFROM`, `OXACTIVETO`, `OXARTNUM`, `OXEAN`, `OXDISTEAN`, `OXMPN`, `OXTITLE`, `OXSHORTDESC`, `OXPRICE`, `OXBLFIXEDPRICE`, `OXPRICEA`, `OXPRICEB`, `OXPRICEC`, `OXBPRICE`, `OXTPRICE`, `OXUNITNAME`, `OXUNITQUANTITY`, `OXEXTURL`, `OXURLDESC`, `OXURLIMG`, `OXVAT`, `OXWEIGHT`, `OXSTOCK`, `OXSTOCKFLAG`, `OXSTOCKTEXT`, `OXNOSTOCKTEXT`, `OXDELIVERY`, `OXINSERT`, `OXTIMESTAMP`, `OXLENGTH`, `OXWIDTH`, `OXHEIGHT`, `OXFILE`, `OXSEARCHKEYS`, `OXTEMPLATE`, `OXQUESTIONEMAIL`, `OXISSEARCH`, `OXISCONFIGURABLE`, `OXVARNAME`, `OXVARSTOCK`, `OXVARCOUNT`, `OXVARSELECT`, `OXVARMINPRICE`, `OXVARNAME_1`, `OXVARSELECT_1`, `OXVARNAME_2`, `OXVARSELECT_2`, `OXVARNAME_3`, `OXVARSELECT_3`, `OXTITLE_1`, `OXSHORTDESC_1`, `OXURLDESC_1`, `OXSEARCHKEYS_1`, `OXTITLE_2`, `OXSHORTDESC_2`, `OXURLDESC_2`, `OXSEARCHKEYS_2`, `OXTITLE_3`, `OXSHORTDESC_3`, `OXURLDESC_3`, `OXSEARCHKEYS_3`, `OXFOLDER`, `OXSUBCLASS`, `OXSTOCKTEXT_1`, `OXSTOCKTEXT_2`, `OXSTOCKTEXT_3`, `OXNOSTOCKTEXT_1`, `OXNOSTOCKTEXT_2`, `OXNOSTOCKTEXT_3`, `OXSORT`, `OXSOLDAMOUNT`, `OXNONMATERIAL`, `OXFREESHIPPING`, `OXREMINDACTIVE`, `OXREMINDAMOUNT`, `OXAMITEMID`, `OXAMTASKID`, `OXVENDORID`, `OXMANUFACTURERID`, `OXSKIPDISCOUNTS`, `OXORDERINFO`, `OXPIXIEXPORT`, `OXPIXIEXPORTED`, `OXVPE`, `OXRATING`, `OXRATINGCNT`, `OXMINDELTIME`, `OXMAXDELTIME`, `OXDELTIMEUNIT`) VALUES ('10011',  1, 1, 0, '',     0, '0000-00-00 00:00:00', '0000-00-00 00:00:00', '10011',  '', '', '', '11 EN product šųößлы',       '10 EN description šųößлы',              1.8, 0, 0,  0,  0,  0, 0,   '',   0, '', '', '', NULL, 0,  0,  1, '',                     '',                         '0000-00-00', '2008-04-03', '2010-03-15 15:34:27', 0, 0, 0, '', '',           '', '', 1,  0, '',                     0,  0, '',                 1.8, '',              '',          '', '', '', '', '10 DE product šųößлы',         '11 DE description',              '', '',           '', '', '', '', '', '', '', '', '', 'oxarticle', '',              '', '', '',                  '', '', 0, 0, 0, 0, 0, 0, '', '', '',                '',                 0, '', 0, '0000-00-00 00:00:00', 1, 0, 0, 0, 0, '');
INSERT INTO oxarticles (`OXID`, `OXSHOPID`, `OXSHOPINCL`, `OXSHOPEXCL`, `OXPARENTID`, `OXACTIVE`, `OXACTIVEFROM`, `OXACTIVETO`, `OXARTNUM`, `OXEAN`, `OXDISTEAN`, `OXMPN`, `OXTITLE`, `OXSHORTDESC`, `OXPRICE`, `OXBLFIXEDPRICE`, `OXPRICEA`, `OXPRICEB`, `OXPRICEC`, `OXBPRICE`, `OXTPRICE`, `OXUNITNAME`, `OXUNITQUANTITY`, `OXEXTURL`, `OXURLDESC`, `OXURLIMG`, `OXVAT`, `OXWEIGHT`, `OXSTOCK`, `OXSTOCKFLAG`, `OXSTOCKTEXT`, `OXNOSTOCKTEXT`, `OXDELIVERY`, `OXINSERT`, `OXTIMESTAMP`, `OXLENGTH`, `OXWIDTH`, `OXHEIGHT`, `OXFILE`, `OXSEARCHKEYS`, `OXTEMPLATE`, `OXQUESTIONEMAIL`, `OXISSEARCH`, `OXISCONFIGURABLE`, `OXVARNAME`, `OXVARSTOCK`, `OXVARCOUNT`, `OXVARSELECT`, `OXVARMINPRICE`, `OXVARNAME_1`, `OXVARSELECT_1`, `OXVARNAME_2`, `OXVARSELECT_2`, `OXVARNAME_3`, `OXVARSELECT_3`, `OXTITLE_1`, `OXSHORTDESC_1`, `OXURLDESC_1`, `OXSEARCHKEYS_1`, `OXTITLE_2`, `OXSHORTDESC_2`, `OXURLDESC_2`, `OXSEARCHKEYS_2`, `OXTITLE_3`, `OXSHORTDESC_3`, `OXURLDESC_3`, `OXSEARCHKEYS_3`, `OXFOLDER`, `OXSUBCLASS`, `OXSTOCKTEXT_1`, `OXSTOCKTEXT_2`, `OXSTOCKTEXT_3`, `OXNOSTOCKTEXT_1`, `OXNOSTOCKTEXT_2`, `OXNOSTOCKTEXT_3`, `OXSORT`, `OXSOLDAMOUNT`, `OXNONMATERIAL`, `OXFREESHIPPING`, `OXREMINDACTIVE`, `OXREMINDAMOUNT`, `OXAMITEMID`, `OXAMTASKID`, `OXVENDORID`, `OXMANUFACTURERID`, `OXSKIPDISCOUNTS`, `OXORDERINFO`, `OXPIXIEXPORT`, `OXPIXIEXPORTED`, `OXVPE`, `OXRATING`, `OXRATINGCNT`, `OXMINDELTIME`, `OXMAXDELTIME`, `OXDELTIMEUNIT`) VALUES ('10012',  1, 1, 0, '',     0, '0000-00-00 00:00:00', '0000-00-00 00:00:00', '10012',  '', '', '', '12 EN product šųößлы',       '11 EN description šųößлы',              2,   0, 0,  0,  0,  0, 0,   '',   0, '', '', '', NULL, 0,  0,  1, '',                     '',                         '0000-00-00', '2008-04-03', '2010-03-15 15:34:27', 0, 0, 0, '', '',           '', '', 1,  0, '',                     0,  0, '',                 2,   '',              '',          '', '', '', '', '11 DE product šųößлы',         '12 DE description',              '', '',           '', '', '', '', '', '', '', '', '', 'oxarticle', '',              '', '', '',                  '', '', 0, 0, 0, 0, 0, 0, '', '', '',                '',                 0, '', 0, '0000-00-00 00:00:00', 1, 0, 0, 0, 0, '');
INSERT INTO oxarticles (`OXID`, `OXSHOPID`, `OXSHOPINCL`, `OXSHOPEXCL`, `OXPARENTID`, `OXACTIVE`, `OXACTIVEFROM`, `OXACTIVETO`, `OXARTNUM`, `OXEAN`, `OXDISTEAN`, `OXMPN`, `OXTITLE`, `OXSHORTDESC`, `OXPRICE`, `OXBLFIXEDPRICE`, `OXPRICEA`, `OXPRICEB`, `OXPRICEC`, `OXBPRICE`, `OXTPRICE`, `OXUNITNAME`, `OXUNITQUANTITY`, `OXEXTURL`, `OXURLDESC`, `OXURLIMG`, `OXVAT`, `OXWEIGHT`, `OXSTOCK`, `OXSTOCKFLAG`, `OXSTOCKTEXT`, `OXNOSTOCKTEXT`, `OXDELIVERY`, `OXINSERT`, `OXTIMESTAMP`, `OXLENGTH`, `OXWIDTH`, `OXHEIGHT`, `OXFILE`, `OXSEARCHKEYS`, `OXTEMPLATE`, `OXQUESTIONEMAIL`, `OXISSEARCH`, `OXISCONFIGURABLE`, `OXVARNAME`, `OXVARSTOCK`, `OXVARCOUNT`, `OXVARSELECT`, `OXVARMINPRICE`, `OXVARNAME_1`, `OXVARSELECT_1`, `OXVARNAME_2`, `OXVARSELECT_2`, `OXVARNAME_3`, `OXVARSELECT_3`, `OXTITLE_1`, `OXSHORTDESC_1`, `OXURLDESC_1`, `OXSEARCHKEYS_1`, `OXTITLE_2`, `OXSHORTDESC_2`, `OXURLDESC_2`, `OXSEARCHKEYS_2`, `OXTITLE_3`, `OXSHORTDESC_3`, `OXURLDESC_3`, `OXSEARCHKEYS_3`, `OXFOLDER`, `OXSUBCLASS`, `OXSTOCKTEXT_1`, `OXSTOCKTEXT_2`, `OXSTOCKTEXT_3`, `OXNOSTOCKTEXT_1`, `OXNOSTOCKTEXT_2`, `OXNOSTOCKTEXT_3`, `OXSORT`, `OXSOLDAMOUNT`, `OXNONMATERIAL`, `OXFREESHIPPING`, `OXREMINDACTIVE`, `OXREMINDAMOUNT`, `OXAMITEMID`, `OXAMTASKID`, `OXVENDORID`, `OXMANUFACTURERID`, `OXSKIPDISCOUNTS`, `OXORDERINFO`, `OXPIXIEXPORT`, `OXPIXIEXPORTED`, `OXVPE`, `OXRATING`, `OXRATINGCNT`, `OXMINDELTIME`, `OXMAXDELTIME`, `OXDELTIMEUNIT`) VALUES ('10013',  1, 1, 0, '',     0, '0000-00-00 00:00:00', '0000-00-00 00:00:00', '10013',  '', '', '', '13 EN product šųößлы',       '12 EN description šųößлы',              1.7, 0, 0,  0,  0,  0, 0,   '',   0, '', '', '', NULL, 0,  0,  1, '',                     '',                         '0000-00-00', '2008-04-03', '2010-03-15 15:34:27', 0, 0, 0, '', '',           '', '', 1,  0, '',                     0,  0, '',                 1.7, '',              '',          '', '', '', '', '12 DE product šųößлы',         '13 DE description',              '', '',           '', '', '', '', '', '', '', '', '', 'oxarticle', '',              '', '', '',                  '', '', 0, 0, 0, 0, 0, 0, '', '', '',                '',                 0, '', 0, '0000-00-00 00:00:00', 1, 0, 0, 0, 0, '');
INSERT INTO oxarticles (`OXID`, `OXSHOPID`, `OXSHOPINCL`, `OXSHOPEXCL`, `OXPARENTID`, `OXACTIVE`, `OXACTIVEFROM`, `OXACTIVETO`, `OXARTNUM`, `OXEAN`, `OXDISTEAN`, `OXMPN`, `OXTITLE`, `OXSHORTDESC`, `OXPRICE`, `OXBLFIXEDPRICE`, `OXPRICEA`, `OXPRICEB`, `OXPRICEC`, `OXBPRICE`, `OXTPRICE`, `OXUNITNAME`, `OXUNITQUANTITY`, `OXEXTURL`, `OXURLDESC`, `OXURLIMG`, `OXVAT`, `OXWEIGHT`, `OXSTOCK`, `OXSTOCKFLAG`, `OXSTOCKTEXT`, `OXNOSTOCKTEXT`, `OXDELIVERY`, `OXINSERT`, `OXTIMESTAMP`, `OXLENGTH`, `OXWIDTH`, `OXHEIGHT`, `OXFILE`, `OXSEARCHKEYS`, `OXTEMPLATE`, `OXQUESTIONEMAIL`, `OXISSEARCH`, `OXISCONFIGURABLE`, `OXVARNAME`, `OXVARSTOCK`, `OXVARCOUNT`, `OXVARSELECT`, `OXVARMINPRICE`, `OXVARNAME_1`, `OXVARSELECT_1`, `OXVARNAME_2`, `OXVARSELECT_2`, `OXVARNAME_3`, `OXVARSELECT_3`, `OXTITLE_1`, `OXSHORTDESC_1`, `OXURLDESC_1`, `OXSEARCHKEYS_1`, `OXTITLE_2`, `OXSHORTDESC_2`, `OXURLDESC_2`, `OXSEARCHKEYS_2`, `OXTITLE_3`, `OXSHORTDESC_3`, `OXURLDESC_3`, `OXSEARCHKEYS_3`, `OXFOLDER`, `OXSUBCLASS`, `OXSTOCKTEXT_1`, `OXSTOCKTEXT_2`, `OXSTOCKTEXT_3`, `OXNOSTOCKTEXT_1`, `OXNOSTOCKTEXT_2`, `OXNOSTOCKTEXT_3`, `OXSORT`, `OXSOLDAMOUNT`, `OXNONMATERIAL`, `OXFREESHIPPING`, `OXREMINDACTIVE`, `OXREMINDAMOUNT`, `OXAMITEMID`, `OXAMTASKID`, `OXVENDORID`, `OXMANUFACTURERID`, `OXSKIPDISCOUNTS`, `OXORDERINFO`, `OXPIXIEXPORT`, `OXPIXIEXPORTED`, `OXVPE`, `OXRATING`, `OXRATINGCNT`, `OXMINDELTIME`, `OXMAXDELTIME`, `OXDELTIMEUNIT`) VALUES ('10014',  1, 1, 0, '',     0, '0000-00-00 00:00:00', '0000-00-00 00:00:00', '10014',  '', '', '', '14 EN product šųößлы',       '13 EN description šųößлы',              1.6, 0, 0,  0,  0,  0, 0,   '',   0, '', '', '', NULL, 0,  0,  1, '',                     '',                         '0000-00-00', '2008-04-03', '2010-03-15 15:34:27', 0, 0, 0, '', '',           '', '', 1,  0, '',                     0,  0, '',                 1.6, '',              '',          '', '', '', '', '13 DE product šųößлы',         '14 DE description',              '', '',           '', '', '', '', '', '', '', '', '', 'oxarticle', '',              '', '', '',                  '', '', 0, 0, 0, 0, 0, 0, '', '', '',                '',                 0, '', 0, '0000-00-00 00:00:00', 1, 0, 0, 0, 0, '');
INSERT INTO oxarticles (`OXID`, `OXSHOPID`, `OXSHOPINCL`, `OXSHOPEXCL`, `OXPARENTID`, `OXACTIVE`, `OXACTIVEFROM`, `OXACTIVETO`, `OXARTNUM`, `OXEAN`, `OXDISTEAN`, `OXMPN`, `OXTITLE`, `OXSHORTDESC`, `OXPRICE`, `OXBLFIXEDPRICE`, `OXPRICEA`, `OXPRICEB`, `OXPRICEC`, `OXBPRICE`, `OXTPRICE`, `OXUNITNAME`, `OXUNITQUANTITY`, `OXEXTURL`, `OXURLDESC`, `OXURLIMG`, `OXVAT`, `OXWEIGHT`, `OXSTOCK`, `OXSTOCKFLAG`, `OXSTOCKTEXT`, `OXNOSTOCKTEXT`, `OXDELIVERY`, `OXINSERT`, `OXTIMESTAMP`, `OXLENGTH`, `OXWIDTH`, `OXHEIGHT`, `OXFILE`, `OXSEARCHKEYS`, `OXTEMPLATE`, `OXQUESTIONEMAIL`, `OXISSEARCH`, `OXISCONFIGURABLE`, `OXVARNAME`, `OXVARSTOCK`, `OXVARCOUNT`, `OXVARSELECT`, `OXVARMINPRICE`, `OXVARNAME_1`, `OXVARSELECT_1`, `OXVARNAME_2`, `OXVARSELECT_2`, `OXVARNAME_3`, `OXVARSELECT_3`, `OXTITLE_1`, `OXSHORTDESC_1`, `OXURLDESC_1`, `OXSEARCHKEYS_1`, `OXTITLE_2`, `OXSHORTDESC_2`, `OXURLDESC_2`, `OXSEARCHKEYS_2`, `OXTITLE_3`, `OXSHORTDESC_3`, `OXURLDESC_3`, `OXSEARCHKEYS_3`, `OXFOLDER`, `OXSUBCLASS`, `OXSTOCKTEXT_1`, `OXSTOCKTEXT_2`, `OXSTOCKTEXT_3`, `OXNOSTOCKTEXT_1`, `OXNOSTOCKTEXT_2`, `OXNOSTOCKTEXT_3`, `OXSORT`, `OXSOLDAMOUNT`, `OXNONMATERIAL`, `OXFREESHIPPING`, `OXREMINDACTIVE`, `OXREMINDAMOUNT`, `OXAMITEMID`, `OXAMTASKID`, `OXVENDORID`, `OXMANUFACTURERID`, `OXSKIPDISCOUNTS`, `OXORDERINFO`, `OXPIXIEXPORT`, `OXPIXIEXPORTED`, `OXVPE`, `OXRATING`, `OXRATINGCNT`, `OXMINDELTIME`, `OXMAXDELTIME`, `OXDELTIMEUNIT`) VALUES ('10015',  1, 1, 0, '',     0, '0000-00-00 00:00:00', '0000-00-00 00:00:00', '10015',  '', '', '', '15 EN product šųößлы',       '14 EN description šųößлы',              2.1, 0, 0,  0,  0,  0, 0,   '',   0, '', '', '', NULL, 0,  1,  1, '',                     '',                         '0000-00-00', '2008-04-03', '2010-03-15 15:34:27', 0, 0, 0, '', '',           '', '', 1,  0, '',                     0,  0, '',                 2.1, '',              '',          '', '', '', '', '14 DE product šųößлы',         '15 DE description',              '', '',           '', '', '', '', '', '', '', '', '', 'oxarticle', '',              '', '', '',                  '', '', 0, 0, 0, 0, 0, 0, '', '', '',                '',                 0, '', 0, '0000-00-00 00:00:00', 1, 0, 0, 0, 0, '');
INSERT INTO oxarticles (`OXID`, `OXSHOPID`, `OXSHOPINCL`, `OXSHOPEXCL`, `OXPARENTID`, `OXACTIVE`, `OXACTIVEFROM`, `OXACTIVETO`, `OXARTNUM`, `OXEAN`, `OXDISTEAN`, `OXMPN`, `OXTITLE`, `OXSHORTDESC`, `OXPRICE`, `OXBLFIXEDPRICE`, `OXPRICEA`, `OXPRICEB`, `OXPRICEC`, `OXBPRICE`, `OXTPRICE`, `OXUNITNAME`, `OXUNITQUANTITY`, `OXEXTURL`, `OXURLDESC`, `OXURLIMG`, `OXVAT`, `OXWEIGHT`, `OXSTOCK`, `OXSTOCKFLAG`, `OXSTOCKTEXT`, `OXNOSTOCKTEXT`, `OXDELIVERY`, `OXINSERT`, `OXTIMESTAMP`, `OXLENGTH`, `OXWIDTH`, `OXHEIGHT`, `OXFILE`, `OXSEARCHKEYS`, `OXTEMPLATE`, `OXQUESTIONEMAIL`, `OXISSEARCH`, `OXISCONFIGURABLE`, `OXVARNAME`, `OXVARSTOCK`, `OXVARCOUNT`, `OXVARSELECT`, `OXVARMINPRICE`, `OXVARNAME_1`, `OXVARSELECT_1`, `OXVARNAME_2`, `OXVARSELECT_2`, `OXVARNAME_3`, `OXVARSELECT_3`, `OXTITLE_1`, `OXSHORTDESC_1`, `OXURLDESC_1`, `OXSEARCHKEYS_1`, `OXTITLE_2`, `OXSHORTDESC_2`, `OXURLDESC_2`, `OXSEARCHKEYS_2`, `OXTITLE_3`, `OXSHORTDESC_3`, `OXURLDESC_3`, `OXSEARCHKEYS_3`, `OXFOLDER`, `OXSUBCLASS`, `OXSTOCKTEXT_1`, `OXSTOCKTEXT_2`, `OXSTOCKTEXT_3`, `OXNOSTOCKTEXT_1`, `OXNOSTOCKTEXT_2`, `OXNOSTOCKTEXT_3`, `OXSORT`, `OXSOLDAMOUNT`, `OXNONMATERIAL`, `OXFREESHIPPING`, `OXREMINDACTIVE`, `OXREMINDAMOUNT`, `OXAMITEMID`, `OXAMTASKID`, `OXVENDORID`, `OXMANUFACTURERID`, `OXSKIPDISCOUNTS`, `OXORDERINFO`, `OXPIXIEXPORT`, `OXPIXIEXPORTED`, `OXVPE`, `OXRATING`, `OXRATINGCNT`, `OXMINDELTIME`, `OXMAXDELTIME`, `OXDELTIMEUNIT`) VALUES ('10016',  1, 1, 0, '',     0, '0000-00-00 00:00:00', '0000-00-00 00:00:00', '10016',  '', '', '', '10 EN product šųößлы',       '15 EN description šųößлы',              1.9, 0, 0,  0,  0,  0, 0,   '',   0, '', '', '', NULL, 0,  0,  1, '',                     '',                         '0000-00-00', '2008-04-03', '2010-03-15 15:34:27', 0, 0, 0, '', '',           '', '', 1,  0, '',                     0,  0, '',                 1.9, '',              '',          '', '', '', '', '15 DE product šųößлы',         '10 DE description',              '', '',           '', '', '', '', '', '', '', '', '', 'oxarticle', '',              '', '', '',                  '', '', 0, 0, 0, 0, 0, 0, '', '', '',                '',                 0, '', 0, '0000-00-00 00:00:00', 1, 0, 0, 0, 0, '');

INSERT INTO oxartextends (OXID, OXLONGDESC, OXLONGDESC_1, OXLONGDESC_2, OXLONGDESC_3, OXTAGS, OXTAGS_1, OXTAGS_2, OXTAGS_3) VALUES('1000',   '<p>Test product 0 long description [EN] šųößлы</p>', '<p>Test product 0 long description [DE]</p>', '', '', '[EN],0___,tag_,šųößлы', 'tag_,0___,[DE]', '', '');
INSERT INTO oxartextends (OXID, OXLONGDESC, OXLONGDESC_1, OXLONGDESC_2, OXLONGDESC_3, OXTAGS, OXTAGS_1, OXTAGS_2, OXTAGS_3) VALUES('1001',   '<p>Test product 1 long description [EN] šųößлы</p>', '<p>Test product 1 long description [DE]</p>', '', '', '[EN],1___,tag_,šųößлы', 'tag_,1___,[DE]', '', '');
INSERT INTO oxartextends (OXID, OXLONGDESC, OXLONGDESC_1, OXLONGDESC_2, OXLONGDESC_3, OXTAGS, OXTAGS_1, OXTAGS_2, OXTAGS_3) VALUES('1002',   '<p>Test product 2 long description [EN] šųößлы</p>', '<p>Test product 2 long description [DE]</p>', '', '', '[EN],2___,tag_,šųößлы', 'tag_,2___,[DE]', '', '');
INSERT INTO oxartextends (OXID, OXLONGDESC, OXLONGDESC_1, OXLONGDESC_2, OXLONGDESC_3, OXTAGS, OXTAGS_1, OXTAGS_2, OXTAGS_3) VALUES('1003',   '<p>Test product 3 long description [EN] šųößлы</p>', '<p>Test product 3 long description [DE]</p>', '', '', '[EN],3___,tag_,šųößлы', 'tag_,3___,[DE]', '', '');
INSERT INTO oxartextends (OXID, OXLONGDESC, OXLONGDESC_1, OXLONGDESC_2, OXLONGDESC_3, OXTAGS, OXTAGS_1, OXTAGS_2, OXTAGS_3) VALUES('1002-1', '', '', '', '', '', '', '', '');
INSERT INTO oxartextends (OXID, OXLONGDESC, OXLONGDESC_1, OXLONGDESC_2, OXLONGDESC_3, OXTAGS, OXTAGS_1, OXTAGS_2, OXTAGS_3) VALUES('1002-2', '', '', '', '', '', '', '', '');
INSERT INTO oxartextends (OXID, OXLONGDESC, OXLONGDESC_1, OXLONGDESC_2, OXLONGDESC_3, OXTAGS, OXTAGS_1, OXTAGS_2, OXTAGS_3) VALUES('10010',  '', '', '', '', '', '', '', '');
INSERT INTO oxartextends (OXID, OXLONGDESC, OXLONGDESC_1, OXLONGDESC_2, OXLONGDESC_3, OXTAGS, OXTAGS_1, OXTAGS_2, OXTAGS_3) VALUES('10011',  '', '', '', '', '', '', '', '');
INSERT INTO oxartextends (OXID, OXLONGDESC, OXLONGDESC_1, OXLONGDESC_2, OXLONGDESC_3, OXTAGS, OXTAGS_1, OXTAGS_2, OXTAGS_3) VALUES('10012',  '', '', '', '', '', '', '', '');
INSERT INTO oxartextends (OXID, OXLONGDESC, OXLONGDESC_1, OXLONGDESC_2, OXLONGDESC_3, OXTAGS, OXTAGS_1, OXTAGS_2, OXTAGS_3) VALUES('10013',  '', '', '', '', '', '', '', '');
INSERT INTO oxartextends (OXID, OXLONGDESC, OXLONGDESC_1, OXLONGDESC_2, OXLONGDESC_3, OXTAGS, OXTAGS_1, OXTAGS_2, OXTAGS_3) VALUES('10014',  '', '', '', '', '', '', '', '');
INSERT INTO oxartextends (OXID, OXLONGDESC, OXLONGDESC_1, OXLONGDESC_2, OXLONGDESC_3, OXTAGS, OXTAGS_1, OXTAGS_2, OXTAGS_3) VALUES('10015',  '', '', '', '', '', '', '', '');
INSERT INTO oxartextends (OXID, OXLONGDESC, OXLONGDESC_1, OXLONGDESC_2, OXLONGDESC_3, OXTAGS, OXTAGS_1, OXTAGS_2, OXTAGS_3) VALUES('10016',  '', '', '', '', '', '', '', '');

INSERT INTO oxaccessoire2article (OXID, OXOBJECTID, OXARTICLENID, OXSORT) VALUES('40847c5649f785c04.64102769', '1002', '1000', 0);

INSERT INTO oxactions2article (OXID, OXSHOPID, OXACTIONID, OXARTID, OXSORT) VALUES('bde47a81f7d268b77.84950388', 1, 'oxnewest', '1000', 1);
INSERT INTO oxactions2article (OXID, OXSHOPID, OXACTIONID, OXARTID, OXSORT) VALUES('bde47a821a44a8a20.59041546', 1, 'oxfirststart', '1001', 1);
INSERT INTO oxactions2article (OXID, OXSHOPID, OXACTIONID, OXARTID, OXSORT) VALUES('bde47a821b788c1b2.26422928', 1, 'oxcatoffer', '1003', 1);
INSERT INTO oxactions2article (OXID, OXSHOPID, OXACTIONID, OXARTID, OXSORT) VALUES('bde47a821c5d58153.42799552', 1, 'oxbargain', '1001', 1);
INSERT INTO oxactions2article (OXID, OXSHOPID, OXACTIONID, OXARTID, OXSORT) VALUES('bde47a821df5eed47.47567551', 1, 'oxstart', '1002', 1);
INSERT INTO oxactions2article (OXID, OXSHOPID, OXACTIONID, OXARTID, OXSORT) VALUES('bde47a821ed25ec13.47207212', 1, 'oxtopstart', '1001', 1);
INSERT INTO oxactions2article (OXID, OXSHOPID, OXACTIONID, OXARTID, OXSORT) VALUES('bde47a821f9beb324.59595619', 1, 'oxtop5', '1000', 1);
INSERT INTO oxactions2article (OXID, OXSHOPID, OXACTIONID, OXARTID, OXSORT) VALUES('bde47aw1f7d268b77.84950388', 2, 'oxnewest', '1000', 1);
INSERT INTO oxactions2article (OXID, OXSHOPID, OXACTIONID, OXARTID, OXSORT) VALUES('bde47aw21a44a8a20.59041546', 2, 'oxfirststart', '1001', 1);
INSERT INTO oxactions2article (OXID, OXSHOPID, OXACTIONID, OXARTID, OXSORT) VALUES('bde47aw21b788c1b2.26422928', 2, 'oxcatoffer', '1003', 1);
INSERT INTO oxactions2article (OXID, OXSHOPID, OXACTIONID, OXARTID, OXSORT) VALUES('bde47aw21c5d58153.42799552', 2, 'oxbargain', '1001', 1);
INSERT INTO oxactions2article (OXID, OXSHOPID, OXACTIONID, OXARTID, OXSORT) VALUES('bde47aw21df5eed47.47567551', 2, 'oxstart', '1002', 1);
INSERT INTO oxactions2article (OXID, OXSHOPID, OXACTIONID, OXARTID, OXSORT) VALUES('bde47aw21ed25ec13.47207212', 2, 'oxtopstart', '1001', 1);
INSERT INTO oxactions2article (OXID, OXSHOPID, OXACTIONID, OXARTID, OXSORT) VALUES('bde47aw21f9beb324.59595619', 2, 'oxtop5', '1000', 1);

INSERT INTO oxattribute (OXID, OXSHOPID, OXSHOPINCL, OXSHOPEXCL, OXTITLE, OXTITLE_1, OXTITLE_2, OXTITLE_3, OXPOS) VALUES('testattribute1', 1, 1, 0, 'Test attribute 1 [EN] šųößлы', 'Test attribute 1 [DE] šųößлы', '', '', 1);
INSERT INTO oxattribute (OXID, OXSHOPID, OXSHOPINCL, OXSHOPEXCL, OXTITLE, OXTITLE_1, OXTITLE_2, OXTITLE_3, OXPOS) VALUES('testattribute2', 1, 1, 0, 'Test attribute 2 [EN] šųößлы', 'Test attribute 2 [DE] šųößлы', '', '', 3);
INSERT INTO oxattribute (OXID, OXSHOPID, OXSHOPINCL, OXSHOPEXCL, OXTITLE, OXTITLE_1, OXTITLE_2, OXTITLE_3, OXPOS) VALUES('testattribute3', 1, 1, 0, 'Test attribute 3 [EN] šųößлы', 'Test attribute 3 [DE] šųößлы', '', '', 2);
INSERT INTO oxattribute (OXID, OXSHOPID, OXSHOPINCL, OXSHOPEXCL, OXTITLE, OXTITLE_1, OXTITLE_2, OXTITLE_3, OXPOS) VALUES('testattr1',      1, 1, 0, '[last] [EN] Attribute šųößлы', '1 [DE] Attribute šųößлы',      '', '', 5);
INSERT INTO oxattribute (OXID, OXSHOPID, OXSHOPINCL, OXSHOPEXCL, OXTITLE, OXTITLE_1, OXTITLE_2, OXTITLE_3, OXPOS) VALUES('testattr2',      1, 1, 0, '3 [EN] Attribute šųößлы',      '2 [DE] Attribute šųößлы',      '', '', 4);
INSERT INTO oxattribute (OXID, OXSHOPID, OXSHOPINCL, OXSHOPEXCL, OXTITLE, OXTITLE_1, OXTITLE_2, OXTITLE_3, OXPOS) VALUES('testattr3',      1, 1, 0, '4 [EN] Attribute šųößлы',      '3 [DE] Attribute šųößлы',      '', '', 6);
INSERT INTO oxattribute (OXID, OXSHOPID, OXSHOPINCL, OXSHOPEXCL, OXTITLE, OXTITLE_1, OXTITLE_2, OXTITLE_3, OXPOS) VALUES('testattr4',      1, 1, 0, '5 [EN] Attribute šųößлы',      '4 [DE] Attribute šųößлы',      '', '', 7);
INSERT INTO oxattribute (OXID, OXSHOPID, OXSHOPINCL, OXSHOPEXCL, OXTITLE, OXTITLE_1, OXTITLE_2, OXTITLE_3, OXPOS) VALUES('testattr5',      1, 1, 0, '6 [EN] Attribute šųößлы',      '5 [DE] Attribute šųößлы',      '', '', 9);
INSERT INTO oxattribute (OXID, OXSHOPID, OXSHOPINCL, OXSHOPEXCL, OXTITLE, OXTITLE_1, OXTITLE_2, OXTITLE_3, OXPOS) VALUES('testattr6',      1, 1, 0, '7 [EN] Attribute šųößлы',      '6 [DE] Attribute šųößлы',      '', '', 11);
INSERT INTO oxattribute (OXID, OXSHOPID, OXSHOPINCL, OXSHOPEXCL, OXTITLE, OXTITLE_1, OXTITLE_2, OXTITLE_3, OXPOS) VALUES('testattr7',      1, 1, 0, '2 [EN] Attribute šųößлы',      '7 [DE] Attribute šųößлы',      '', '', 10);
INSERT INTO oxattribute (OXID, OXSHOPID, OXSHOPINCL, OXSHOPEXCL, OXTITLE, OXTITLE_1, OXTITLE_2, OXTITLE_3, OXPOS) VALUES('testattr8',      1, 1, 0, '1 [EN] Attribute šųößлы',      '[last] [DE] Attribute šųößлы', '', '', 8);

INSERT INTO oxcategories (OXID, OXPARENTID, OXLEFT, OXRIGHT, OXROOTID, OXSORT, OXACTIVE, OXHIDDEN, OXSHOPID, OXSHOPINCL, OXSHOPEXCL, OXTITLE, OXDESC, OXLONGDESC, OXTHUMB, OXEXTLINK, OXTEMPLATE, OXDEFSORT, OXDEFSORTMODE, OXPRICEFROM, OXPRICETO, OXACTIVE_1, OXTITLE_1, OXDESC_1, OXLONGDESC_1, OXACTIVE_2, OXTITLE_2, OXDESC_2, OXLONGDESC_2, OXACTIVE_3, OXTITLE_3, OXDESC_3, OXLONGDESC_3, OXICON, OXVAT, OXSKIPDISCOUNTS, OXSHOWSUFFIX) VALUES('testcategory0', 'oxrootid',      1, 4, 'testcategory0', 1,     1, 0, 1, 1, 0, 'Test category 0 [EN] šųößлы', 'Test category 0 desc [EN] šųößлы', '<p>Category 0 long desc [EN] šųößлы</p>', '', '', '', 'oxartnum', 0, 0,  0,  1, 'Test category 0 [DE] šųößлы', 'Test category 0 desc [DE]', '<p>Category 0 long desc [DE]</p>', 0, '', '', '', 0, '', '', '', '', 5,    0, 1);
INSERT INTO oxcategories (OXID, OXPARENTID, OXLEFT, OXRIGHT, OXROOTID, OXSORT, OXACTIVE, OXHIDDEN, OXSHOPID, OXSHOPINCL, OXSHOPEXCL, OXTITLE, OXDESC, OXLONGDESC, OXTHUMB, OXEXTLINK, OXTEMPLATE, OXDEFSORT, OXDEFSORTMODE, OXPRICEFROM, OXPRICETO, OXACTIVE_1, OXTITLE_1, OXDESC_1, OXLONGDESC_1, OXACTIVE_2, OXTITLE_2, OXDESC_2, OXLONGDESC_2, OXACTIVE_3, OXTITLE_3, OXDESC_3, OXLONGDESC_3, OXICON, OXVAT, OXSKIPDISCOUNTS, OXSHOWSUFFIX) VALUES('testcategory1', 'testcategory0', 2, 3, 'testcategory0', 2,     1, 0, 1, 1, 0, 'Test category 1 [EN] šųößлы', 'Test category 1 desc [EN] šųößлы', '<p>Category 1 long desc [EN] šųößлы</p>', '', '', '', 'oxartnum', 1, 0,  0,  1, 'Test category 1 [DE] šųößлы', 'Test category 1 desc [DE]', '<p>Category 1 long desc [DE]</p>', 0, '', '', '', 0, '', '', '', '', NULL, 0, 1);
INSERT INTO oxcategories (OXID, OXPARENTID, OXLEFT, OXRIGHT, OXROOTID, OXSORT, OXACTIVE, OXHIDDEN, OXSHOPID, OXSHOPINCL, OXSHOPEXCL, OXTITLE, OXDESC, OXLONGDESC, OXTHUMB, OXEXTLINK, OXTEMPLATE, OXDEFSORT, OXDEFSORTMODE, OXPRICEFROM, OXPRICETO, OXACTIVE_1, OXTITLE_1, OXDESC_1, OXLONGDESC_1, OXACTIVE_2, OXTITLE_2, OXDESC_2, OXLONGDESC_2, OXACTIVE_3, OXTITLE_3, OXDESC_3, OXLONGDESC_3, OXICON, OXVAT, OXSKIPDISCOUNTS, OXSHOWSUFFIX) VALUES('testcat1',      'oxrootid',      1, 2, 'testcat1',      2,     0, 0, 1, 1, 0, '[last] [EN] category šųößлы', '',                                 '',                                        '', '', '', '',         0, 0,  0,  0, '1 [DE] category šųößлы',      '',                          '',                                 0, '', '', '', 0, '', '', '', '', NULL, 0, 1);
INSERT INTO oxcategories (OXID, OXPARENTID, OXLEFT, OXRIGHT, OXROOTID, OXSORT, OXACTIVE, OXHIDDEN, OXSHOPID, OXSHOPINCL, OXSHOPEXCL, OXTITLE, OXDESC, OXLONGDESC, OXTHUMB, OXEXTLINK, OXTEMPLATE, OXDEFSORT, OXDEFSORTMODE, OXPRICEFROM, OXPRICETO, OXACTIVE_1, OXTITLE_1, OXDESC_1, OXLONGDESC_1, OXACTIVE_2, OXTITLE_2, OXDESC_2, OXLONGDESC_2, OXACTIVE_3, OXTITLE_3, OXDESC_3, OXLONGDESC_3, OXICON, OXVAT, OXSKIPDISCOUNTS, OXSHOWSUFFIX) VALUES('testcat2',      'oxrootid',      1, 2, 'testcat2',      5,     0, 0, 1, 1, 0, '3 [EN] category šųößлы',      '',                                 '',                                        '', '', '', '',         0, 0,  0,  0, '2 [DE] category šųößлы',      '',                          '',                                 0, '', '', '', 0, '', '', '', '', NULL, 0, 1);
INSERT INTO oxcategories (OXID, OXPARENTID, OXLEFT, OXRIGHT, OXROOTID, OXSORT, OXACTIVE, OXHIDDEN, OXSHOPID, OXSHOPINCL, OXSHOPEXCL, OXTITLE, OXDESC, OXLONGDESC, OXTHUMB, OXEXTLINK, OXTEMPLATE, OXDEFSORT, OXDEFSORTMODE, OXPRICEFROM, OXPRICETO, OXACTIVE_1, OXTITLE_1, OXDESC_1, OXLONGDESC_1, OXACTIVE_2, OXTITLE_2, OXDESC_2, OXLONGDESC_2, OXACTIVE_3, OXTITLE_3, OXDESC_3, OXLONGDESC_3, OXICON, OXVAT, OXSKIPDISCOUNTS, OXSHOWSUFFIX) VALUES('testcat3',      'oxrootid',      1, 2, 'testcat3',      1,     0, 0, 1, 1, 0, '4 [EN] category šųößлы',      '',                                 '',                                        '', '', '', '',         0, 0,  0,  0, '3 [DE] category šųößлы',      '',                          '',                                 0, '', '', '', 0, '', '', '', '', NULL, 0, 1);
INSERT INTO oxcategories (OXID, OXPARENTID, OXLEFT, OXRIGHT, OXROOTID, OXSORT, OXACTIVE, OXHIDDEN, OXSHOPID, OXSHOPINCL, OXSHOPEXCL, OXTITLE, OXDESC, OXLONGDESC, OXTHUMB, OXEXTLINK, OXTEMPLATE, OXDEFSORT, OXDEFSORTMODE, OXPRICEFROM, OXPRICETO, OXACTIVE_1, OXTITLE_1, OXDESC_1, OXLONGDESC_1, OXACTIVE_2, OXTITLE_2, OXDESC_2, OXLONGDESC_2, OXACTIVE_3, OXTITLE_3, OXDESC_3, OXLONGDESC_3, OXICON, OXVAT, OXSKIPDISCOUNTS, OXSHOWSUFFIX) VALUES('testcat4',      'oxrootid',      1, 2, 'testcat4',      7,     0, 0, 1, 1, 0, '5 [EN] category šųößлы',      '',                                 '',                                        '', '', '', '',         0, 0,  0,  0, '4 [DE] category šųößлы',      '',                          '',                                 0, '', '', '', 0, '', '', '', '', NULL, 0, 1);
INSERT INTO oxcategories (OXID, OXPARENTID, OXLEFT, OXRIGHT, OXROOTID, OXSORT, OXACTIVE, OXHIDDEN, OXSHOPID, OXSHOPINCL, OXSHOPEXCL, OXTITLE, OXDESC, OXLONGDESC, OXTHUMB, OXEXTLINK, OXTEMPLATE, OXDEFSORT, OXDEFSORTMODE, OXPRICEFROM, OXPRICETO, OXACTIVE_1, OXTITLE_1, OXDESC_1, OXLONGDESC_1, OXACTIVE_2, OXTITLE_2, OXDESC_2, OXLONGDESC_2, OXACTIVE_3, OXTITLE_3, OXDESC_3, OXLONGDESC_3, OXICON, OXVAT, OXSKIPDISCOUNTS, OXSHOWSUFFIX) VALUES('testcat5',      'oxrootid',      1, 2, 'testcat5',      1,     0, 0, 1, 1, 0, '6 [EN] category šųößлы',      '',                                 '',                                        '', '', '', '',         0, 0,  0,  0, '5 [DE] category šųößлы',      '',                          '',                                 0, '', '', '', 0, '', '', '', '', NULL, 0, 1);
INSERT INTO oxcategories (OXID, OXPARENTID, OXLEFT, OXRIGHT, OXROOTID, OXSORT, OXACTIVE, OXHIDDEN, OXSHOPID, OXSHOPINCL, OXSHOPEXCL, OXTITLE, OXDESC, OXLONGDESC, OXTHUMB, OXEXTLINK, OXTEMPLATE, OXDEFSORT, OXDEFSORTMODE, OXPRICEFROM, OXPRICETO, OXACTIVE_1, OXTITLE_1, OXDESC_1, OXLONGDESC_1, OXACTIVE_2, OXTITLE_2, OXDESC_2, OXLONGDESC_2, OXACTIVE_3, OXTITLE_3, OXDESC_3, OXLONGDESC_3, OXICON, OXVAT, OXSKIPDISCOUNTS, OXSHOWSUFFIX) VALUES('testcat7',      'oxrootid',      1, 2, 'testcat7',      6,     0, 0, 1, 1, 0, '8 [EN] category šųößлы',      '',                                 '',                                        '', '', '', '',         0, 0,  0,  0, '7 [DE] category šųößлы',      '',                          '',                                 0, '', '', '', 0, '', '', '', '', NULL, 0, 1);
INSERT INTO oxcategories (OXID, OXPARENTID, OXLEFT, OXRIGHT, OXROOTID, OXSORT, OXACTIVE, OXHIDDEN, OXSHOPID, OXSHOPINCL, OXSHOPEXCL, OXTITLE, OXDESC, OXLONGDESC, OXTHUMB, OXEXTLINK, OXTEMPLATE, OXDEFSORT, OXDEFSORTMODE, OXPRICEFROM, OXPRICETO, OXACTIVE_1, OXTITLE_1, OXDESC_1, OXLONGDESC_1, OXACTIVE_2, OXTITLE_2, OXDESC_2, OXLONGDESC_2, OXACTIVE_3, OXTITLE_3, OXDESC_3, OXLONGDESC_3, OXICON, OXVAT, OXSKIPDISCOUNTS, OXSHOWSUFFIX) VALUES('testcat8',      'oxrootid',      1, 2, 'testcat8',      6,     0, 0, 1, 1, 0, '2 [EN] category šųößлы',      '',                                 '',                                        '', '', '', '',         0, 0,  0,  0, '8 [DE] category šųößлы',      '',                          '',                                 0, '', '', '', 0, '', '', '', '', NULL, 0, 1);
INSERT INTO oxcategories (OXID, OXPARENTID, OXLEFT, OXRIGHT, OXROOTID, OXSORT, OXACTIVE, OXHIDDEN, OXSHOPID, OXSHOPINCL, OXSHOPEXCL, OXTITLE, OXDESC, OXLONGDESC, OXTHUMB, OXEXTLINK, OXTEMPLATE, OXDEFSORT, OXDEFSORTMODE, OXPRICEFROM, OXPRICETO, OXACTIVE_1, OXTITLE_1, OXDESC_1, OXLONGDESC_1, OXACTIVE_2, OXTITLE_2, OXDESC_2, OXLONGDESC_2, OXACTIVE_3, OXTITLE_3, OXDESC_3, OXLONGDESC_3, OXICON, OXVAT, OXSKIPDISCOUNTS, OXSHOWSUFFIX) VALUES('testcat9',      'oxrootid',      1, 2, 'testcat9',      3,     0, 0, 1, 1, 0, '1 [EN] category šųößлы',      '',                                 '',                                        '', '', '', '',         0, 0,  0,  0, '[last] [DE] category šųößлы', '',                          '',                                 0, '', '', '', 0, '', '', '', '', NULL, 0, 1);
INSERT INTO oxcategories (OXID, OXPARENTID, OXLEFT, OXRIGHT, OXROOTID, OXSORT, OXACTIVE, OXHIDDEN, OXSHOPID, OXSHOPINCL, OXSHOPEXCL, OXTITLE, OXDESC, OXLONGDESC, OXTHUMB, OXEXTLINK, OXTEMPLATE, OXDEFSORT, OXDEFSORTMODE, OXPRICEFROM, OXPRICETO, OXACTIVE_1, OXTITLE_1, OXDESC_1, OXLONGDESC_1, OXACTIVE_2, OXTITLE_2, OXDESC_2, OXLONGDESC_2, OXACTIVE_3, OXTITLE_3, OXDESC_3, OXLONGDESC_3, OXICON, OXVAT, OXSKIPDISCOUNTS, OXSHOWSUFFIX) VALUES('testpricecat',  'oxrootid',      1, 2, 'testpricecat',  99999, 1, 0, 1, 1, 0, 'price [EN] šųößлы',           'price category [EN] šųößлы',       '',                                        '', '', '', '',         0, 49, 60, 1, 'price šųößлы [DE]',           'price category [DE]',       '',                                 0, '', '', '', 0, '', '', '', '', NULL, 0, 1);

INSERT INTO oxcategory2attribute (OXID, OXOBJECTID, OXATTRID, OXSORT) VALUES('15947a851650f5270.43233238', 'testcategory0', 'testattribute1', 1);
INSERT INTO oxcategory2attribute (OXID, OXOBJECTID, OXATTRID, OXSORT) VALUES('15947a8516e5d3039.68063444', 'testcategory0', 'testattribute2', 3);
INSERT INTO oxcategory2attribute (OXID, OXOBJECTID, OXATTRID, OXSORT) VALUES('15947a851772549e4.38519009', 'testcategory0', 'testattribute3', 2);

INSERT INTO oxcontents (OXID, OXLOADID, OXSHOPID, OXSNIPPET, OXTYPE, OXACTIVE, OXACTIVE_1, OXPOSITION, OXTITLE, OXCONTENT, OXTITLE_1, OXCONTENT_1, OXACTIVE_2, OXTITLE_2, OXCONTENT_2, OXACTIVE_3, OXTITLE_3, OXCONTENT_3, OXCATID, OXFOLDER, OXTIMESTAMP) VALUES('testcontent1', '[last]testcontent', 1, 0, 2, 0, 0, '', '[last] [EN] content šųößлы', '<p>content [EN] 1  šųößлы</p>',   '1 [DE] content šųößлы',      '<p>content [DE] 1</p>',    0, '', '', 0, '', '', 'testcategory0',              'CMSFOLDER_USERINFO', '2010-03-15 15:34:27');
INSERT INTO oxcontents (OXID, OXLOADID, OXSHOPID, OXSNIPPET, OXTYPE, OXACTIVE, OXACTIVE_1, OXPOSITION, OXTITLE, OXCONTENT, OXTITLE_1, OXCONTENT_1, OXACTIVE_2, OXTITLE_2, OXCONTENT_2, OXACTIVE_3, OXTITLE_3, OXCONTENT_3, OXCATID, OXFOLDER, OXTIMESTAMP) VALUES('testcontent2', '1testcontent',      1, 0, 2, 0, 0, '', '3 [EN] content šųößлы',      '<p>content [EN] last šųößлы</p>', '[last] [DE] content šųößлы', '<p>content [DE] last</p>', 0, '', '', 0, '', '', 'testcategory1',              'CMSFOLDER_USERINFO', '2010-03-15 15:34:27');
INSERT INTO oxcontents (OXID, OXLOADID, OXSHOPID, OXSNIPPET, OXTYPE, OXACTIVE, OXACTIVE_1, OXPOSITION, OXTITLE, OXCONTENT, OXTITLE_1, OXCONTENT_1, OXACTIVE_2, OXTITLE_2, OXCONTENT_2, OXACTIVE_3, OXTITLE_3, OXCONTENT_3, OXCATID, OXFOLDER, OXTIMESTAMP) VALUES('testcontent3', 't3testcontent',     1, 0, 3, 0, 0, '', 'T4 [EN] content šųößлы',     '',                                'T2 [DE] content šųößлы',     '',                         0, '', '', 0, '', '', '30e44ab834ea42417.86131097', 'CMSFOLDER_USERINFO', '2010-03-15 15:34:27');
INSERT INTO oxcontents (OXID, OXLOADID, OXSHOPID, OXSNIPPET, OXTYPE, OXACTIVE, OXACTIVE_1, OXPOSITION, OXTITLE, OXCONTENT, OXTITLE_1, OXCONTENT_1, OXACTIVE_2, OXTITLE_2, OXCONTENT_2, OXACTIVE_3, OXTITLE_3, OXCONTENT_3, OXCATID, OXFOLDER, OXTIMESTAMP) VALUES('testcontent4', 't4testcontent',     1, 0, 3, 0, 0, '', 'T1 [EN] content šųößлы',     '',                                'T4 [DE] content šųößлы',     '',                         0, '', '', 0, '', '', '30e44ab834ea42417.86131097', 'CMSFOLDER_USERINFO', '2010-03-15 15:34:27');
INSERT INTO oxcontents (OXID, OXLOADID, OXSHOPID, OXSNIPPET, OXTYPE, OXACTIVE, OXACTIVE_1, OXPOSITION, OXTITLE, OXCONTENT, OXTITLE_1, OXCONTENT_1, OXACTIVE_2, OXTITLE_2, OXCONTENT_2, OXACTIVE_3, OXTITLE_3, OXCONTENT_3, OXCATID, OXFOLDER, OXTIMESTAMP) VALUES('testcontent6', 't5testcontent',     1, 0, 3, 0, 0, '', 'T5 [EN] content šųößлы',     '',                                'T6 [DE] content šųößлы',     '',                         0, '', '', 0, '', '', '30e44ab834ea42417.86131097', 'CMSFOLDER_USERINFO', '2010-03-15 15:34:27');

INSERT INTO oxdel2delset (OXID, OXDELID, OXDELSETID) VALUES('15947a84ade618746.43436519', 'testdelart', 'testdelset');
INSERT INTO oxdel2delset (OXID, OXDELID, OXDELSETID) VALUES('15947a84ade6246c1.43630378', 'testdel',    'testdelset');

INSERT INTO oxdelivery (OXID, OXSHOPID, OXSHOPINCL, OXSHOPEXCL, OXACTIVE, OXACTIVEFROM, OXACTIVETO, OXTITLE, OXTITLE_1, OXTITLE_2, OXTITLE_3, OXADDSUMTYPE, OXADDSUM, OXDELTYPE, OXPARAM, OXPARAMEND, OXFIXED, OXSORT, OXFINALIZE) VALUES('testdel',    1, 1, 0, 1, '0000-00-00 00:00:00', '0000-00-00 00:00:00', 'Test delivery category [EN] šųößлы', 'Test delivery category [DE] šųößлы', '', '', 'abs', 1.5, 'a', 1, 99999, 0, 9998,   1);
INSERT INTO oxdelivery (OXID, OXSHOPID, OXSHOPINCL, OXSHOPEXCL, OXACTIVE, OXACTIVEFROM, OXACTIVETO, OXTITLE, OXTITLE_1, OXTITLE_2, OXTITLE_3, OXADDSUMTYPE, OXADDSUM, OXDELTYPE, OXPARAM, OXPARAMEND, OXFIXED, OXSORT, OXFINALIZE) VALUES('testdelart', 1, 1, 0, 1, '0000-00-00 00:00:00', '0000-00-00 00:00:00', 'Test delivery product [EN] šųößлы',  'Test delivery product [DE] šųößлы',  '', '', '%',   1,   'a', 1, 99999, 0, 9999,   1);
INSERT INTO oxdelivery (OXID, OXSHOPID, OXSHOPINCL, OXSHOPEXCL, OXACTIVE, OXACTIVEFROM, OXACTIVETO, OXTITLE, OXTITLE_1, OXTITLE_2, OXTITLE_3, OXADDSUMTYPE, OXADDSUM, OXDELTYPE, OXPARAM, OXPARAMEND, OXFIXED, OXSORT, OXFINALIZE) VALUES('testsh1',    1, 1, 0, 0, '0000-00-00 00:00:00', '0000-00-00 00:00:00', '[last] EN S&H šųößлы',               '1 DE S&H šųößлы',                    '', '', 'abs', 0,   'a', 0, 0,     0, 4,      0);
INSERT INTO oxdelivery (OXID, OXSHOPID, OXSHOPINCL, OXSHOPEXCL, OXACTIVE, OXACTIVEFROM, OXACTIVETO, OXTITLE, OXTITLE_1, OXTITLE_2, OXTITLE_3, OXADDSUMTYPE, OXADDSUM, OXDELTYPE, OXPARAM, OXPARAMEND, OXFIXED, OXSORT, OXFINALIZE) VALUES('testsh2',    1, 1, 0, 0, '0000-00-00 00:00:00', '0000-00-00 00:00:00', '3 EN S&H šųößлы',                    '2 DE S&H šųößлы',                    '', '', 'abs', 0,   'a', 0, 0,     0, 1,      0);
INSERT INTO oxdelivery (OXID, OXSHOPID, OXSHOPINCL, OXSHOPEXCL, OXACTIVE, OXACTIVEFROM, OXACTIVETO, OXTITLE, OXTITLE_1, OXTITLE_2, OXTITLE_3, OXADDSUMTYPE, OXADDSUM, OXDELTYPE, OXPARAM, OXPARAMEND, OXFIXED, OXSORT, OXFINALIZE) VALUES('testsh3',    1, 1, 0, 0, '0000-00-00 00:00:00', '0000-00-00 00:00:00', '4 EN S&H šųößлы',                    '3 DE S&H šųößлы',                    '', '', 'abs', 0,   'a', 0, 0,     0, 999999, 0);
INSERT INTO oxdelivery (OXID, OXSHOPID, OXSHOPINCL, OXSHOPEXCL, OXACTIVE, OXACTIVEFROM, OXACTIVETO, OXTITLE, OXTITLE_1, OXTITLE_2, OXTITLE_3, OXADDSUMTYPE, OXADDSUM, OXDELTYPE, OXPARAM, OXPARAMEND, OXFIXED, OXSORT, OXFINALIZE) VALUES('testsh5',    1, 1, 0, 0, '0000-00-00 00:00:00', '0000-00-00 00:00:00', '1 EN S&H šųößлы',                    '[last] DE S&H šųößлы',               '', '', 'abs', 0,   'a', 0, 0,     0, 2,      0);

INSERT INTO oxdeliveryset (OXID, OXSHOPID, OXSHOPINCL, OXSHOPEXCL, OXACTIVE, OXACTIVEFROM, OXACTIVETO, OXTITLE, OXTITLE_1, OXTITLE_2, OXTITLE_3, OXPOS) VALUES('testdelset', 1, 1, 0, 1, '0000-00-00 00:00:00', '0000-00-00 00:00:00', 'Test S&H set [EN] šųößлы',      'Test S&H set [DE] šųößлы',      '', '', 0);
INSERT INTO oxdeliveryset (OXID, OXSHOPID, OXSHOPINCL, OXSHOPEXCL, OXACTIVE, OXACTIVEFROM, OXACTIVETO, OXTITLE, OXTITLE_1, OXTITLE_2, OXTITLE_3, OXPOS) VALUES('testshset1', 1, 1, 0, 0, '0000-00-00 00:00:00', '0000-00-00 00:00:00', '[last] EN test S&H set šųößлы', '1 DE test S&H set šųößлы',      '', '', 0);
INSERT INTO oxdeliveryset (OXID, OXSHOPID, OXSHOPINCL, OXSHOPEXCL, OXACTIVE, OXACTIVEFROM, OXACTIVETO, OXTITLE, OXTITLE_1, OXTITLE_2, OXTITLE_3, OXPOS) VALUES('testshset2', 1, 1, 0, 0, '0000-00-00 00:00:00', '0000-00-00 00:00:00', '3 EN test S&H set šųößлы',      '2 DE test S&H set šųößлы',      '', '', 0);
INSERT INTO oxdeliveryset (OXID, OXSHOPID, OXSHOPINCL, OXSHOPEXCL, OXACTIVE, OXACTIVEFROM, OXACTIVETO, OXTITLE, OXTITLE_1, OXTITLE_2, OXTITLE_3, OXPOS) VALUES('testshset3', 1, 1, 0, 0, '0000-00-00 00:00:00', '0000-00-00 00:00:00', '4 EN test S&H set šųößлы',      '3 DE test S&H set šųößлы',      '', '', 0);
INSERT INTO oxdeliveryset (OXID, OXSHOPID, OXSHOPINCL, OXSHOPEXCL, OXACTIVE, OXACTIVEFROM, OXACTIVETO, OXTITLE, OXTITLE_1, OXTITLE_2, OXTITLE_3, OXPOS) VALUES('testshset4', 1, 1, 0, 0, '0000-00-00 00:00:00', '0000-00-00 00:00:00', '2 EN test S&H set šųößлы',      '4 DE test S&H set šųößлы',      '', '', 0);
INSERT INTO oxdeliveryset (OXID, OXSHOPID, OXSHOPINCL, OXSHOPEXCL, OXACTIVE, OXACTIVEFROM, OXACTIVETO, OXTITLE, OXTITLE_1, OXTITLE_2, OXTITLE_3, OXPOS) VALUES('testshset5', 1, 1, 0, 0, '0000-00-00 00:00:00', '0000-00-00 00:00:00', '6 EN test S&H set šųößлы',      '5 DE test S&H set šųößлы',      '', '', 0);
INSERT INTO oxdeliveryset (OXID, OXSHOPID, OXSHOPINCL, OXSHOPEXCL, OXACTIVE, OXACTIVEFROM, OXACTIVETO, OXTITLE, OXTITLE_1, OXTITLE_2, OXTITLE_3, OXPOS) VALUES('testshset7', 1, 1, 0, 0, '0000-00-00 00:00:00', '0000-00-00 00:00:00', '1 EN test S&H set šųößлы',      '[last] DE test S&H set šųößлы', '', '', 0);
INSERT INTO oxdeliveryset (OXID, OXSHOPID, OXSHOPINCL, OXSHOPEXCL, OXACTIVE, OXACTIVEFROM, OXACTIVETO, OXTITLE, OXTITLE_1, OXTITLE_2, OXTITLE_3, OXPOS) VALUES('testshset8', 1, 1, 0, 0, '0000-00-00 00:00:00', '0000-00-00 00:00:00', '7 EN test S&H set šųößлы',      '7 DE test S&H set šųößлы',      '', '', 0);

INSERT INTO oxdiscount (OXID, OXSHOPID, OXSHOPINCL, OXSHOPEXCL, OXACTIVE, OXACTIVEFROM, OXACTIVETO, OXTITLE, OXTITLE_1, OXTITLE_2, OXTITLE_3, OXAMOUNT, OXAMOUNTTO, OXPRICETO, OXPRICE, OXADDSUMTYPE, OXADDSUM, OXITMARTID, OXITMAMOUNT, OXITMMULTIPLE) VALUES('testcatdiscount', 1, 1, 0, 1, '0000-00-00 00:00:00', '0000-00-00 00:00:00', 'discount for category [EN] šųößлы', 'discount for category [DE] šųößлы', '', '', 1, 999999, 0,      0,   'abs', 5,  '',     0, 0);
INSERT INTO oxdiscount (OXID, OXSHOPID, OXSHOPINCL, OXSHOPEXCL, OXACTIVE, OXACTIVEFROM, OXACTIVETO, OXTITLE, OXTITLE_1, OXTITLE_2, OXTITLE_3, OXAMOUNT, OXAMOUNTTO, OXPRICETO, OXPRICE, OXADDSUMTYPE, OXADDSUM, OXITMARTID, OXITMAMOUNT, OXITMMULTIPLE) VALUES('testartdiscount', 1, 1, 0, 1, '0000-00-00 00:00:00', '0000-00-00 00:00:00', 'discount for product [EN] šųößлы',  'discount for product [DE] šųößлы',  '', '', 0, 0,      999999, 100, '%',   10, '',     0, 0);
INSERT INTO oxdiscount (OXID, OXSHOPID, OXSHOPINCL, OXSHOPEXCL, OXACTIVE, OXACTIVEFROM, OXACTIVETO, OXTITLE, OXTITLE_1, OXTITLE_2, OXTITLE_3, OXAMOUNT, OXAMOUNTTO, OXPRICETO, OXPRICE, OXADDSUMTYPE, OXADDSUM, OXITMARTID, OXITMAMOUNT, OXITMMULTIPLE) VALUES('testdiscount1',   1, 1, 0, 1, '0000-00-00 00:00:00', '0000-00-00 00:00:00', '[last] EN test discount šųößлы',    '1 DE test discount šųößлы',         '', '', 0, 999999, 999999, 0,   'abs', 5,  '',     0, 0);
INSERT INTO oxdiscount (OXID, OXSHOPID, OXSHOPINCL, OXSHOPEXCL, OXACTIVE, OXACTIVEFROM, OXACTIVETO, OXTITLE, OXTITLE_1, OXTITLE_2, OXTITLE_3, OXAMOUNT, OXAMOUNTTO, OXPRICETO, OXPRICE, OXADDSUMTYPE, OXADDSUM, OXITMARTID, OXITMAMOUNT, OXITMMULTIPLE) VALUES('testdiscount2',   1, 1, 0, 0, '0000-00-00 00:00:00', '0000-00-00 00:00:00', '3 EN test discount šųößлы',         '2 DE test discount šųößлы',         '', '', 0, 0,      0,      0,   'abs', 0,  '',     0, 0);
INSERT INTO oxdiscount (OXID, OXSHOPID, OXSHOPINCL, OXSHOPEXCL, OXACTIVE, OXACTIVEFROM, OXACTIVETO, OXTITLE, OXTITLE_1, OXTITLE_2, OXTITLE_3, OXAMOUNT, OXAMOUNTTO, OXPRICETO, OXPRICE, OXADDSUMTYPE, OXADDSUM, OXITMARTID, OXITMAMOUNT, OXITMMULTIPLE) VALUES('testdiscount3',   1, 1, 0, 0, '0000-00-00 00:00:00', '0000-00-00 00:00:00', '2 EN test discount šųößлы',         '3 DE test discount šųößлы',         '', '', 0, 0,      0,      0,   'abs', 0,  '',     0, 0);
INSERT INTO oxdiscount (OXID, OXSHOPID, OXSHOPINCL, OXSHOPEXCL, OXACTIVE, OXACTIVEFROM, OXACTIVETO, OXTITLE, OXTITLE_1, OXTITLE_2, OXTITLE_3, OXAMOUNT, OXAMOUNTTO, OXPRICETO, OXPRICE, OXADDSUMTYPE, OXADDSUM, OXITMARTID, OXITMAMOUNT, OXITMMULTIPLE) VALUES('testdiscount4',   1, 1, 0, 0, '0000-00-00 00:00:00', '0000-00-00 00:00:00', '4 EN test discount šųößлы',         '4 DE test discount šųößлы',         '', '', 0, 0,      0,      0,   'abs', 0,  '',     0, 0);
INSERT INTO oxdiscount (OXID, OXSHOPID, OXSHOPINCL, OXSHOPEXCL, OXACTIVE, OXACTIVEFROM, OXACTIVETO, OXTITLE, OXTITLE_1, OXTITLE_2, OXTITLE_3, OXAMOUNT, OXAMOUNTTO, OXPRICETO, OXPRICE, OXADDSUMTYPE, OXADDSUM, OXITMARTID, OXITMAMOUNT, OXITMMULTIPLE) VALUES('testdiscount5',   1, 1, 0, 0, '0000-00-00 00:00:00', '0000-00-00 00:00:00', '1 EN test discount šųößлы',         '[last] DE test discount šųößлы',    '', '', 0, 0,      0,      0,   'abs', 0,  '',     0, 0);
INSERT INTO oxdiscount (OXID, OXSHOPID, OXSHOPINCL, OXSHOPEXCL, OXACTIVE, OXACTIVEFROM, OXACTIVETO, OXTITLE, OXTITLE_1, OXTITLE_2, OXTITLE_3, OXAMOUNT, OXAMOUNTTO, OXPRICETO, OXPRICE, OXADDSUMTYPE, OXADDSUM, OXITMARTID, OXITMAMOUNT, OXITMMULTIPLE) VALUES('testitmdiscount', 1, 1, 0, 1, '0000-00-00 00:00:00', '0000-00-00 00:00:00', 'Itm discount [EN] šųößлы',          'Itm discount [DE] šųößлы',          '', '', 5, 999999, 0,      0,   'itm', 0,  '1003', 1, 0);

INSERT INTO oxfield2role (OXFIELDID, OXTYPE, OXROLEID, OXIDX) VALUES('42b44bc9934bdb406.85935627',       '', 'testadminrole6', 1);
INSERT INTO oxfield2role (OXFIELDID, OXTYPE, OXROLEID, OXIDX) VALUES('42b44bc9941a46fd3.13180499',       '', 'testadminrole6', 1);
INSERT INTO oxfield2role (OXFIELDID, OXTYPE, OXROLEID, OXIDX) VALUES('42b44bc99488c66b1.94059993',       '', 'testadminrole6', 1);
INSERT INTO oxfield2role (OXFIELDID, OXTYPE, OXROLEID, OXIDX) VALUES('42b44bc9950334951.12393781',       '', 'testadminrole6', 1);
INSERT INTO oxfield2role (OXFIELDID, OXTYPE, OXROLEID, OXIDX) VALUES('3a6a13b4820fff81c09131cf4c5afcee', '', 'testadminrole6', 1);

INSERT INTO oxgbentries (OXID, OXSHOPID, OXUSERID, OXCONTENT, OXCREATE, OXACTIVE, OXVIEWED) VALUES('testguestbook1', 1, 'testuser',       'Demo guestbook entry [EN] šųößлы', '2008-01-01 00:00:01', 1, 1);
INSERT INTO oxgbentries (OXID, OXSHOPID, OXUSERID, OXCONTENT, OXCREATE, OXACTIVE, OXVIEWED) VALUES('testguestbook2', 1, 'oxdefaultadmin', 'Demo guestbook entry [DE] šųößлы', '2008-01-02 00:00:01', 1, 1);

INSERT INTO `oxgroups` (`OXID`, `OXACTIVE`, `OXTITLE`, `OXTITLE_1`, `OXRRID`) VALUES('testgroup1', 0, '1 user Group šųößлы', '1 user Group šųößлы',           16);
INSERT INTO `oxgroups` (`OXID`, `OXACTIVE`, `OXTITLE`, `OXTITLE_1`, `OXRRID`) VALUES('testgroup2', 0, '2 user Group šųößлы', '2 user Group šųößлы',           17);
INSERT INTO `oxgroups` (`OXID`, `OXACTIVE`, `OXTITLE`, `OXTITLE_1`, `OXRRID`) VALUES('testgroup3', 0, '3 user Group šųößлы', '3 user Group šųößлы',           18);
INSERT INTO `oxgroups` (`OXID`, `OXACTIVE`, `OXTITLE`, `OXTITLE_1`, `OXRRID`) VALUES('testgroup4', 0, 'Z user Group šųößлы', 'Z user Group šųößлы',           19);
INSERT INTO `oxgroups` (`OXID`, `OXACTIVE`, `OXTITLE`, `OXTITLE_1`, `OXRRID`) VALUES('testgroup5', 0, '[last] user Group šųößлы', '[last] user Group šųößлы', 20);

INSERT INTO oxlinks (OXID, OXSHOPID, OXSHOPINCL, OXSHOPEXCL, OXACTIVE, OXURL, OXURLDESC, OXURLDESC_1, OXURLDESC_2, OXURLDESC_3, OXINSERT) VALUES('testlink',  1, 1, 0, 1, 'http://www.google.com',    '<p>Demo link description [EN] šųößлы</p>',   '<p>Demo link description [DE]</p>',   '', '', '2008-01-01 00:00:01');
INSERT INTO oxlinks (OXID, OXSHOPID, OXSHOPINCL, OXSHOPEXCL, OXACTIVE, OXURL, OXURLDESC, OXURLDESC_1, OXURLDESC_2, OXURLDESC_3, OXINSERT) VALUES('testlink1', 1, 1, 0, 0, 'http://www.1google.com',   '<p>4 [EN] link description šųößлы</p>',      '<p>1 [DE] link description</p>',      '', '', '2008-01-01 00:00:04');
INSERT INTO oxlinks (OXID, OXSHOPID, OXSHOPINCL, OXSHOPEXCL, OXACTIVE, OXURL, OXURLDESC, OXURLDESC_1, OXURLDESC_2, OXURLDESC_3, OXINSERT) VALUES('testlink2', 1, 1, 0, 0, 'http://www.2google.com',   '<p>5 [EN] link description šųößлы</p>',      '<p>2 [DE] link description</p>',      '', '', '2008-02-01 00:00:01');
INSERT INTO oxlinks (OXID, OXSHOPID, OXSHOPINCL, OXSHOPEXCL, OXACTIVE, OXURL, OXURLDESC, OXURLDESC_1, OXURLDESC_2, OXURLDESC_3, OXINSERT) VALUES('testlink3', 1, 1, 0, 0, 'http://www.3google.com',   '<p>6 [EN] link description šųößлы</p>',      '<p>3 [DE] link description</p>',      '', '', '2004-01-01 00:00:02');
INSERT INTO oxlinks (OXID, OXSHOPID, OXSHOPINCL, OXSHOPEXCL, OXACTIVE, OXURL, OXURLDESC, OXURLDESC_1, OXURLDESC_2, OXURLDESC_3, OXINSERT) VALUES('testlink4', 1, 1, 0, 0, 'http://www.4google.com',   '<p>7 [EN] link description šųößлы</p>',      '<p>4 [DE] link description</p>',      '', '', '2007-12-10 00:00:01');
INSERT INTO oxlinks (OXID, OXSHOPID, OXSHOPINCL, OXSHOPEXCL, OXACTIVE, OXURL, OXURLDESC, OXURLDESC_1, OXURLDESC_2, OXURLDESC_3, OXINSERT) VALUES('testlink5', 1, 1, 0, 0, 'http://www.5google.com',   '<p>8 [EN] link description šųößлы</p>',      '<p>5 [DE] link description</p>',      '', '', '2008-01-01 00:00:02');
INSERT INTO oxlinks (OXID, OXSHOPID, OXSHOPINCL, OXSHOPEXCL, OXACTIVE, OXURL, OXURLDESC, OXURLDESC_1, OXURLDESC_2, OXURLDESC_3, OXINSERT) VALUES('testlink6', 1, 1, 0, 0, 'http://www.6google.com',   '<p>[last] [EN] link description šųößлы</p>', '<p>6 [DE] link description</p>',      '', '', '2008-02-13 00:00:01');
INSERT INTO oxlinks (OXID, OXSHOPID, OXSHOPINCL, OXSHOPEXCL, OXACTIVE, OXURL, OXURLDESC, OXURLDESC_1, OXURLDESC_2, OXURLDESC_3, OXINSERT) VALUES('testlink7', 1, 1, 0, 0, 'http://www.zzzgoogle.com', '<p>1 [EN] link description šųößлы</p>',      '<p>7 [DE] link description</p>',      '', '', '2008-01-17 00:00:01');
INSERT INTO oxlinks (OXID, OXSHOPID, OXSHOPINCL, OXSHOPEXCL, OXACTIVE, OXURL, OXURLDESC, OXURLDESC_1, OXURLDESC_2, OXURLDESC_3, OXINSERT) VALUES('testlink8', 1, 1, 0, 0, 'http://www.zzgoogle.com',  '<p>2 [EN] link description šųößлы</p>',      '<p>8 [DE] link description</p>',      '', '', '2008-03-01 00:00:01');
INSERT INTO oxlinks (OXID, OXSHOPID, OXSHOPINCL, OXSHOPEXCL, OXACTIVE, OXURL, OXURLDESC, OXURLDESC_1, OXURLDESC_2, OXURLDESC_3, OXINSERT) VALUES('testlink9', 1, 1, 0, 0, 'http://www.zgoogle.com',   '<p>3 [EN] link description šųößлы</p>',      '<p>[last] [DE] link description</p>', '', '', '2008-01-01 00:00:03');

INSERT INTO oxmanufacturers (OXID, OXSHOPID, OXSHOPINCL, OXSHOPEXCL, OXACTIVE, OXICON, OXTITLE, OXSHORTDESC, OXTITLE_1, OXSHORTDESC_1, OXTITLE_2, OXSHORTDESC_2, OXTITLE_3, OXSHORTDESC_3, OXSHOWSUFFIX) VALUES('testmanufacturer',  1, 1, 0, 1, '', 'Manufacturer [EN] šųößлы',      'Manufacturer description [EN] šųößлы',      'Manufacturer [DE] šųößлы',      'Manufacturer description [DE]',      '', '', '', '', 1);
INSERT INTO oxmanufacturers (OXID, OXSHOPID, OXSHOPINCL, OXSHOPEXCL, OXACTIVE, OXICON, OXTITLE, OXSHORTDESC, OXTITLE_1, OXSHORTDESC_1, OXTITLE_2, OXSHORTDESC_2, OXTITLE_3, OXSHORTDESC_3, OXSHOWSUFFIX) VALUES('testmanufacturer1', 1, 1, 0, 0, '', '[last] EN manufacturer šųößлы', '1 EN manufacturer description šųößлы',      '1 DE manufacturer šųößлы',      '[last] DE manufacturer description', '', '', '', '', 1);
INSERT INTO oxmanufacturers (OXID, OXSHOPID, OXSHOPINCL, OXSHOPEXCL, OXACTIVE, OXICON, OXTITLE, OXSHORTDESC, OXTITLE_1, OXSHORTDESC_1, OXTITLE_2, OXSHORTDESC_2, OXTITLE_3, OXSHORTDESC_3, OXSHOWSUFFIX) VALUES('testmanufacturer8', 1, 1, 0, 0, '', '1 EN manufacturer šųößлы',      '[last] EN manufacturer description šųößлы', '[last] DE manufacturer šųößлы', '1 DE manufacturer description',      '', '', '', '', 1);
INSERT INTO oxmanufacturers (OXID, OXSHOPID, OXSHOPINCL, OXSHOPEXCL, OXACTIVE, OXICON, OXTITLE, OXSHORTDESC, OXTITLE_1, OXSHORTDESC_1, OXTITLE_2, OXSHORTDESC_2, OXTITLE_3, OXSHORTDESC_3, OXSHOWSUFFIX) VALUES('testmanufacturer2', 1, 1, 0, 0, '', '4 EN manufacturer šųößлы',      '2 EN manufacturer description šųößлы',      '2 DE manufacturer šųößлы',      '4 DE manufacturer description',      '', '', '', '', 1);
INSERT INTO oxmanufacturers (OXID, OXSHOPID, OXSHOPINCL, OXSHOPEXCL, OXACTIVE, OXICON, OXTITLE, OXSHORTDESC, OXTITLE_1, OXSHORTDESC_1, OXTITLE_2, OXSHORTDESC_2, OXTITLE_3, OXSHORTDESC_3, OXSHOWSUFFIX) VALUES('testmanufacturer3', 1, 1, 0, 0, '', '5 EN manufacturer šųößлы',      '3 EN manufacturer description šųößлы',      '3 DE manufacturer šųößлы',      '5 DE manufacturer description',      '', '', '', '', 1);
INSERT INTO oxmanufacturers (OXID, OXSHOPID, OXSHOPINCL, OXSHOPEXCL, OXACTIVE, OXICON, OXTITLE, OXSHORTDESC, OXTITLE_1, OXSHORTDESC_1, OXTITLE_2, OXSHORTDESC_2, OXTITLE_3, OXSHORTDESC_3, OXSHOWSUFFIX) VALUES('testmanufacturer4', 1, 1, 0, 0, '', '2 EN manufacturer šųößлы',      '4 EN manufacturer description šųößлы',      '4 DE manufacturer šųößлы',      '2 DE manufacturer description',      '', '', '', '', 1);
INSERT INTO oxmanufacturers (OXID, OXSHOPID, OXSHOPINCL, OXSHOPEXCL, OXACTIVE, OXICON, OXTITLE, OXSHORTDESC, OXTITLE_1, OXSHORTDESC_1, OXTITLE_2, OXSHORTDESC_2, OXTITLE_3, OXSHORTDESC_3, OXSHOWSUFFIX) VALUES('testmanufacturer5', 1, 1, 0, 0, '', '7 EN manufacturer šųößлы',      '5 DE manufacturer description šųößлы',      '5 DE manufacturer šųößлы',      '7 DE manufacturer description',      '', '', '', '', 1);
INSERT INTO oxmanufacturers (OXID, OXSHOPID, OXSHOPINCL, OXSHOPEXCL, OXACTIVE, OXICON, OXTITLE, OXSHORTDESC, OXTITLE_1, OXSHORTDESC_1, OXTITLE_2, OXSHORTDESC_2, OXTITLE_3, OXSHORTDESC_3, OXSHOWSUFFIX) VALUES('testmanufacturer6', 1, 1, 0, 0, '', '6 EN manufacturer šųößлы',      '6 EN manufacturer description šųößлы',      '6 DE manufacturer šųößлы',      '6 DE manufacturer description',      '', '', '', '', 1);
INSERT INTO oxmanufacturers (OXID, OXSHOPID, OXSHOPINCL, OXSHOPEXCL, OXACTIVE, OXICON, OXTITLE, OXSHORTDESC, OXTITLE_1, OXSHORTDESC_1, OXTITLE_2, OXSHORTDESC_2, OXTITLE_3, OXSHORTDESC_3, OXSHOWSUFFIX) VALUES('testmanufacturer7', 1, 1, 0, 0, '', '3 EN manufacturer šųößлы',      '7 EN manufacturer description šųößлы',      '7 DE manufacturer šųößлы',      '3 DE manufacturer description',      '', '', '', '', 1);

INSERT INTO oxnews (OXID, OXSHOPID, OXSHOPINCL, OXSHOPEXCL, OXACTIVE, OXACTIVEFROM, OXACTIVETO, OXDATE, OXSHORTDESC, OXLONGDESC, OXACTIVE_1, OXSHORTDESC_1, OXLONGDESC_1, OXACTIVE_2, OXSHORTDESC_2, OXLONGDESC_2, OXACTIVE_3, OXSHORTDESC_3, OXLONGDESC_3) VALUES('testnews1',  1, 1, 0, 1, '0000-00-00 00:00:00', '0000-00-00 00:00:00', '2008-01-01', 'Test news 1 [EN] šųößлы',      '<p>Test news text 1 [EN] šųößлы</p>', 1, 'Test news 1 [DE] šųößлы', '<p>Test news text 1 [DE]</p>', 0, '', '', 0, '', '');
INSERT INTO oxnews (OXID, OXSHOPID, OXSHOPINCL, OXSHOPEXCL, OXACTIVE, OXACTIVEFROM, OXACTIVETO, OXDATE, OXSHORTDESC, OXLONGDESC, OXACTIVE_1, OXSHORTDESC_1, OXLONGDESC_1, OXACTIVE_2, OXSHORTDESC_2, OXLONGDESC_2, OXACTIVE_3, OXSHORTDESC_3, OXLONGDESC_3) VALUES('testnews2',  1, 1, 0, 1, '0000-00-00 00:00:00', '0000-00-00 00:00:00', '2008-01-02', 'Test news 2 [EN] šųößлы',      '<p>Test news text 2 [EN] šųößлы</p>', 1, 'Test news 2 [DE] šųößлы', '<p>Test news text 2 [DE]</p>', 0, '', '', 0, '', '');
INSERT INTO oxnews (OXID, OXSHOPID, OXSHOPINCL, OXSHOPEXCL, OXACTIVE, OXACTIVEFROM, OXACTIVETO, OXDATE, OXSHORTDESC, OXLONGDESC, OXACTIVE_1, OXSHORTDESC_1, OXLONGDESC_1, OXACTIVE_2, OXSHORTDESC_2, OXLONGDESC_2, OXACTIVE_3, OXSHORTDESC_3, OXLONGDESC_3) VALUES('testnews3',  1, 1, 0, 0, '0000-00-00 00:00:00', '0000-00-00 00:00:00', '2007-11-02', '[last] [EN] Test news šųößлы', '<p>Test news text</p>',               0, '1 [DE] Test news šųößлы', '<p>Test news text</p>',        0, '', '', 0, '', '');
INSERT INTO oxnews (OXID, OXSHOPID, OXSHOPINCL, OXSHOPEXCL, OXACTIVE, OXACTIVEFROM, OXACTIVETO, OXDATE, OXSHORTDESC, OXLONGDESC, OXACTIVE_1, OXSHORTDESC_1, OXLONGDESC_1, OXACTIVE_2, OXSHORTDESC_2, OXLONGDESC_2, OXACTIVE_3, OXSHORTDESC_3, OXLONGDESC_3) VALUES('testnews4',  1, 1, 0, 0, '0000-00-00 00:00:00', '0000-00-00 00:00:00', '2008-01-05', '8 [EN] Test news šųößлы',      '<p>Test news text</p>',               0, '2 [DE] Test news šųößлы', '<p>Test news text</p>',        0, '', '', 0, '', '');
INSERT INTO oxnews (OXID, OXSHOPID, OXSHOPINCL, OXSHOPEXCL, OXACTIVE, OXACTIVEFROM, OXACTIVETO, OXDATE, OXSHORTDESC, OXLONGDESC, OXACTIVE_1, OXSHORTDESC_1, OXLONGDESC_1, OXACTIVE_2, OXSHORTDESC_2, OXLONGDESC_2, OXACTIVE_3, OXSHORTDESC_3, OXLONGDESC_3) VALUES('testnews5',  1, 1, 0, 0, '0000-00-00 00:00:00', '0000-00-00 00:00:00', '2007-12-02', '1 [EN] Test news šųößлы',      '<p>Test news text</p>',               0, '3 [DE] Test news šųößлы', '<p>Test news text</p>',        0, '', '', 0, '', '');
INSERT INTO oxnews (OXID, OXSHOPID, OXSHOPINCL, OXSHOPEXCL, OXACTIVE, OXACTIVEFROM, OXACTIVETO, OXDATE, OXSHORTDESC, OXLONGDESC, OXACTIVE_1, OXSHORTDESC_1, OXLONGDESC_1, OXACTIVE_2, OXSHORTDESC_2, OXLONGDESC_2, OXACTIVE_3, OXSHORTDESC_3, OXLONGDESC_3) VALUES('testnews6',  1, 1, 0, 0, '0000-00-00 00:00:00', '0000-00-00 00:00:00', '2008-01-02', '2 [EN] Test news šųößлы',      '<p>Test news text</p>',               0, '4 [DE] Test news šųößлы', '<p>Test news text</p>',        0, '', '', 0, '', '');
INSERT INTO oxnews (OXID, OXSHOPID, OXSHOPINCL, OXSHOPEXCL, OXACTIVE, OXACTIVEFROM, OXACTIVETO, OXDATE, OXSHORTDESC, OXLONGDESC, OXACTIVE_1, OXSHORTDESC_1, OXLONGDESC_1, OXACTIVE_2, OXSHORTDESC_2, OXLONGDESC_2, OXACTIVE_3, OXSHORTDESC_3, OXLONGDESC_3) VALUES('testnews7',  1, 1, 0, 0, '0000-00-00 00:00:00', '0000-00-00 00:00:00', '2007-12-20', '3 [EN] Test news šųößлы',      '<p>Test news text</p>',               0, '5 [DE] Test news šųößлы', '<p>Test news text</p>',        0, '', '', 0, '', '');
INSERT INTO oxnews (OXID, OXSHOPID, OXSHOPINCL, OXSHOPEXCL, OXACTIVE, OXACTIVEFROM, OXACTIVETO, OXDATE, OXSHORTDESC, OXLONGDESC, OXACTIVE_1, OXSHORTDESC_1, OXLONGDESC_1, OXACTIVE_2, OXSHORTDESC_2, OXLONGDESC_2, OXACTIVE_3, OXSHORTDESC_3, OXLONGDESC_3) VALUES('testnews8',  1, 1, 0, 0, '0000-00-00 00:00:00', '0000-00-00 00:00:00', '2008-02-03', '4 [EN] Test news šųößлы',      '<p>Test news text</p>',               0, '6 [DE] Test news šųößлы', '<p>Test news text</p>',        0, '', '', 0, '', '');
INSERT INTO oxnews (OXID, OXSHOPID, OXSHOPINCL, OXSHOPEXCL, OXACTIVE, OXACTIVEFROM, OXACTIVETO, OXDATE, OXSHORTDESC, OXLONGDESC, OXACTIVE_1, OXSHORTDESC_1, OXLONGDESC_1, OXACTIVE_2, OXSHORTDESC_2, OXLONGDESC_2, OXACTIVE_3, OXSHORTDESC_3, OXLONGDESC_3) VALUES('testnews9',  1, 1, 0, 0, '0000-00-00 00:00:00', '0000-00-00 00:00:00', '2008-02-02', '5 [EN] Test news šųößлы',      '<p>Test news text</p>',               0, '7 [DE] Test news šųößлы', '<p>Test news text</p>',        0, '', '', 0, '', '');
INSERT INTO oxnews (OXID, OXSHOPID, OXSHOPINCL, OXSHOPEXCL, OXACTIVE, OXACTIVEFROM, OXACTIVETO, OXDATE, OXSHORTDESC, OXLONGDESC, OXACTIVE_1, OXSHORTDESC_1, OXLONGDESC_1, OXACTIVE_2, OXSHORTDESC_2, OXLONGDESC_2, OXACTIVE_3, OXSHORTDESC_3, OXLONGDESC_3) VALUES('testnews10', 1, 1, 0, 0, '0000-00-00 00:00:00', '0000-00-00 00:00:00', '2008-01-17', '6 [EN] Test news šųößлы',      '<p>Test news text</p>',               0, '8 [DE] Test news šųößлы', '<p>Test news text</p>',        0, '', '', 0, '', '');
INSERT INTO oxnews (OXID, OXSHOPID, OXSHOPINCL, OXSHOPEXCL, OXACTIVE, OXACTIVEFROM, OXACTIVETO, OXDATE, OXSHORTDESC, OXLONGDESC, OXACTIVE_1, OXSHORTDESC_1, OXLONGDESC_1, OXACTIVE_2, OXSHORTDESC_2, OXLONGDESC_2, OXACTIVE_3, OXSHORTDESC_3, OXLONGDESC_3) VALUES('testnews11', 1, 1, 0, 0, '0000-00-00 00:00:00', '0000-00-00 00:00:00', '2008-02-12', '7 [EN] Test news šųößлы',      '<p>Test news text</p>',               0, '[last] [DE] Test news šųößлы', '<p>Test news text</p>',   0, '', '', 0, '', '');

INSERT INTO oxnewssubscribed (OXID, OXUSERID, OXSAL, OXFNAME, OXLNAME, OXEMAIL, OXDBOPTIN, OXEMAILFAILED, OXSUBSCRIBED, OXUNSUBSCRIBED) VALUES('15947a85ab4658ce7.97826445', 'testuser',  'Mr',  'UserName',  'UserSurname',  'birute_test@nfq.lt', 0, 0, '2008-02-05 14:46:44', '0000-00-00 00:00:00');
INSERT INTO oxnewssubscribed (OXID, OXUSERID, OXSAL, OXFNAME, OXLNAME, OXEMAIL, OXDBOPTIN, OXEMAILFAILED, OXSUBSCRIBED, OXUNSUBSCRIBED) VALUES('15947a8622c60e645.02771925', 'testusera', 'Mrs', 'UserAName', 'UserASurname', 'birute0a@nfq.lt',    0, 0, '2008-02-05 15:18:36', '0000-00-00 00:00:00');
INSERT INTO oxnewssubscribed (OXID, OXUSERID, OXSAL, OXFNAME, OXLNAME, OXEMAIL, OXDBOPTIN, OXEMAILFAILED, OXSUBSCRIBED, OXUNSUBSCRIBED) VALUES('15947a863748b0991.57732903', 'testuserb', 'Mr',  'UserBName', 'UserBSurname', 'birute0b@nfq.lt',    0, 0, '2008-02-05 15:24:04', '0000-00-00 00:00:00');
INSERT INTO oxnewssubscribed (OXID, OXUSERID, OXSAL, OXFNAME, OXLNAME, OXEMAIL, OXDBOPTIN, OXEMAILFAILED, OXSUBSCRIBED, OXUNSUBSCRIBED) VALUES('15947a868975fae96.10184689', 'testuserc', 'Mrs', 'UserCName', 'UserCSurname', 'birute0c@nfq.lt',    0, 0, '2008-02-05 15:45:59', '0000-00-00 00:00:00');

INSERT INTO oxobject2article (OXID, OXOBJECTID, OXARTICLENID, OXSORT) VALUES('40847c56498a5eeb5.80145793', '1003', '1000', 0);

INSERT INTO oxobject2attribute (OXID, OXOBJECTID, OXATTRID, OXVALUE, OXPOS, OXVALUE_1, OXVALUE_2, OXVALUE_3) VALUES('15947a851058b2082.70204859', '1001', 'testattribute1', 'attr value 11 [EN] šųößлы', 0, 'attr value 11 [DE]', '', '');
INSERT INTO oxobject2attribute (OXID, OXOBJECTID, OXATTRID, OXVALUE, OXPOS, OXVALUE_1, OXVALUE_2, OXVALUE_3) VALUES('15947a851058bda82.26304276', '1000', 'testattribute1', 'attr value 1 [EN] šųößлы',  0, 'attr value 1 [DE]',  '', '');
INSERT INTO oxobject2attribute (OXID, OXOBJECTID, OXATTRID, OXVALUE, OXPOS, OXVALUE_1, OXVALUE_2, OXVALUE_3) VALUES('15947a8510d0b8da1.03431546', '1001', 'testattribute2', 'attr value 12 [EN] šųößлы', 0, 'attr value 12 [DE]', '', '');
INSERT INTO oxobject2attribute (OXID, OXOBJECTID, OXATTRID, OXVALUE, OXPOS, OXVALUE_1, OXVALUE_2, OXVALUE_3) VALUES('15947a8510d1029d6.13172117', '1000', 'testattribute2', 'attr value 2 [EN] šųößлы',  0, 'attr value 2 [DE]',  '', '');
INSERT INTO oxobject2attribute (OXID, OXOBJECTID, OXATTRID, OXVALUE, OXPOS, OXVALUE_1, OXVALUE_2, OXVALUE_3) VALUES('15947a85117af8781.96104704', '1001', 'testattribute3', 'attr value 3 [EN] šųößлы',  0, 'attr value 3 [DE]',  '', '');
INSERT INTO oxobject2attribute (OXID, OXOBJECTID, OXATTRID, OXVALUE, OXPOS, OXVALUE_1, OXVALUE_2, OXVALUE_3) VALUES('15947a85117b03a35.88871161', '1000', 'testattribute3', 'attr value 3 [EN] šųößлы',  0, 'attr value 3 [DE]',  '', '');

INSERT INTO oxobject2category (OXID, OXSHOPID, OXSHOPINCL, OXSHOPEXCL, OXOBJECTID, OXCATNID, OXPOS, OXTIME) VALUES('96047a71f4d4e34d9.76958590', 1, 18446744073709551615, 0, '1000', 'testcategory0', 0, 1202134861);
INSERT INTO oxobject2category (OXID, OXSHOPID, OXSHOPINCL, OXSHOPEXCL, OXOBJECTID, OXCATNID, OXPOS, OXTIME) VALUES('96047a72713424e14.02408995', 1, 18446744073709551615, 0, '1001', 'testcategory0', 0, 1202136851);
INSERT INTO oxobject2category (OXID, OXSHOPID, OXSHOPINCL, OXSHOPEXCL, OXOBJECTID, OXCATNID, OXPOS, OXTIME) VALUES('bde47a82895537cd3.78346880', 1, 18446744073709551615, 0, '1002', 'testcategory1', 0, 1202202773);
INSERT INTO oxobject2category (OXID, OXSHOPID, OXSHOPINCL, OXSHOPEXCL, OXOBJECTID, OXCATNID, OXPOS, OXTIME) VALUES('bde47a82895520cb7.01327955', 1, 18446744073709551615, 0, '1003', 'testcategory1', 0, 1202202773);

INSERT INTO oxobject2delivery (OXID, OXDELIVERYID, OXOBJECTID, OXTYPE) VALUES('15947a8495c225b22.01517980', 'testdel',    'a7c40f631fc920687.20179984', 'oxcountry');
INSERT INTO oxobject2delivery (OXID, OXDELIVERYID, OXOBJECTID, OXTYPE) VALUES('15947a84a19d31b86.15643626', 'testdel',    'testcategory1',              'oxcategories');
INSERT INTO oxobject2delivery (OXID, OXDELIVERYID, OXOBJECTID, OXTYPE) VALUES('15947a84ac362af56.87649408', 'testdelart', '1001',                       'oxarticles');
INSERT INTO oxobject2delivery (OXID, OXDELIVERYID, OXOBJECTID, OXTYPE) VALUES('15947a84b002905d3.97006730', 'testdelset', 'a7c40f631fc920687.20179984', 'oxdelset');

INSERT INTO oxobject2discount (OXID, OXDISCOUNTID, OXOBJECTID, OXTYPE) VALUES('bde47a823ca721245.91816191', 'testcatdiscount', 'a7c40f631fc920687.20179984', 'oxcountry');
INSERT INTO oxobject2discount (OXID, OXDISCOUNTID, OXOBJECTID, OXTYPE) VALUES('bde47a823db7d82f5.99715633', 'testcatdiscount', 'testcategory0',              'oxcategories');
INSERT INTO oxobject2discount (OXID, OXDISCOUNTID, OXOBJECTID, OXTYPE) VALUES('bde47a82573034757.65351036', 'testartdiscount', 'a7c40f631fc920687.20179984', 'oxcountry');
INSERT INTO oxobject2discount (OXID, OXDISCOUNTID, OXOBJECTID, OXTYPE) VALUES('bde47a825770cf916.79996031', 'testartdiscount', 'a7c40f6321c6f6109.43859248', 'oxcountry');
INSERT INTO oxobject2discount (OXID, OXDISCOUNTID, OXOBJECTID, OXTYPE) VALUES('bde47a825c71f8730.63312699', 'testartdiscount', '1003',                       'oxarticles');
INSERT INTO oxobject2discount (OXID, OXDISCOUNTID, OXOBJECTID, OXTYPE) VALUES('bde47a825c72016f1.26609305', 'testartdiscount', '1002',                       'oxarticles');
INSERT INTO oxobject2discount (OXID, OXDISCOUNTID, OXOBJECTID, OXTYPE) VALUES('4b847c42fa7231254.12675829', 'testitmdiscount', 'a7c40f631fc920687.20179984', 'oxcountry');
INSERT INTO oxobject2discount (OXID, OXDISCOUNTID, OXOBJECTID, OXTYPE) VALUES('4b847c42fbe861b89.64935625', 'testitmdiscount', '1000',                       'oxarticles');
INSERT INTO oxobject2discount (OXID, OXDISCOUNTID, OXOBJECTID, OXTYPE) VALUES('370150cee45c87fe3e790f53ee', 'testdiscount1',   '30e44ab85808a1f05.26160932', 'oxcategories');

INSERT INTO oxobject2group (OXID, OXSHOPID, OXOBJECTID, OXGROUPSID) VALUES('96047a71c6f049988.94873501', 1, 'testpayment', 'oxidnewcustomer');
INSERT INTO oxobject2group (OXID, OXSHOPID, OXOBJECTID, OXGROUPSID) VALUES('15947a85a7ce23451.42160470', 1, 'testuser',    'oxidnewcustomer');
INSERT INTO oxobject2group (OXID, OXSHOPID, OXOBJECTID, OXGROUPSID) VALUES('15947a861e1db9c21.11189404', 1, 'testusera',   'oxidpricea');
INSERT INTO oxobject2group (OXID, OXSHOPID, OXOBJECTID, OXGROUPSID) VALUES('15947a861e1dc7461.03139047', 1, 'testusera',   'oxidnewcustomer');
INSERT INTO oxobject2group (OXID, OXSHOPID, OXOBJECTID, OXGROUPSID) VALUES('15947a8633e45d220.04891123', 1, 'testuserb',   'oxidnewcustomer');
INSERT INTO oxobject2group (OXID, OXSHOPID, OXOBJECTID, OXGROUPSID) VALUES('15947a8633e46a872.90486542', 1, 'testuserb',   'oxidpriceb');
INSERT INTO oxobject2group (OXID, OXSHOPID, OXOBJECTID, OXGROUPSID) VALUES('15947a8685bb87b68.15664005', 1, 'testuserc',   'oxidnewcustomer');
INSERT INTO oxobject2group (OXID, OXSHOPID, OXOBJECTID, OXGROUPSID) VALUES('15947a8685bb94f39.20074602', 1, 'testuserc',   'oxidpricec');
INSERT INTO oxobject2group (OXID, OXSHOPID, OXOBJECTID, OXGROUPSID) VALUES('15947a86a09757b95.44672009', 1, 'testnews1',   'oxidnewcustomer');
INSERT INTO oxobject2group (OXID, OXSHOPID, OXOBJECTID, OXGROUPSID) VALUES('15947a86bb6a90e84.52663579', 1, 'testnews2',   'oxidnewcustomer');
INSERT INTO oxobject2group (OXID, OXSHOPID, OXOBJECTID, OXGROUPSID) VALUES('15947a8724f1e7720.76850239', 1, 'testcoupon2', 'oxidnewcustomer');
INSERT INTO oxobject2group (OXID, OXSHOPID, OXOBJECTID, OXGROUPSID) VALUES('15947a872542b8e72.84891394', 1, 'testcoupon1', 'oxidnewcustomer');

INSERT INTO oxobject2payment (OXID, OXPAYMENTID, OXOBJECTID, OXTYPE) VALUES('bde47a8223ddc3572.12628821', 'testpayment',    'a7c40f631fc920687.20179984', 'oxcountry');
INSERT INTO oxobject2payment (OXID, OXPAYMENTID, OXOBJECTID, OXTYPE) VALUES('15947a84af5c69698.88858631', 'testpayment',    'testdelset',                 'oxdelset');
INSERT INTO oxobject2payment (OXID, OXPAYMENTID, OXOBJECTID, OXTYPE) VALUES('15947a84af8e08906.22057468', 'oxidcreditcard', 'testdelset',                 'oxdelset');
INSERT INTO oxobject2payment (OXID, OXPAYMENTID, OXOBJECTID, OXTYPE) VALUES('15947a84af8e151b6.25811193', 'oxidcashondel',  'testdelset',                 'oxdelset');

INSERT INTO oxobject2selectlist (OXID, OXOBJECTID, OXSELNID, OXSORT) VALUES('15947a8577ca995c7.20909175', '1001', 'testsellist', 0);

INSERT INTO oxobjectrights (OXID, OXOBJECTID, OXGROUPIDX, OXOFFSET, OXACTION) VALUES('3a61b34435f387b40025bb518d950380', 'testadminrole6', 512, 0, 1);

INSERT INTO oxorder (OXID, OXSHOPID, OXUSERID, OXORDERDATE, OXORDERNR, OXBILLCOMPANY, OXBILLEMAIL, OXBILLFNAME, OXBILLLNAME, OXBILLSTREET, OXBILLSTREETNR, OXBILLADDINFO, OXBILLUSTID, OXBILLUSTIDSTATUS, OXBILLCITY, OXBILLCOUNTRYID, OXBILLSTATEID, OXBILLZIP, OXBILLFON, OXBILLFAX, OXBILLSAL, OXDELCOMPANY, OXDELFNAME, OXDELLNAME, OXDELSTREET, OXDELSTREETNR, OXDELADDINFO, OXDELCITY, OXDELCOUNTRYID, OXDELSTATEID, OXDELZIP, OXDELFON, OXDELFAX, OXDELSAL, OXPAYMENTID, OXPAYMENTTYPE, OXTOTALNETSUM, OXTOTALBRUTSUM, OXTOTALORDERSUM, OXARTVAT1, OXARTVATPRICE1, OXARTVAT2, OXARTVATPRICE2, OXDELCOST, OXDELVAT, OXPAYCOST, OXPAYVAT, OXWRAPCOST, OXWRAPVAT, OXCARDID, OXCARDTEXT, OXDISCOUNT, OXEXPORT, OXBILLNR, OXTRACKCODE, OXSENDDATE, OXREMARK, OXVOUCHERDISCOUNT, OXCURRENCY, OXCURRATE, OXFOLDER, OXTRANSID, OXPAYID, OXXID, OXPAID, OXSTORNO, OXIP, OXTRANSSTATUS, OXLANG, OXINVOICENR, OXDELTYPE, OXPIXIEXPORT) VALUES('testorder1',  1, 'testuser6', '2008-04-21 15:02:54', 10, '', 'birute04@nfq.lt', '3userįÄк', '3UserSurnameįÄк', '6 Street', '1', '', '', 1, '7 City', 'a7c40f6320aeb2ec2.72885259', '', '111000', '222222', '', 'Mr', '', '', '', '', '', '', '', '', '', '', '', '', '', 'oxuserpayments1',  'oxidcashondel', 16.806722689076, 20,  53.8, 0, 0, 0, 0, 12.9, 0, 20.9, 0, 0, 0, '', '', 0, 0, '', '', '0000-00-00 00:00:00', ' ', 0, 'EUR', 1, 'ORDERFOLDER_NEW',      '', '', '', '0000-00-00 00:00:00', 0, '', 'OK', 0, 0, '1b842e732a23255b1.91207750', 0);
INSERT INTO oxorder (OXID, OXSHOPID, OXUSERID, OXORDERDATE, OXORDERNR, OXBILLCOMPANY, OXBILLEMAIL, OXBILLFNAME, OXBILLLNAME, OXBILLSTREET, OXBILLSTREETNR, OXBILLADDINFO, OXBILLUSTID, OXBILLUSTIDSTATUS, OXBILLCITY, OXBILLCOUNTRYID, OXBILLSTATEID, OXBILLZIP, OXBILLFON, OXBILLFAX, OXBILLSAL, OXDELCOMPANY, OXDELFNAME, OXDELLNAME, OXDELSTREET, OXDELSTREETNR, OXDELADDINFO, OXDELCITY, OXDELCOUNTRYID, OXDELSTATEID, OXDELZIP, OXDELFON, OXDELFAX, OXDELSAL, OXPAYMENTID, OXPAYMENTTYPE, OXTOTALNETSUM, OXTOTALBRUTSUM, OXTOTALORDERSUM, OXARTVAT1, OXARTVATPRICE1, OXARTVAT2, OXARTVATPRICE2, OXDELCOST, OXDELVAT, OXPAYCOST, OXPAYVAT, OXWRAPCOST, OXWRAPVAT, OXCARDID, OXCARDTEXT, OXDISCOUNT, OXEXPORT, OXBILLNR, OXTRACKCODE, OXSENDDATE, OXREMARK, OXVOUCHERDISCOUNT, OXCURRENCY, OXCURRATE, OXFOLDER, OXTRANSID, OXPAYID, OXXID, OXPAID, OXSTORNO, OXIP, OXTRANSSTATUS, OXLANG, OXINVOICENR, OXDELTYPE, OXPIXIEXPORT) VALUES('testorder10', 1, 'testuser6', '2008-04-21 15:02:12', 9,  '', 'birute04@nfq.lt', '3userįÄк', '3UserSurnameįÄк', '6 Street', '1', '', '', 1, '7 City', 'a7c40f6320aeb2ec2.72885259', '', '111000', '222222', '', 'Mr', '', '', '', '', '', '', '', '', '', '', '', '', '', 'oxuserpayments10', 'oxidinvoice',   1.5126050420168, 1.8, 14.7, 0, 0, 0, 0, 12.9, 0, 0,    0, 0, 0, '', '', 0, 0, '', '', '0000-00-00 00:00:00', ' ', 0, 'EUR', 1, 'ORDERFOLDER_NEW',      '', '', '', '2008-04-21 15:08:11', 0, '', 'OK', 0, 0, '1b842e732a23255b1.91207750', 0);
INSERT INTO oxorder (OXID, OXSHOPID, OXUSERID, OXORDERDATE, OXORDERNR, OXBILLCOMPANY, OXBILLEMAIL, OXBILLFNAME, OXBILLLNAME, OXBILLSTREET, OXBILLSTREETNR, OXBILLADDINFO, OXBILLUSTID, OXBILLUSTIDSTATUS, OXBILLCITY, OXBILLCOUNTRYID, OXBILLSTATEID, OXBILLZIP, OXBILLFON, OXBILLFAX, OXBILLSAL, OXDELCOMPANY, OXDELFNAME, OXDELLNAME, OXDELSTREET, OXDELSTREETNR, OXDELADDINFO, OXDELCITY, OXDELCOUNTRYID, OXDELSTATEID, OXDELZIP, OXDELFON, OXDELFAX, OXDELSAL, OXPAYMENTID, OXPAYMENTTYPE, OXTOTALNETSUM, OXTOTALBRUTSUM, OXTOTALORDERSUM, OXARTVAT1, OXARTVATPRICE1, OXARTVAT2, OXARTVATPRICE2, OXDELCOST, OXDELVAT, OXPAYCOST, OXPAYVAT, OXWRAPCOST, OXWRAPVAT, OXCARDID, OXCARDTEXT, OXDISCOUNT, OXEXPORT, OXBILLNR, OXTRACKCODE, OXSENDDATE, OXREMARK, OXVOUCHERDISCOUNT, OXCURRENCY, OXCURRATE, OXFOLDER, OXTRANSID, OXPAYID, OXXID, OXPAID, OXSTORNO, OXIP, OXTRANSSTATUS, OXLANG, OXINVOICENR, OXDELTYPE, OXPIXIEXPORT) VALUES('testorder11', 1, 'testuser2', '2008-04-21 14:50:44', 3,  '', 'birute03@nfq.lt', '2userįÄк', '2UserSurnameįÄк', '2 Street', '1', '', '', 1, '3 City', 'a7c40f6320aeb2ec2.72885259', '', '444000', '555555', '', 'Mr', '', '', '', '', '', '', '', '', '', '', '', '', '', 'oxuserpayments11', 'oxidinvoice',   5.0420168067227, 6,   18.9, 0, 0, 0, 0, 12.9, 0, 0,    0, 0, 0, '', '', 0, 0, '', '', '0000-00-00 00:00:00', ' ', 0, 'EUR', 1, 'ORDERFOLDER_FINISHED', '', '', '', '0000-00-00 00:00:00', 0, '', 'OK', 0, 0, '1b842e732a23255b1.91207750', 0);
INSERT INTO oxorder (OXID, OXSHOPID, OXUSERID, OXORDERDATE, OXORDERNR, OXBILLCOMPANY, OXBILLEMAIL, OXBILLFNAME, OXBILLLNAME, OXBILLSTREET, OXBILLSTREETNR, OXBILLADDINFO, OXBILLUSTID, OXBILLUSTIDSTATUS, OXBILLCITY, OXBILLCOUNTRYID, OXBILLSTATEID, OXBILLZIP, OXBILLFON, OXBILLFAX, OXBILLSAL, OXDELCOMPANY, OXDELFNAME, OXDELLNAME, OXDELSTREET, OXDELSTREETNR, OXDELADDINFO, OXDELCITY, OXDELCOUNTRYID, OXDELSTATEID, OXDELZIP, OXDELFON, OXDELFAX, OXDELSAL, OXPAYMENTID, OXPAYMENTTYPE, OXTOTALNETSUM, OXTOTALBRUTSUM, OXTOTALORDERSUM, OXARTVAT1, OXARTVATPRICE1, OXARTVAT2, OXARTVATPRICE2, OXDELCOST, OXDELVAT, OXPAYCOST, OXPAYVAT, OXWRAPCOST, OXWRAPVAT, OXCARDID, OXCARDTEXT, OXDISCOUNT, OXEXPORT, OXBILLNR, OXTRACKCODE, OXSENDDATE, OXREMARK, OXVOUCHERDISCOUNT, OXCURRENCY, OXCURRATE, OXFOLDER, OXTRANSID, OXPAYID, OXXID, OXPAID, OXSTORNO, OXIP, OXTRANSSTATUS, OXLANG, OXINVOICENR, OXDELTYPE, OXPIXIEXPORT) VALUES('testorder2',  1, 'testuser6', '2008-04-21 15:07:46', 11, '', 'birute04@nfq.lt', '3userįÄк', '3UserSurnameįÄк', '6 Street', '1', '', '', 1, '7 City', 'a7c40f6320aeb2ec2.72885259', '', '111000', '222222', '', 'Mr', '', '', '', '', '', '', '', '', '', '', '', '', '', 'oxuserpayments2',  'oxidcashondel', 3.0252100840336, 3.6, 37.4, 0, 0, 0, 0, 12.9, 0, 20.9, 0, 0, 0, '', '', 0, 0, '', '', '0000-00-00 00:00:00', ' ', 0, 'EUR', 1, 'ORDERFOLDER_NEW',      '', '', '', '2008-04-21 15:08:47', 0, '', 'OK', 0, 0, '1b842e732a23255b1.91207750', 0);
INSERT INTO oxorder (OXID, OXSHOPID, OXUSERID, OXORDERDATE, OXORDERNR, OXBILLCOMPANY, OXBILLEMAIL, OXBILLFNAME, OXBILLLNAME, OXBILLSTREET, OXBILLSTREETNR, OXBILLADDINFO, OXBILLUSTID, OXBILLUSTIDSTATUS, OXBILLCITY, OXBILLCOUNTRYID, OXBILLSTATEID, OXBILLZIP, OXBILLFON, OXBILLFAX, OXBILLSAL, OXDELCOMPANY, OXDELFNAME, OXDELLNAME, OXDELSTREET, OXDELSTREETNR, OXDELADDINFO, OXDELCITY, OXDELCOUNTRYID, OXDELSTATEID, OXDELZIP, OXDELFON, OXDELFAX, OXDELSAL, OXPAYMENTID, OXPAYMENTTYPE, OXTOTALNETSUM, OXTOTALBRUTSUM, OXTOTALORDERSUM, OXARTVAT1, OXARTVATPRICE1, OXARTVAT2, OXARTVATPRICE2, OXDELCOST, OXDELVAT, OXPAYCOST, OXPAYVAT, OXWRAPCOST, OXWRAPVAT, OXCARDID, OXCARDTEXT, OXDISCOUNT, OXEXPORT, OXBILLNR, OXTRACKCODE, OXSENDDATE, OXREMARK, OXVOUCHERDISCOUNT, OXCURRENCY, OXCURRATE, OXFOLDER, OXTRANSID, OXPAYID, OXXID, OXPAID, OXSTORNO, OXIP, OXTRANSSTATUS, OXLANG, OXINVOICENR, OXDELTYPE, OXPIXIEXPORT) VALUES('testorder3',  1, 'testuser6', '2008-04-21 14:52:59', 5,  '', 'birute04@nfq.lt', '3userįÄк', '3UserSurnameįÄк', '6 Street', '1', '', '', 1, '7 City', 'a7c40f6320aeb2ec2.72885259', '', '111000', '222222', '', 'Mr', '', '', '', '', '', '', '', '', '', '', '', '', '', 'oxuserpayments3',  'oxidcashondel', 2.5210084033613, 3,   36.8, 0, 0, 0, 0, 12.9, 0, 20.9, 0, 0, 0, '', '', 0, 0, '', '', '0000-00-00 00:00:00', ' ', 0, 'EUR', 1, 'ORDERFOLDER_NEW',      '', '', '', '0000-00-00 00:00:00', 0, '', 'OK', 0, 0, '1b842e732a23255b1.91207750', 0);
INSERT INTO oxorder (OXID, OXSHOPID, OXUSERID, OXORDERDATE, OXORDERNR, OXBILLCOMPANY, OXBILLEMAIL, OXBILLFNAME, OXBILLLNAME, OXBILLSTREET, OXBILLSTREETNR, OXBILLADDINFO, OXBILLUSTID, OXBILLUSTIDSTATUS, OXBILLCITY, OXBILLCOUNTRYID, OXBILLSTATEID, OXBILLZIP, OXBILLFON, OXBILLFAX, OXBILLSAL, OXDELCOMPANY, OXDELFNAME, OXDELLNAME, OXDELSTREET, OXDELSTREETNR, OXDELADDINFO, OXDELCITY, OXDELCOUNTRYID, OXDELSTATEID, OXDELZIP, OXDELFON, OXDELFAX, OXDELSAL, OXPAYMENTID, OXPAYMENTTYPE, OXTOTALNETSUM, OXTOTALBRUTSUM, OXTOTALORDERSUM, OXARTVAT1, OXARTVATPRICE1, OXARTVAT2, OXARTVATPRICE2, OXDELCOST, OXDELVAT, OXPAYCOST, OXPAYVAT, OXWRAPCOST, OXWRAPVAT, OXCARDID, OXCARDTEXT, OXDISCOUNT, OXEXPORT, OXBILLNR, OXTRACKCODE, OXSENDDATE, OXREMARK, OXVOUCHERDISCOUNT, OXCURRENCY, OXCURRATE, OXFOLDER, OXTRANSID, OXPAYID, OXXID, OXPAID, OXSTORNO, OXIP, OXTRANSSTATUS, OXLANG, OXINVOICENR, OXDELTYPE, OXPIXIEXPORT) VALUES('testorder4',  1, 'testuser1', '2008-04-21 15:00:38', 8,  '', 'birute02@nfq.lt', '1userįÄк', '1UserSurnameįÄк', '1 Street', '1', '', '', 1, '2 City', 'a7c40f631fc920687.20179984', '', '333000', '444444', '', 'Mr', '', '', '', '', '', '', '', '', '', '', '', '', '', 'oxuserpayments4',  'oxidcashondel', 3.3613445378151, 4,   37.8, 0, 0, 0, 0, 12.9, 0, 20.9, 0, 0, 0, '', '', 0, 0, '', '', '0000-00-00 00:00:00', ' ', 0, 'EUR', 1, 'ORDERFOLDER_NEW',      '', '', '', '0000-00-00 00:00:00', 0, '', 'OK', 0, 0, '1b842e732a23255b1.91207750', 0);
INSERT INTO oxorder (OXID, OXSHOPID, OXUSERID, OXORDERDATE, OXORDERNR, OXBILLCOMPANY, OXBILLEMAIL, OXBILLFNAME, OXBILLLNAME, OXBILLSTREET, OXBILLSTREETNR, OXBILLADDINFO, OXBILLUSTID, OXBILLUSTIDSTATUS, OXBILLCITY, OXBILLCOUNTRYID, OXBILLSTATEID, OXBILLZIP, OXBILLFON, OXBILLFAX, OXBILLSAL, OXDELCOMPANY, OXDELFNAME, OXDELLNAME, OXDELSTREET, OXDELSTREETNR, OXDELADDINFO, OXDELCITY, OXDELCOUNTRYID, OXDELSTATEID, OXDELZIP, OXDELFON, OXDELFAX, OXDELSAL, OXPAYMENTID, OXPAYMENTTYPE, OXTOTALNETSUM, OXTOTALBRUTSUM, OXTOTALORDERSUM, OXARTVAT1, OXARTVATPRICE1, OXARTVAT2, OXARTVATPRICE2, OXDELCOST, OXDELVAT, OXPAYCOST, OXPAYVAT, OXWRAPCOST, OXWRAPVAT, OXCARDID, OXCARDTEXT, OXDISCOUNT, OXEXPORT, OXBILLNR, OXTRACKCODE, OXSENDDATE, OXREMARK, OXVOUCHERDISCOUNT, OXCURRENCY, OXCURRATE, OXFOLDER, OXTRANSID, OXPAYID, OXXID, OXPAID, OXSTORNO, OXIP, OXTRANSSTATUS, OXLANG, OXINVOICENR, OXDELTYPE, OXPIXIEXPORT) VALUES('testorder5',  1, 'testuser6', '2008-04-21 14:54:33', 6,  '', 'birute04@nfq.lt', '3userįÄк', '3UserSurnameįÄк', '6 Street', '1', '', '', 1, '7 City', 'a7c40f6320aeb2ec2.72885259', '', '111000', '222222', '', 'Mr', '', '', '', '', '', '', '', '', '', '', '', '', '', 'oxuserpayments5',  'oxidcashondel', 4.2857142857143, 5.1, 38.9, 0, 0, 0, 0, 12.9, 0, 20.9, 0, 0, 0, '', '', 0, 0, '', '', '0000-00-00 00:00:00', ' ', 0, 'EUR', 1, 'ORDERFOLDER_NEW',      '', '', '', '2008-04-21 15:08:26', 0, '', 'OK', 0, 0, '1b842e732a23255b1.91207750', 0);
INSERT INTO oxorder (OXID, OXSHOPID, OXUSERID, OXORDERDATE, OXORDERNR, OXBILLCOMPANY, OXBILLEMAIL, OXBILLFNAME, OXBILLLNAME, OXBILLSTREET, OXBILLSTREETNR, OXBILLADDINFO, OXBILLUSTID, OXBILLUSTIDSTATUS, OXBILLCITY, OXBILLCOUNTRYID, OXBILLSTATEID, OXBILLZIP, OXBILLFON, OXBILLFAX, OXBILLSAL, OXDELCOMPANY, OXDELFNAME, OXDELLNAME, OXDELSTREET, OXDELSTREETNR, OXDELADDINFO, OXDELCITY, OXDELCOUNTRYID, OXDELSTATEID, OXDELZIP, OXDELFON, OXDELFAX, OXDELSAL, OXPAYMENTID, OXPAYMENTTYPE, OXTOTALNETSUM, OXTOTALBRUTSUM, OXTOTALORDERSUM, OXARTVAT1, OXARTVATPRICE1, OXARTVAT2, OXARTVATPRICE2, OXDELCOST, OXDELVAT, OXPAYCOST, OXPAYVAT, OXWRAPCOST, OXWRAPVAT, OXCARDID, OXCARDTEXT, OXDISCOUNT, OXEXPORT, OXBILLNR, OXTRACKCODE, OXSENDDATE, OXREMARK, OXVOUCHERDISCOUNT, OXCURRENCY, OXCURRATE, OXFOLDER, OXTRANSID, OXPAYID, OXXID, OXPAID, OXSTORNO, OXIP, OXTRANSSTATUS, OXLANG, OXINVOICENR, OXDELTYPE, OXPIXIEXPORT) VALUES('testorder6',  1, 'testuser6', '2008-04-21 14:51:51', 4,  '', 'birute04@nfq.lt', '3userįÄк', '3UserSurnameįÄк', '6 Street', '1', '', '', 1, '7 City', 'a7c40f6320aeb2ec2.72885259', '', '111000', '222222', '', 'Mr', '', '', '', '', '', '', '', '', '', '', '', '', '', 'oxuserpayments6',  'oxidcashondel', 7.563025210084,  9,   42.8, 0, 0, 0, 0, 12.9, 0, 20.9, 0, 0, 0, '', '', 0, 0, '', '', '0000-00-00 00:00:00', ' ', 0, 'EUR', 1, 'ORDERFOLDER_NEW',      '', '', '', '0000-00-00 00:00:00', 0, '', 'OK', 0, 0, '1b842e732a23255b1.91207750', 0);
INSERT INTO oxorder (OXID, OXSHOPID, OXUSERID, OXORDERDATE, OXORDERNR, OXBILLCOMPANY, OXBILLEMAIL, OXBILLFNAME, OXBILLLNAME, OXBILLSTREET, OXBILLSTREETNR, OXBILLADDINFO, OXBILLUSTID, OXBILLUSTIDSTATUS, OXBILLCITY, OXBILLCOUNTRYID, OXBILLSTATEID, OXBILLZIP, OXBILLFON, OXBILLFAX, OXBILLSAL, OXDELCOMPANY, OXDELFNAME, OXDELLNAME, OXDELSTREET, OXDELSTREETNR, OXDELADDINFO, OXDELCITY, OXDELCOUNTRYID, OXDELSTATEID, OXDELZIP, OXDELFON, OXDELFAX, OXDELSAL, OXPAYMENTID, OXPAYMENTTYPE, OXTOTALNETSUM, OXTOTALBRUTSUM, OXTOTALORDERSUM, OXARTVAT1, OXARTVATPRICE1, OXARTVAT2, OXARTVATPRICE2, OXDELCOST, OXDELVAT, OXPAYCOST, OXPAYVAT, OXWRAPCOST, OXWRAPVAT, OXCARDID, OXCARDTEXT, OXDISCOUNT, OXEXPORT, OXBILLNR, OXTRACKCODE, OXSENDDATE, OXREMARK, OXVOUCHERDISCOUNT, OXCURRENCY, OXCURRATE, OXFOLDER, OXTRANSID, OXPAYID, OXXID, OXPAID, OXSTORNO, OXIP, OXTRANSSTATUS, OXLANG, OXINVOICENR, OXDELTYPE, OXPIXIEXPORT) VALUES('testorder7',  1, 'testuser1', '2008-04-21 14:35:56', 1,  '', 'birute02@nfq.lt', '1userįÄк', '1UserSurnameįÄк', '1 Street', '1', '', '', 1, '2 City', 'a7c40f631fc920687.20179984', '', '333000', '444444', '', 'Mr', '', '', '', '', '', '', '', '', '', '', '', '', '', 'oxuserpayments7',  'oxidinvoice',   1.2605042016807, 1.5, 5.4,  0, 0, 0, 0, 3.9,  0, 0,    0, 0, 0, '', '', 0, 0, '', '', '0000-00-00 00:00:00', ' ', 0, 'EUR', 1, 'ORDERFOLDER_NEW',      '', '', '', '0000-00-00 00:00:00', 0, '', 'OK', 0, 0, 'oxidstandard',               0);
INSERT INTO oxorder (OXID, OXSHOPID, OXUSERID, OXORDERDATE, OXORDERNR, OXBILLCOMPANY, OXBILLEMAIL, OXBILLFNAME, OXBILLLNAME, OXBILLSTREET, OXBILLSTREETNR, OXBILLADDINFO, OXBILLUSTID, OXBILLUSTIDSTATUS, OXBILLCITY, OXBILLCOUNTRYID, OXBILLSTATEID, OXBILLZIP, OXBILLFON, OXBILLFAX, OXBILLSAL, OXDELCOMPANY, OXDELFNAME, OXDELLNAME, OXDELSTREET, OXDELSTREETNR, OXDELADDINFO, OXDELCITY, OXDELCOUNTRYID, OXDELSTATEID, OXDELZIP, OXDELFON, OXDELFAX, OXDELSAL, OXPAYMENTID, OXPAYMENTTYPE, OXTOTALNETSUM, OXTOTALBRUTSUM, OXTOTALORDERSUM, OXARTVAT1, OXARTVATPRICE1, OXARTVAT2, OXARTVATPRICE2, OXDELCOST, OXDELVAT, OXPAYCOST, OXPAYVAT, OXWRAPCOST, OXWRAPVAT, OXCARDID, OXCARDTEXT, OXDISCOUNT, OXEXPORT, OXBILLNR, OXTRACKCODE, OXSENDDATE, OXREMARK, OXVOUCHERDISCOUNT, OXCURRENCY, OXCURRATE, OXFOLDER, OXTRANSID, OXPAYID, OXXID, OXPAID, OXSTORNO, OXIP, OXTRANSSTATUS, OXLANG, OXINVOICENR, OXDELTYPE, OXPIXIEXPORT) VALUES('testorder8',  1, 'testuser2', '2008-04-21 14:59:08', 7,  '', 'birute03@nfq.lt', '2userįÄк', '2UserSurnameįÄк', '2 Street', '1', '', '', 1, '3 City', 'a7c40f6320aeb2ec2.72885259', '', '444000', '555555', '', 'Mr', '', '', '', '', '', '', '', '', '', '', '', '', '', 'oxuserpayments8',  'oxidcashondel', 1.6806722689076, 2,   35.8, 0, 0, 0, 0, 12.9, 0, 20.9, 0, 0, 0, '', '', 0, 0, '', '', '0000-00-00 00:00:00', ' ', 0, 'EUR', 1, 'ORDERFOLDER_PROBLEMS', '', '', '', '0000-00-00 00:00:00', 0, '', 'OK', 0, 0, '1b842e732a23255b1.91207750', 0);
INSERT INTO oxorder (OXID, OXSHOPID, OXUSERID, OXORDERDATE, OXORDERNR, OXBILLCOMPANY, OXBILLEMAIL, OXBILLFNAME, OXBILLLNAME, OXBILLSTREET, OXBILLSTREETNR, OXBILLADDINFO, OXBILLUSTID, OXBILLUSTIDSTATUS, OXBILLCITY, OXBILLCOUNTRYID, OXBILLSTATEID, OXBILLZIP, OXBILLFON, OXBILLFAX, OXBILLSAL, OXDELCOMPANY, OXDELFNAME, OXDELLNAME, OXDELSTREET, OXDELSTREETNR, OXDELADDINFO, OXDELCITY, OXDELCOUNTRYID, OXDELSTATEID, OXDELZIP, OXDELFON, OXDELFAX, OXDELSAL, OXPAYMENTID, OXPAYMENTTYPE, OXTOTALNETSUM, OXTOTALBRUTSUM, OXTOTALORDERSUM, OXARTVAT1, OXARTVATPRICE1, OXARTVAT2, OXARTVATPRICE2, OXDELCOST, OXDELVAT, OXPAYCOST, OXPAYVAT, OXWRAPCOST, OXWRAPVAT, OXCARDID, OXCARDTEXT, OXDISCOUNT, OXEXPORT, OXBILLNR, OXTRACKCODE, OXSENDDATE, OXREMARK, OXVOUCHERDISCOUNT, OXCURRENCY, OXCURRATE, OXFOLDER, OXTRANSID, OXPAYID, OXXID, OXPAID, OXSTORNO, OXIP, OXTRANSSTATUS, OXLANG, OXINVOICENR, OXDELTYPE, OXPIXIEXPORT) VALUES('testorder9',  1, 'testuser1', '2008-04-21 14:48:51', 2,  '', 'birute02@nfq.lt', '1userįÄк', '1UserSurnameįÄк', '1 Street', '1', '', '', 1, '2 City', 'a7c40f631fc920687.20179984', '', '333000', '444444', '', 'Mr', '', '', '', '', '', '', '', '', '', '', '', '', '', 'oxuserpayments9',  'oxidinvoice',   1.5126050420168, 1.8, 5.7,  0, 0, 0, 0, 3.9,  0, 0,    0, 0, 0, '', '', 0, 0, '', '', '0000-00-00 00:00:00', ' ', 0, 'EUR', 1, 'ORDERFOLDER_NEW',      '', '', '', '2008-04-21 15:14:02', 0, '', 'OK', 0, 0, 'oxidstandard',               0);

INSERT INTO oxorderarticles (OXID, OXORDERID, OXAMOUNT, OXARTID, OXARTNUM, OXTITLE, OXSHORTDESC, OXSELVARIANT, OXNETPRICE, OXBRUTPRICE, OXVATPRICE, OXVAT, OXPERSPARAM, OXPRICE, OXBPRICE, OXNPRICE, OXWRAPID, OXEXTURL, OXURLDESC, OXURLIMG, OXTHUMB, OXPIC1, OXPIC2, OXPIC3, OXPIC4, OXPIC5, OXWEIGHT, OXSTOCK, OXDELIVERY, OXINSERT, OXTIMESTAMP, OXLENGTH, OXWIDTH, OXHEIGHT, OXFILE, OXSEARCHKEYS, OXTEMPLATE, OXQUESTIONEMAIL, OXISSEARCH, OXFOLDER, OXSUBCLASS, OXSTORNO, OXORDERSHOPID, OXERPSTATUS) VALUES('testordart1',  'testorder4',  2,  '10012', '10012', '12 EN product šųößлы', '11 EN description šųößлы',     '', 3.3613445378151, 4,   0.63865546218487, 19, '', 2,   4,   3.3613445378151, '', '', '', '', '0/nopic.jpg', '', '', '', '', '', 0, 0, '0000-00-00', '2008-04-03', '2008-04-03 12:50:20', 0, 0, 0, '', '', '', '', 0, '', '', 0, 1, '');
INSERT INTO oxorderarticles (OXID, OXORDERID, OXAMOUNT, OXARTID, OXARTNUM, OXTITLE, OXSHORTDESC, OXSELVARIANT, OXNETPRICE, OXBRUTPRICE, OXVATPRICE, OXVAT, OXPERSPARAM, OXPRICE, OXBPRICE, OXNPRICE, OXWRAPID, OXEXTURL, OXURLDESC, OXURLIMG, OXTHUMB, OXPIC1, OXPIC2, OXPIC3, OXPIC4, OXPIC5, OXWEIGHT, OXSTOCK, OXDELIVERY, OXINSERT, OXTIMESTAMP, OXLENGTH, OXWIDTH, OXHEIGHT, OXFILE, OXSEARCHKEYS, OXTEMPLATE, OXQUESTIONEMAIL, OXISSEARCH, OXFOLDER, OXSUBCLASS, OXSTORNO, OXORDERSHOPID, OXERPSTATUS) VALUES('testordart10', 'testorder2',  2,  '10011', '10011', '11 EN product šųößлы', '10 EN description šųößлы',     '', 3.0252100840336, 3.6, 0.57478991596639, 19, '', 1.8, 3.6, 3.0252100840336, '', '', '', '', '0/nopic.jpg', '', '', '', '', '', 0, 0, '0000-00-00', '2008-04-03', '2008-04-03 12:50:20', 0, 0, 0, '', '', '', '', 0, '', '', 0, 1, '');
INSERT INTO oxorderarticles (OXID, OXORDERID, OXAMOUNT, OXARTID, OXARTNUM, OXTITLE, OXSHORTDESC, OXSELVARIANT, OXNETPRICE, OXBRUTPRICE, OXVATPRICE, OXVAT, OXPERSPARAM, OXPRICE, OXBPRICE, OXNPRICE, OXWRAPID, OXEXTURL, OXURLDESC, OXURLIMG, OXTHUMB, OXPIC1, OXPIC2, OXPIC3, OXPIC4, OXPIC5, OXWEIGHT, OXSTOCK, OXDELIVERY, OXINSERT, OXTIMESTAMP, OXLENGTH, OXWIDTH, OXHEIGHT, OXFILE, OXSEARCHKEYS, OXTEMPLATE, OXQUESTIONEMAIL, OXISSEARCH, OXFOLDER, OXSUBCLASS, OXSTORNO, OXORDERSHOPID, OXERPSTATUS) VALUES('testordart11', 'testorder5',  1,  '10010', '10010', '1 EN product šųößлы',  '[last] EN description šųößлы', '', 1.2605042016807, 1.5, 0.23949579831933, 19, '', 1.5, 1.5, 1.2605042016807, '', '', '', '', '0/nopic.jpg', '', '', '', '', '', 0, 0, '0000-00-00', '2008-04-03', '2008-04-17 17:40:02', 0, 0, 0, '', '', '', '', 0, '', '', 0, 1, '');
INSERT INTO oxorderarticles (OXID, OXORDERID, OXAMOUNT, OXARTID, OXARTNUM, OXTITLE, OXSHORTDESC, OXSELVARIANT, OXNETPRICE, OXBRUTPRICE, OXVATPRICE, OXVAT, OXPERSPARAM, OXPRICE, OXBPRICE, OXNPRICE, OXWRAPID, OXEXTURL, OXURLDESC, OXURLIMG, OXTHUMB, OXPIC1, OXPIC2, OXPIC3, OXPIC4, OXPIC5, OXWEIGHT, OXSTOCK, OXDELIVERY, OXINSERT, OXTIMESTAMP, OXLENGTH, OXWIDTH, OXHEIGHT, OXFILE, OXSEARCHKEYS, OXTEMPLATE, OXQUESTIONEMAIL, OXISSEARCH, OXFOLDER, OXSUBCLASS, OXSTORNO, OXORDERSHOPID, OXERPSTATUS) VALUES('testordart12', 'testorder5',  2,  '10011', '10011', '11 EN product šųößлы', '10 EN description šųößлы',     '', 3.0252100840336, 3.6, 0.57478991596639, 19, '', 1.8, 3.6, 3.0252100840336, '', '', '', '', '0/nopic.jpg', '', '', '', '', '', 0, 0, '0000-00-00', '2008-04-03', '2008-04-03 12:50:20', 0, 0, 0, '', '', '', '', 0, '', '', 0, 1, '');
INSERT INTO oxorderarticles (OXID, OXORDERID, OXAMOUNT, OXARTID, OXARTNUM, OXTITLE, OXSHORTDESC, OXSELVARIANT, OXNETPRICE, OXBRUTPRICE, OXVATPRICE, OXVAT, OXPERSPARAM, OXPRICE, OXBPRICE, OXNPRICE, OXWRAPID, OXEXTURL, OXURLDESC, OXURLIMG, OXTHUMB, OXPIC1, OXPIC2, OXPIC3, OXPIC4, OXPIC5, OXWEIGHT, OXSTOCK, OXDELIVERY, OXINSERT, OXTIMESTAMP, OXLENGTH, OXWIDTH, OXHEIGHT, OXFILE, OXSEARCHKEYS, OXTEMPLATE, OXQUESTIONEMAIL, OXISSEARCH, OXFOLDER, OXSUBCLASS, OXSTORNO, OXORDERSHOPID, OXERPSTATUS) VALUES('testordart2',  'testorder6',  5,  '10011', '10011', '11 EN product šųößлы', '10 EN description šųößлы',     '', 7.563025210084,  9,   1.436974789916,   19, '', 1.8, 9,   7.563025210084,  '', '', '', '', '0/nopic.jpg', '', '', '', '', '', 0, 0, '0000-00-00', '2008-04-03', '2008-04-03 12:50:20', 0, 0, 0, '', '', '', '', 0, '', '', 0, 1, '');
INSERT INTO oxorderarticles (OXID, OXORDERID, OXAMOUNT, OXARTID, OXARTNUM, OXTITLE, OXSHORTDESC, OXSELVARIANT, OXNETPRICE, OXBRUTPRICE, OXVATPRICE, OXVAT, OXPERSPARAM, OXPRICE, OXBPRICE, OXNPRICE, OXWRAPID, OXEXTURL, OXURLDESC, OXURLIMG, OXTHUMB, OXPIC1, OXPIC2, OXPIC3, OXPIC4, OXPIC5, OXWEIGHT, OXSTOCK, OXDELIVERY, OXINSERT, OXTIMESTAMP, OXLENGTH, OXWIDTH, OXHEIGHT, OXFILE, OXSEARCHKEYS, OXTEMPLATE, OXQUESTIONEMAIL, OXISSEARCH, OXFOLDER, OXSUBCLASS, OXSTORNO, OXORDERSHOPID, OXERPSTATUS) VALUES('testordart3',  'testorder7',  1,  '10010', '10010', '1 EN product šųößлы',  '[last] EN description šųößлы', '', 1.2605042016807, 1.5, 0.23949579831933, 19, '', 1.5, 1.5, 1.2605042016807, '', '', '', '', '0/nopic.jpg', '', '', '', '', '', 0, 1, '0000-00-00', '2008-04-03', '2008-04-17 17:40:02', 0, 0, 0, '', '', '', '', 0, '', '', 0, 1, '');
INSERT INTO oxorderarticles (OXID, OXORDERID, OXAMOUNT, OXARTID, OXARTNUM, OXTITLE, OXSHORTDESC, OXSELVARIANT, OXNETPRICE, OXBRUTPRICE, OXVATPRICE, OXVAT, OXPERSPARAM, OXPRICE, OXBPRICE, OXNPRICE, OXWRAPID, OXEXTURL, OXURLDESC, OXURLIMG, OXTHUMB, OXPIC1, OXPIC2, OXPIC3, OXPIC4, OXPIC5, OXWEIGHT, OXSTOCK, OXDELIVERY, OXINSERT, OXTIMESTAMP, OXLENGTH, OXWIDTH, OXHEIGHT, OXFILE, OXSEARCHKEYS, OXTEMPLATE, OXQUESTIONEMAIL, OXISSEARCH, OXFOLDER, OXSUBCLASS, OXSTORNO, OXORDERSHOPID, OXERPSTATUS) VALUES('testordart4',  'testorder1',  10, '10012', '10012', '12 EN product šųößлы', '11 EN description šųößлы',     '', 16.806722689076, 20,  3.1932773109244,  19, '', 2,   20,  16.806722689076, '', '', '', '', '0/nopic.jpg', '', '', '', '', '', 0, 0, '0000-00-00', '2008-04-03', '2008-04-03 12:50:20', 0, 0, 0, '', '', '', '', 0, '', '', 0, 1, '');
INSERT INTO oxorderarticles (OXID, OXORDERID, OXAMOUNT, OXARTID, OXARTNUM, OXTITLE, OXSHORTDESC, OXSELVARIANT, OXNETPRICE, OXBRUTPRICE, OXVATPRICE, OXVAT, OXPERSPARAM, OXPRICE, OXBPRICE, OXNPRICE, OXWRAPID, OXEXTURL, OXURLDESC, OXURLIMG, OXTHUMB, OXPIC1, OXPIC2, OXPIC3, OXPIC4, OXPIC5, OXWEIGHT, OXSTOCK, OXDELIVERY, OXINSERT, OXTIMESTAMP, OXLENGTH, OXWIDTH, OXHEIGHT, OXFILE, OXSEARCHKEYS, OXTEMPLATE, OXQUESTIONEMAIL, OXISSEARCH, OXFOLDER, OXSUBCLASS, OXSTORNO, OXORDERSHOPID, OXERPSTATUS) VALUES('testordart5',  'testorder9',  1,  '10011', '10011', '11 EN product šųößлы', '10 EN description šųößлы',     '', 1.5126050420168, 1.8, 0.28739495798319, 19, '', 1.8, 1.8, 1.5126050420168, '', '', '', '', '0/nopic.jpg', '', '', '', '', '', 0, 0, '0000-00-00', '2008-04-03', '2008-04-03 12:50:20', 0, 0, 0, '', '', '', '', 0, '', '', 0, 1, '');
INSERT INTO oxorderarticles (OXID, OXORDERID, OXAMOUNT, OXARTID, OXARTNUM, OXTITLE, OXSHORTDESC, OXSELVARIANT, OXNETPRICE, OXBRUTPRICE, OXVATPRICE, OXVAT, OXPERSPARAM, OXPRICE, OXBPRICE, OXNPRICE, OXWRAPID, OXEXTURL, OXURLDESC, OXURLIMG, OXTHUMB, OXPIC1, OXPIC2, OXPIC3, OXPIC4, OXPIC5, OXWEIGHT, OXSTOCK, OXDELIVERY, OXINSERT, OXTIMESTAMP, OXLENGTH, OXWIDTH, OXHEIGHT, OXFILE, OXSEARCHKEYS, OXTEMPLATE, OXQUESTIONEMAIL, OXISSEARCH, OXFOLDER, OXSUBCLASS, OXSTORNO, OXORDERSHOPID, OXERPSTATUS) VALUES('testordart6',  'testorder10', 1,  '10011', '10011', '11 EN product šųößлы', '10 EN description šųößлы',     '', 1.5126050420168, 1.8, 0.28739495798319, 19, '', 1.8, 1.8, 1.5126050420168, '', '', '', '', '0/nopic.jpg', '', '', '', '', '', 0, 0, '0000-00-00', '2008-04-03', '2008-04-03 12:50:20', 0, 0, 0, '', '', '', '', 0, '', '', 0, 1, '');
INSERT INTO oxorderarticles (OXID, OXORDERID, OXAMOUNT, OXARTID, OXARTNUM, OXTITLE, OXSHORTDESC, OXSELVARIANT, OXNETPRICE, OXBRUTPRICE, OXVATPRICE, OXVAT, OXPERSPARAM, OXPRICE, OXBPRICE, OXNPRICE, OXWRAPID, OXEXTURL, OXURLDESC, OXURLIMG, OXTHUMB, OXPIC1, OXPIC2, OXPIC3, OXPIC4, OXPIC5, OXWEIGHT, OXSTOCK, OXDELIVERY, OXINSERT, OXTIMESTAMP, OXLENGTH, OXWIDTH, OXHEIGHT, OXFILE, OXSEARCHKEYS, OXTEMPLATE, OXQUESTIONEMAIL, OXISSEARCH, OXFOLDER, OXSUBCLASS, OXSTORNO, OXORDERSHOPID, OXERPSTATUS) VALUES('testordart7',  'testorder11', 3,  '10012', '10012', '12 EN product šųößлы', '11 EN description šųößлы',     '', 5.0420168067227, 6,   0.95798319327731, 19, '', 2,   6,   5.0420168067227, '', '', '', '', '0/nopic.jpg', '', '', '', '', '', 0, 0, '0000-00-00', '2008-04-03', '2008-04-03 12:50:20', 0, 0, 0, '', '', '', '', 0, '', '', 0, 1, '');
INSERT INTO oxorderarticles (OXID, OXORDERID, OXAMOUNT, OXARTID, OXARTNUM, OXTITLE, OXSHORTDESC, OXSELVARIANT, OXNETPRICE, OXBRUTPRICE, OXVATPRICE, OXVAT, OXPERSPARAM, OXPRICE, OXBPRICE, OXNPRICE, OXWRAPID, OXEXTURL, OXURLDESC, OXURLIMG, OXTHUMB, OXPIC1, OXPIC2, OXPIC3, OXPIC4, OXPIC5, OXWEIGHT, OXSTOCK, OXDELIVERY, OXINSERT, OXTIMESTAMP, OXLENGTH, OXWIDTH, OXHEIGHT, OXFILE, OXSEARCHKEYS, OXTEMPLATE, OXQUESTIONEMAIL, OXISSEARCH, OXFOLDER, OXSUBCLASS, OXSTORNO, OXORDERSHOPID, OXERPSTATUS) VALUES('testordart8',  'testorder3',  2,  '10010', '10010', '1 EN product šųößлы',  '[last] EN description šųößлы', '', 2.5210084033613, 3,   0.47899159663866, 19, '', 1.5, 3,   2.5210084033613, '', '', '', '', '0/nopic.jpg', '', '', '', '', '', 0, 0, '0000-00-00', '2008-04-03', '2008-04-17 17:40:02', 0, 0, 0, '', '', '', '', 0, '', '', 0, 1, '');
INSERT INTO oxorderarticles (OXID, OXORDERID, OXAMOUNT, OXARTID, OXARTNUM, OXTITLE, OXSHORTDESC, OXSELVARIANT, OXNETPRICE, OXBRUTPRICE, OXVATPRICE, OXVAT, OXPERSPARAM, OXPRICE, OXBPRICE, OXNPRICE, OXWRAPID, OXEXTURL, OXURLDESC, OXURLIMG, OXTHUMB, OXPIC1, OXPIC2, OXPIC3, OXPIC4, OXPIC5, OXWEIGHT, OXSTOCK, OXDELIVERY, OXINSERT, OXTIMESTAMP, OXLENGTH, OXWIDTH, OXHEIGHT, OXFILE, OXSEARCHKEYS, OXTEMPLATE, OXQUESTIONEMAIL, OXISSEARCH, OXFOLDER, OXSUBCLASS, OXSTORNO, OXORDERSHOPID, OXERPSTATUS) VALUES('testordart9',  'testorder8',  1,  '10012', '10012', '12 EN product šųößлы', '11 EN description šųößлы',     '', 1.6806722689076, 2,   0.31932773109244, 19, '', 2,   2,   1.6806722689076, '', '', '', '', '0/nopic.jpg', '', '', '', '', '', 0, 0, '0000-00-00', '2008-04-03', '2008-04-03 12:50:20', 0, 0, 0, '', '', '', '', 0, '', '', 0, 1, '');

INSERT INTO oxpayments (OXID, OXACTIVE, OXDESC, OXADDSUM, OXADDSUMTYPE, OXFROMBONI, OXFROMAMOUNT, OXTOAMOUNT, OXVALDESC, OXCHECKED, OXDESC_1, OXVALDESC_1, OXDESC_2, OXVALDESC_2, OXDESC_3, OXVALDESC_3, OXLONGDESC, OXLONGDESC_1, OXLONGDESC_2, OXLONGDESC_3, OXSORT) VALUES('testpayment',  1, 'Test payment method [EN] šųößлы', 0.7, 'abs', 0, 55, 99999, 'payment field [EN] įÄк__@@', 0, 'Test payment method [DE] šųößлы', 'payment field [DE]__@@', '', '', '', '', 'Short payment description [EN] šųößлы', 'Short payment description [DE]', '', '', 0);
INSERT INTO oxpayments (OXID, OXACTIVE, OXDESC, OXADDSUM, OXADDSUMTYPE, OXFROMBONI, OXFROMAMOUNT, OXTOAMOUNT, OXVALDESC, OXCHECKED, OXDESC_1, OXVALDESC_1, OXDESC_2, OXVALDESC_2, OXDESC_3, OXVALDESC_3, OXLONGDESC, OXLONGDESC_1, OXLONGDESC_2, OXLONGDESC_3, OXSORT) VALUES('testpayment1', 0, '[last] EN test payment šųößлы',   0,   'abs', 0, 0,  0,     '',                           0, '1 DE test payment šųößлы',        '',                       '', '', '', '', '',                                      '',                               '', '', 1);
INSERT INTO oxpayments (OXID, OXACTIVE, OXDESC, OXADDSUM, OXADDSUMTYPE, OXFROMBONI, OXFROMAMOUNT, OXTOAMOUNT, OXVALDESC, OXCHECKED, OXDESC_1, OXVALDESC_1, OXDESC_2, OXVALDESC_2, OXDESC_3, OXVALDESC_3, OXLONGDESC, OXLONGDESC_1, OXLONGDESC_2, OXLONGDESC_3, OXSORT) VALUES('testpayment2', 0, '3 EN test payment šųößлы',        0,   'abs', 0, 0,  0,     '',                           0, '2 DE test payment šųößлы',        '',                       '', '', '', '', '',                                      '',                               '', '', 2);
INSERT INTO oxpayments (OXID, OXACTIVE, OXDESC, OXADDSUM, OXADDSUMTYPE, OXFROMBONI, OXFROMAMOUNT, OXTOAMOUNT, OXVALDESC, OXCHECKED, OXDESC_1, OXVALDESC_1, OXDESC_2, OXVALDESC_2, OXDESC_3, OXVALDESC_3, OXLONGDESC, OXLONGDESC_1, OXLONGDESC_2, OXLONGDESC_3, OXSORT) VALUES('testpayment3', 0, '2 EN test payment šųößлы',        0,   'abs', 0, 0,  0,     '',                           0, '3 DE test payment šųößлы',        '',                       '', '', '', '', '',                                      '',                               '', '', 3);
INSERT INTO oxpayments (OXID, OXACTIVE, OXDESC, OXADDSUM, OXADDSUMTYPE, OXFROMBONI, OXFROMAMOUNT, OXTOAMOUNT, OXVALDESC, OXCHECKED, OXDESC_1, OXVALDESC_1, OXDESC_2, OXVALDESC_2, OXDESC_3, OXVALDESC_3, OXLONGDESC, OXLONGDESC_1, OXLONGDESC_2, OXLONGDESC_3, OXSORT) VALUES('testpayment4', 0, '1 EN test payment šųößлы',        0,   'abs', 0, 0,  0,     '',                           0, '[last] DE test payment šųößлы',   '',                       '', '', '', '', '',                                      '',                               '', '', 4);
INSERT INTO oxpayments (OXID, OXACTIVE, OXDESC, OXADDSUM, OXADDSUMTYPE, OXFROMBONI, OXFROMAMOUNT, OXTOAMOUNT, OXVALDESC, OXCHECKED, OXDESC_1, OXVALDESC_1, OXDESC_2, OXVALDESC_2, OXDESC_3, OXVALDESC_3, OXLONGDESC, OXLONGDESC_1, OXLONGDESC_2, OXLONGDESC_3, OXSORT) VALUES('testpayment5', 0, '4 EN test payment šųößлы',        0,   'abs', 0, 0,  0,     '',                           0, '4 DE test payment šųößлы',        '',                       '', '', '', '', '',                                      '',                               '', '', 5);
INSERT INTO oxpayments (OXID, OXACTIVE, OXDESC, OXADDSUM, OXADDSUMTYPE, OXFROMBONI, OXFROMAMOUNT, OXTOAMOUNT, OXVALDESC, OXCHECKED, OXDESC_1, OXVALDESC_1, OXDESC_2, OXVALDESC_2, OXDESC_3, OXVALDESC_3, OXLONGDESC, OXLONGDESC_1, OXLONGDESC_2, OXLONGDESC_3, OXSORT) VALUES('testpayment6', 0, '5 EN test payment šųößлы',        0,   'abs', 0, 0,  0,     '',                           0, '5 DE test payment šųößлы',        '',                       '', '', '', '', '',                                      '',                               '', '', 6);
INSERT INTO oxpayments (OXID, OXACTIVE, OXDESC, OXADDSUM, OXADDSUMTYPE, OXFROMBONI, OXFROMAMOUNT, OXTOAMOUNT, OXVALDESC, OXCHECKED, OXDESC_1, OXVALDESC_1, OXDESC_2, OXVALDESC_2, OXDESC_3, OXVALDESC_3, OXLONGDESC, OXLONGDESC_1, OXLONGDESC_2, OXLONGDESC_3, OXSORT) VALUES('testpayment7', 0, '6 EN test payment šųößлы',        0,   'abs', 0, 0,  0,     '',                           0, '6 DE test payment šųößлы',        '',                       '', '', '', '', '',                                      '',                               '', '', 7);
INSERT INTO oxpayments (OXID, OXACTIVE, OXDESC, OXADDSUM, OXADDSUMTYPE, OXFROMBONI, OXFROMAMOUNT, OXTOAMOUNT, OXVALDESC, OXCHECKED, OXDESC_1, OXVALDESC_1, OXDESC_2, OXVALDESC_2, OXDESC_3, OXVALDESC_3, OXLONGDESC, OXLONGDESC_1, OXLONGDESC_2, OXLONGDESC_3, OXSORT) VALUES('testpayment8', 0, '7 EN test payment šųößлы',        0,   'abs', 0, 0,  0,     '',                           0, '7 DE test payment šųößлы',        '',                       '', '', '', '', '',                                      '',                               '', '', 8);
INSERT INTO oxpayments (OXID, OXACTIVE, OXDESC, OXADDSUM, OXADDSUMTYPE, OXFROMBONI, OXFROMAMOUNT, OXTOAMOUNT, OXVALDESC, OXCHECKED, OXDESC_1, OXVALDESC_1, OXDESC_2, OXVALDESC_2, OXDESC_3, OXVALDESC_3, OXLONGDESC, OXLONGDESC_1, OXLONGDESC_2, OXLONGDESC_3, OXSORT) VALUES('testpayment9', 0, '8 EN test payment šųößлы',        0,   'abs', 0, 0,  0,     '',                           0, '8 DE test payment šųößлы',        '',                       '', '', '', '', '',                                      '',                               '', '', 9);
INSERT INTO oxpayments (OXID, OXACTIVE, OXDESC, OXADDSUM, OXADDSUMTYPE, OXFROMBONI, OXFROMAMOUNT, OXTOAMOUNT, OXVALDESC, OXCHECKED, OXDESC_1, OXVALDESC_1, OXDESC_2, OXVALDESC_2, OXDESC_3, OXVALDESC_3, OXLONGDESC, OXLONGDESC_1, OXLONGDESC_2, OXLONGDESC_3, OXSORT) VALUES('testpayment10', 0, '9 EN test payment šųößлы',       0,   'abs', 0, 0,  0,     '',                           0, '9 DE test payment šųößлы',        '',                       '', '', '', '', '',                                      '',                               '', '', 10);

INSERT INTO oxprice2article (OXID, OXSHOPID, OXARTID, OXADDABS, OXADDPERC, OXAMOUNT, OXAMOUNTTO) VALUES('96047a7352aaea268.51406202', 1, '1003', 75, 0,  2, 5);
INSERT INTO oxprice2article (OXID, OXSHOPID, OXARTID, OXADDABS, OXADDPERC, OXAMOUNT, OXAMOUNTTO) VALUES('96047a735319dcbe8.56525815', 1, '1003', 0,  20, 6, 9999999);

INSERT INTO oxpricealarm (OXID, OXSHOPID, OXUSERID, OXEMAIL, OXARTID, OXPRICE, OXCURRENCY, OXLANG, OXINSERT, OXSENDED) VALUES('testpricealert1',  1, 'testuser4', 'birute05@nfq.lt', '10014', 11, 'EUR', 0, '2007-12-12 00:00:01', '0000-00-00 00:00:00');
INSERT INTO oxpricealarm (OXID, OXSHOPID, OXUSERID, OXEMAIL, OXARTID, OXPRICE, OXCURRENCY, OXLANG, OXINSERT, OXSENDED) VALUES('testpricealert2',  1, 'testuser4', 'birute05@nfq.lt', '10015', 4,  'EUR', 0, '2007-12-05 00:00:02', '2008-01-04 00:00:02');
INSERT INTO oxpricealarm (OXID, OXSHOPID, OXUSERID, OXEMAIL, OXARTID, OXPRICE, OXCURRENCY, OXLANG, OXINSERT, OXSENDED) VALUES('testpricealert3',  1, 'testuser6', 'birute04@nfq.lt', '10013', 7,  'EUR', 0, '2007-12-07 00:00:07', '0000-00-00 00:00:00');
INSERT INTO oxpricealarm (OXID, OXSHOPID, OXUSERID, OXEMAIL, OXARTID, OXPRICE, OXCURRENCY, OXLANG, OXINSERT, OXSENDED) VALUES('testpricealert4',  1, 'testuser1', 'birute02@nfq.lt', '10010', 1,  'EUR', 0, '2007-12-17 00:00:09', '2008-01-03 00:00:05');
INSERT INTO oxpricealarm (OXID, OXSHOPID, OXUSERID, OXEMAIL, OXARTID, OXPRICE, OXCURRENCY, OXLANG, OXINSERT, OXSENDED) VALUES('testpricealert5',  1, 'testuser3', 'birute07@nfq.lt', '10013', 3,  'EUR', 0, '2007-11-11 00:00:06', '0000-00-00 00:00:00');
INSERT INTO oxpricealarm (OXID, OXSHOPID, OXUSERID, OXEMAIL, OXARTID, OXPRICE, OXCURRENCY, OXLANG, OXINSERT, OXSENDED) VALUES('testpricealert6',  1, 'testuser5', 'birute08@nfq.lt', '10012', 10, 'EUR', 0, '2007-12-10 00:00:05', '2008-01-05 00:00:01');
INSERT INTO oxpricealarm (OXID, OXSHOPID, OXUSERID, OXEMAIL, OXARTID, OXPRICE, OXCURRENCY, OXLANG, OXINSERT, OXSENDED) VALUES('testpricealert7',  1, 'testuser7', 'birute06@nfq.lt', '10010', 6,  'EUR', 0, '2007-12-06 00:00:08', '2008-01-06 00:00:02');
INSERT INTO oxpricealarm (OXID, OXSHOPID, OXUSERID, OXEMAIL, OXARTID, OXPRICE, OXCURRENCY, OXLANG, OXINSERT, OXSENDED) VALUES('testpricealert8',  1, 'testuser2', 'birute03@nfq.lt', '10011', 2,  'EUR', 0, '2007-10-09 00:00:08', '2008-01-08 00:00:01');
INSERT INTO oxpricealarm (OXID, OXSHOPID, OXUSERID, OXEMAIL, OXARTID, OXPRICE, OXCURRENCY, OXLANG, OXINSERT, OXSENDED) VALUES('testpricealert9',  1, 'testuser1', 'birute02@nfq.lt', '10010', 5,  'EUR', 0, '2007-12-13 00:00:04', '2008-01-01 00:00:01');
INSERT INTO oxpricealarm (OXID, OXSHOPID, OXUSERID, OXEMAIL, OXARTID, OXPRICE, OXCURRENCY, OXLANG, OXINSERT, OXSENDED) VALUES('testpricealert10', 1, 'testuser3', 'birute07@nfq.lt', '10011', 8,  'EUR', 0, '2007-09-14 00:00:08', '2008-01-02 00:00:01');
INSERT INTO oxpricealarm (OXID, OXSHOPID, OXUSERID, OXEMAIL, OXARTID, OXPRICE, OXCURRENCY, OXLANG, OXINSERT, OXSENDED) VALUES('testpricealert11', 1, 'testuser2', 'birute03@nfq.lt', '10012', 9,  'EUR', 0, '2007-12-13 00:00:03', '2008-01-01 00:00:05');

INSERT INTO oxreviews (OXID, OXACTIVE, OXOBJECTID, OXTYPE, OXTEXT, OXUSERID, OXCREATE, OXLANG, OXRATING) VALUES('testreview1', 0, '10010',  'oxarticle', '1 [DE] comment for product šųößлы', 'testuser', '2006-01-01 10:10:10', 1, 0);
INSERT INTO oxreviews (OXID, OXACTIVE, OXOBJECTID, OXTYPE, OXTEXT, OXUSERID, OXCREATE, OXLANG, OXRATING) VALUES('testreview2', 0, '10011',  'oxarticle', '3 [EN] product comment šųößлы',     'testuser', '2006-02-01 08:10:10', 0, 0);
INSERT INTO oxreviews (OXID, OXACTIVE, OXOBJECTID, OXTYPE, OXTEXT, OXUSERID, OXCREATE, OXLANG, OXRATING) VALUES('testreview3', 0, '10012',  'oxarticle', '3 [DE] comment for product šųößлы', 'testuser', '2005-12-01 11:11:00', 1, 0);
INSERT INTO oxreviews (OXID, OXACTIVE, OXOBJECTID, OXTYPE, OXTEXT, OXUSERID, OXCREATE, OXLANG, OXRATING) VALUES('testreview4', 0, '10011',  'oxarticle', '1 [EN] product comment šųößлы',     'testuser', '2006-02-05 10:10:10', 0, 0);
INSERT INTO oxreviews (OXID, OXACTIVE, OXOBJECTID, OXTYPE, OXTEXT, OXUSERID, OXCREATE, OXLANG, OXRATING) VALUES('testreview5', 0, '10010',  'oxarticle', '2 [DE] comment for product šųößлы', 'testuser', '2005-12-30 11:11:00', 1, 0);
INSERT INTO oxreviews (OXID, OXACTIVE, OXOBJECTID, OXTYPE, OXTEXT, OXUSERID, OXCREATE, OXLANG, OXRATING) VALUES('testreview6', 0, '10012',  'oxarticle', '2 [EN] product comment šųößлы',     'testuser', '2005-12-05 10:10:10', 0, 0);
INSERT INTO oxreviews (OXID, OXACTIVE, OXOBJECTID, OXTYPE, OXTEXT, OXUSERID, OXCREATE, OXLANG, OXRATING) VALUES('testreview7', 0, '1002',   'oxarticle', 'review for parent product šųößлы',  'testuser', '2009-01-15 14:36:19', 0, 0);
INSERT INTO oxreviews (OXID, OXACTIVE, OXOBJECTID, OXTYPE, OXTEXT, OXUSERID, OXCREATE, OXLANG, OXRATING) VALUES('testreview8', 0, '1002-1', 'oxarticle', 'review for var1 šųößлы',            'testuser', '2009-01-15 14:36:55', 0, 0);
INSERT INTO oxreviews (OXID, OXACTIVE, OXOBJECTID, OXTYPE, OXTEXT, OXUSERID, OXCREATE, OXLANG, OXRATING) VALUES('testreview9', 0, '1002-2', 'oxarticle', 'review for var2 šųößлы',            'testuser', '2009-01-15 14:36:56', 0, 0);

INSERT INTO oxrolefields (OXID, OXNAME, OXPARAM) VALUES('3a6a13b4820fff81c09131cf4c5afcee', 'SUGGESTCHECK', 'suggest');

INSERT INTO oxroles (OXID, OXTITLE, OXSHOPID, OXACTIVE, OXAREA) VALUES('testadminrole1', '1 admin role šųößлы',      1, 0, 0);
INSERT INTO oxroles (OXID, OXTITLE, OXSHOPID, OXACTIVE, OXAREA) VALUES('testadminrole2', '2 admin role šųößлы',      1, 0, 0);
INSERT INTO oxroles (OXID, OXTITLE, OXSHOPID, OXACTIVE, OXAREA) VALUES('testadminrole3', '3 admin role šųößлы',      1, 0, 0);
INSERT INTO oxroles (OXID, OXTITLE, OXSHOPID, OXACTIVE, OXAREA) VALUES('testadminrole4', '4 admin role šųößлы',      1, 0, 0);
INSERT INTO oxroles (OXID, OXTITLE, OXSHOPID, OXACTIVE, OXAREA) VALUES('testadminrole5', '[last] admin role šųößлы', 1, 0, 0);
INSERT INTO oxroles (OXID, OXTITLE, OXSHOPID, OXACTIVE, OXAREA) VALUES('testadminrole6', '1 shop role šųößлы',       1, 0, 1);
INSERT INTO oxroles (OXID, OXTITLE, OXSHOPID, OXACTIVE, OXAREA) VALUES('testadminrole7', '2 shop role šųößлы',       1, 0, 1);
INSERT INTO oxroles (OXID, OXTITLE, OXSHOPID, OXACTIVE, OXAREA) VALUES('testadminrole8', '3 shop role šųößлы',       1, 0, 1);
INSERT INTO oxroles (OXID, OXTITLE, OXSHOPID, OXACTIVE, OXAREA) VALUES('testadminrole9', '4 shop role šųößлы',       1, 0, 1);
INSERT INTO oxroles (OXID, OXTITLE, OXSHOPID, OXACTIVE, OXAREA) VALUES('testadminrole10', '10 shop role šųößлы',     1, 0, 1);
INSERT INTO oxroles (OXID, OXTITLE, OXSHOPID, OXACTIVE, OXAREA) VALUES('testadminrole11', '9 shop role šųößлы',      1, 0, 1);
INSERT INTO oxroles (OXID, OXTITLE, OXSHOPID, OXACTIVE, OXAREA) VALUES('testadminrole12', '8 shop role šųößлы',      1, 0, 1);
INSERT INTO oxroles (OXID, OXTITLE, OXSHOPID, OXACTIVE, OXAREA) VALUES('testadminrole13', '7 shop role šųößлы',      1, 0, 1);
INSERT INTO oxroles (OXID, OXTITLE, OXSHOPID, OXACTIVE, OXAREA) VALUES('testadminrole14', '6 shop role šųößлы',      1, 0, 1);
INSERT INTO oxroles (OXID, OXTITLE, OXSHOPID, OXACTIVE, OXAREA) VALUES('testadminrole15', '5 shop role šųößлы',      1, 0, 1);
INSERT INTO oxroles (OXID, OXTITLE, OXSHOPID, OXACTIVE, OXAREA) VALUES('testadminrole16', '[last] shop role šųößлы', 1, 0, 1);

INSERT INTO oxselectlist (OXID, OXSHOPID, OXSHOPINCL, OXSHOPEXCL, OXTITLE, OXIDENT, OXVALDESC, OXTITLE_1, OXVALDESC_1, OXTITLE_2, OXVALDESC_2, OXTITLE_3, OXVALDESC_3) VALUES('testsellist',   1, 1, 0, 'test selection list [EN] šųößлы', 'test sellist šųößлы',   'selvar1 [EN] įÄк!P!1__@@selvar2 [EN] įÄк__@@selvar3 [EN] įÄк!P!-2__@@selvar4 [EN] įÄк!P!2%__@@', 'test selection list [DE] šųößлы', 'selvar1 [DE]!P!1__@@selvar2 [DE]__@@selvar3 [DE]!P!-2__@@selvar4 [DE]!P!2%__@@', '', '', '', '');
INSERT INTO oxselectlist (OXID, OXSHOPID, OXSHOPINCL, OXSHOPEXCL, OXTITLE, OXIDENT, OXVALDESC, OXTITLE_1, OXVALDESC_1, OXTITLE_2, OXVALDESC_2, OXTITLE_3, OXVALDESC_3) VALUES('testsellist1',  1, 1, 0, '[last] [EN] sellist šųößлы',      '1 sellist šųößлы',      '',                                                                                               '1 [DE] sellist šųößлы',           '',                                                                               '', '', '', '');
INSERT INTO oxselectlist (OXID, OXSHOPID, OXSHOPINCL, OXSHOPEXCL, OXTITLE, OXIDENT, OXVALDESC, OXTITLE_1, OXVALDESC_1, OXTITLE_2, OXVALDESC_2, OXTITLE_3, OXVALDESC_3) VALUES('testsellist2',  1, 1, 0, '7 [EN] sellist šųößлы',           '6 sellist šųößлы',      '',                                                                                               '2 [DE] sellist šųößлы',           '',                                                                               '', '', '', '');
INSERT INTO oxselectlist (OXID, OXSHOPID, OXSHOPINCL, OXSHOPEXCL, OXTITLE, OXIDENT, OXVALDESC, OXTITLE_1, OXVALDESC_1, OXTITLE_2, OXVALDESC_2, OXTITLE_3, OXVALDESC_3) VALUES('testsellist3',  1, 1, 0, '6 [EN] sellist šųößлы',           '2 sellist šųößлы',      '',                                                                                               '3 [DE] sellist šųößлы',           '',                                                                               '', '', '', '');
INSERT INTO oxselectlist (OXID, OXSHOPID, OXSHOPINCL, OXSHOPEXCL, OXTITLE, OXIDENT, OXVALDESC, OXTITLE_1, OXVALDESC_1, OXTITLE_2, OXVALDESC_2, OXTITLE_3, OXVALDESC_3) VALUES('testsellist4',  1, 1, 0, '2 [EN] sellist šųößлы',           '9 sellist šųößлы',      '',                                                                                               '4 [DE] sellist šųößлы',           '',                                                                               '', '', '', '');
INSERT INTO oxselectlist (OXID, OXSHOPID, OXSHOPINCL, OXSHOPEXCL, OXTITLE, OXIDENT, OXVALDESC, OXTITLE_1, OXVALDESC_1, OXTITLE_2, OXVALDESC_2, OXTITLE_3, OXVALDESC_3) VALUES('testsellist5',  1, 1, 0, '3 [EN] sellist šųößлы',           '4 sellist šųößлы',      '',                                                                                               '5 [DE] sellist šųößлы',           '',                                                                               '', '', '', '');
INSERT INTO oxselectlist (OXID, OXSHOPID, OXSHOPINCL, OXSHOPEXCL, OXTITLE, OXIDENT, OXVALDESC, OXTITLE_1, OXVALDESC_1, OXTITLE_2, OXVALDESC_2, OXTITLE_3, OXVALDESC_3) VALUES('testsellist6',  1, 1, 0, '5 [EN] sellist šųößлы',           '8 sellist šųößлы',      '',                                                                                               '6 [DE] sellist šųößлы',           '',                                                                               '', '', '', '');
INSERT INTO oxselectlist (OXID, OXSHOPID, OXSHOPINCL, OXSHOPEXCL, OXTITLE, OXIDENT, OXVALDESC, OXTITLE_1, OXVALDESC_1, OXTITLE_2, OXVALDESC_2, OXTITLE_3, OXVALDESC_3) VALUES('testsellist7',  1, 1, 0, '4 [EN] sellist šųößлы',           '3 sellist šųößлы',      '',                                                                                               '7 [DE] sellist šųößлы',           '',                                                                               '', '', '', '');
INSERT INTO oxselectlist (OXID, OXSHOPID, OXSHOPINCL, OXSHOPEXCL, OXTITLE, OXIDENT, OXVALDESC, OXTITLE_1, OXVALDESC_1, OXTITLE_2, OXVALDESC_2, OXTITLE_3, OXVALDESC_3) VALUES('testsellist8',  1, 1, 0, '8 [EN] sellist šųößлы',           '[last] sellist šųößлы', '',                                                                                               '8 [DE] sellist šųößлы',           '',                                                                               '', '', '', '');
INSERT INTO oxselectlist (OXID, OXSHOPID, OXSHOPINCL, OXSHOPEXCL, OXTITLE, OXIDENT, OXVALDESC, OXTITLE_1, OXVALDESC_1, OXTITLE_2, OXVALDESC_2, OXTITLE_3, OXVALDESC_3) VALUES('testsellist9',  1, 1, 0, '1 [EN] sellist šųößлы',           '5 sellist šųößлы',      '',                                                                                               '9 [DE] sellist šųößлы',           '',                                                                               '', '', '', '');
INSERT INTO oxselectlist (OXID, OXSHOPID, OXSHOPINCL, OXSHOPEXCL, OXTITLE, OXIDENT, OXVALDESC, OXTITLE_1, OXVALDESC_1, OXTITLE_2, OXVALDESC_2, OXTITLE_3, OXVALDESC_3) VALUES('testsellist10', 1, 1, 0, '9 [EN] sellist šųößлы',           '7 sellist šųößлы',      '',                                                                                               '[last] [DE] sellist šųößлы',      '',                                                                               '', '', '', '');

INSERT INTO oxuser (OXID, OXACTIVE, OXRIGHTS, OXSHOPID, OXUSERNAME, OXPASSWORD, OXPASSSALT, OXCUSTNR, OXUSTID, OXUSTIDSTATUS, OXCOMPANY, OXFNAME, OXLNAME, OXSTREET, OXSTREETNR, OXADDINFO, OXCITY, OXCOUNTRYID, OXSTATEID, OXZIP, OXFON, OXFAX, OXSAL, OXBONI, OXCREATE, OXREGISTER, OXPRIVFON, OXMOBFON, OXBIRTHDATE, OXURL, OXDISABLEAUTOGRP, OXLDAPKEY, OXWRONGLOGINS, OXUPDATEKEY, OXUPDATEEXP, OXISOPENID) VALUES('testuser',  1, 'user', 1, 'birute_test@nfq.lt', 'c9dadd994241c9e5fa6469547009328a', '7573657275736572',   8,  '', 0, 'UserCompany įÄк',  'UserNameįÄк',  'UserSurnameįÄк',  'Musterstr.įÄк', '1', 'User additional info įÄк',  'Musterstadt įÄк', 'a7c40f631fc920687.20179984', '', '79098',  '0800 111111', '0800 111112', 'Mr',  500,  '2008-02-05 14:42:42', '2008-02-05 14:42:42', '0800 111113', '0800 111114', '1980-01-01', '', 0, '', 0, '', 0, 0);
INSERT INTO oxuser (OXID, OXACTIVE, OXRIGHTS, OXSHOPID, OXUSERNAME, OXPASSWORD, OXPASSSALT, OXCUSTNR, OXUSTID, OXUSTIDSTATUS, OXCOMPANY, OXFNAME, OXLNAME, OXSTREET, OXSTREETNR, OXADDINFO, OXCITY, OXCOUNTRYID, OXSTATEID, OXZIP, OXFON, OXFAX, OXSAL, OXBONI, OXCREATE, OXREGISTER, OXPRIVFON, OXMOBFON, OXBIRTHDATE, OXURL, OXDISABLEAUTOGRP, OXLDAPKEY, OXWRONGLOGINS, OXUPDATEKEY, OXUPDATEEXP, OXISOPENID) VALUES('testusera', 1, 'user', 1, 'birute0a@nfq.lt',    'a233c8b71a465807980f4b2b18f50fec', '757365724175736572', 9,  '', 0, 'UserACompany įÄк', 'UserANameįÄк', 'UserASurnameįÄк', 'Musterstr.įÄк', '2', 'UserA additional info įÄк', 'Musterstadt įÄк', 'a7c40f631fc920687.20179984', '', '79098',  '0800 222221', '0800 222222', 'Mrs', 0,    '2008-02-05 14:49:31', '2008-02-05 14:49:31', '0800 222223', '0800 222224', '1960-02-02', '', 0, '', 0, '', 0, 0);
INSERT INTO oxuser (OXID, OXACTIVE, OXRIGHTS, OXSHOPID, OXUSERNAME, OXPASSWORD, OXPASSSALT, OXCUSTNR, OXUSTID, OXUSTIDSTATUS, OXCOMPANY, OXFNAME, OXLNAME, OXSTREET, OXSTREETNR, OXADDINFO, OXCITY, OXCOUNTRYID, OXSTATEID, OXZIP, OXFON, OXFAX, OXSAL, OXBONI, OXCREATE, OXREGISTER, OXPRIVFON, OXMOBFON, OXBIRTHDATE, OXURL, OXDISABLEAUTOGRP, OXLDAPKEY, OXWRONGLOGINS, OXUPDATEKEY, OXUPDATEEXP, OXISOPENID) VALUES('testuserb', 1, 'user', 1, 'birute0b@nfq.lt',    'e5930fc80db1b3a3aaecfa62da5f85f9', '757365724275736572', 10, '', 0, 'UserBCompany įÄк', 'UserBNameįÄк', 'UserBSurnameįÄк', 'Musterstr.įÄк', '3', 'UserB additional info įÄк', 'Musterstadt įÄк', 'a7c40f631fc920687.20179984', '', '79098',  '0800 333331', '0800 333332', 'Mr',  0,    '2008-02-05 15:19:46', '2008-02-05 15:19:46', '0800 333333', '0800 333334', '1952-03-03', '', 0, '', 0, '', 0, 0);
INSERT INTO oxuser (OXID, OXACTIVE, OXRIGHTS, OXSHOPID, OXUSERNAME, OXPASSWORD, OXPASSSALT, OXCUSTNR, OXUSTID, OXUSTIDSTATUS, OXCOMPANY, OXFNAME, OXLNAME, OXSTREET, OXSTREETNR, OXADDINFO, OXCITY, OXCOUNTRYID, OXSTATEID, OXZIP, OXFON, OXFAX, OXSAL, OXBONI, OXCREATE, OXREGISTER, OXPRIVFON, OXMOBFON, OXBIRTHDATE, OXURL, OXDISABLEAUTOGRP, OXLDAPKEY, OXWRONGLOGINS, OXUPDATEKEY, OXUPDATEEXP, OXISOPENID) VALUES('testuserc', 1, 'user', 1, 'birute0c@nfq.lt',    '49a2c0585284909e97957f9b95d85b92', '757365724375736572', 11, '', 0, 'UserCCompany įÄк', 'UserCNameįÄк', 'UserCSurnameįÄк', 'Musterstr.įÄк', '4', 'UserC additional info įÄк', 'Musterstadt įÄк', 'a7c40f631fc920687.20179984', '', '79098',  '0800 444441', '0800 444442', 'Mrs', 0,    '2008-02-05 15:26:06', '2008-02-05 15:26:06', '0800 444443', '0800 444444', '1985-04-04', '', 0, '', 0, '', 0, 0);
INSERT INTO oxuser (OXID, OXACTIVE, OXRIGHTS, OXSHOPID, OXUSERNAME, OXPASSWORD, OXPASSSALT, OXCUSTNR, OXUSTID, OXUSTIDSTATUS, OXCOMPANY, OXFNAME, OXLNAME, OXSTREET, OXSTREETNR, OXADDINFO, OXCITY, OXCOUNTRYID, OXSTATEID, OXZIP, OXFON, OXFAX, OXSAL, OXBONI, OXCREATE, OXREGISTER, OXPRIVFON, OXMOBFON, OXBIRTHDATE, OXURL, OXDISABLEAUTOGRP, OXLDAPKEY, OXWRONGLOGINS, OXUPDATEKEY, OXUPDATEEXP, OXISOPENID) VALUES('testuser1', 0, 'user', 1, 'birute02@nfq.lt',    '82763a21b58be2f21e9bae3ebca59fec', '7573657274657374',   12, '', 0, '',                 '1userįÄк',     '1UserSurnameįÄк', '1 Street.įÄк',  '1', '',                          '2 City įÄк',      'a7c40f631fc920687.20179984', '', '333000', '444444',      '',            'Mr',  1000, '2008-04-15 10:34:56', '2008-02-01 00:00:00', '',            '',            '0000-00-00', '', 0, '', 0, '', 0, 0);
INSERT INTO oxuser (OXID, OXACTIVE, OXRIGHTS, OXSHOPID, OXUSERNAME, OXPASSWORD, OXPASSSALT, OXCUSTNR, OXUSTID, OXUSTIDSTATUS, OXCOMPANY, OXFNAME, OXLNAME, OXSTREET, OXSTREETNR, OXADDINFO, OXCITY, OXCOUNTRYID, OXSTATEID, OXZIP, OXFON, OXFAX, OXSAL, OXBONI, OXCREATE, OXREGISTER, OXPRIVFON, OXMOBFON, OXBIRTHDATE, OXURL, OXDISABLEAUTOGRP, OXLDAPKEY, OXWRONGLOGINS, OXUPDATEKEY, OXUPDATEEXP, OXISOPENID) VALUES('testuser2', 0, 'user', 1, 'birute03@nfq.lt',    '82763a21b58be2f21e9bae3ebca59fec', '7573657274657374',   13, '', 0, '',                 '2userįÄк',     '2UserSurnameįÄк', '2 Street.įÄк',  '1', '',                          '3 City įÄк',      'a7c40f631fc920687.20179984', '', '444000', '555555',      '',            'Mr',  1000, '2008-04-15 10:34:56', '2008-01-10 00:00:00', '',            '',            '0000-00-00', '', 0, '', 0, '', 0, 0);
INSERT INTO oxuser (OXID, OXACTIVE, OXRIGHTS, OXSHOPID, OXUSERNAME, OXPASSWORD, OXPASSSALT, OXCUSTNR, OXUSTID, OXUSTIDSTATUS, OXCOMPANY, OXFNAME, OXLNAME, OXSTREET, OXSTREETNR, OXADDINFO, OXCITY, OXCOUNTRYID, OXSTATEID, OXZIP, OXFON, OXFAX, OXSAL, OXBONI, OXCREATE, OXREGISTER, OXPRIVFON, OXMOBFON, OXBIRTHDATE, OXURL, OXDISABLEAUTOGRP, OXLDAPKEY, OXWRONGLOGINS, OXUPDATEKEY, OXUPDATEEXP, OXISOPENID) VALUES('testuser3', 0, 'user', 1, 'birute07@nfq.lt',    '82763a21b58be2f21e9bae3ebca59fec', '7573657274657374',   14, '', 0, '',                 '6userįÄк',     '6UserSurnameįÄк', '3 Street.įÄк',  '1', '',                          '4 City įÄк',      'a7c40f631fc920687.20179984', '', '555000', '666666',      '',            'Mr',  1000, '2008-04-15 10:34:56', '2008-01-10 11:10:00', '',            '',            '0000-00-00', '', 0, '', 0, '', 0, 0);
INSERT INTO oxuser (OXID, OXACTIVE, OXRIGHTS, OXSHOPID, OXUSERNAME, OXPASSWORD, OXPASSSALT, OXCUSTNR, OXUSTID, OXUSTIDSTATUS, OXCOMPANY, OXFNAME, OXLNAME, OXSTREET, OXSTREETNR, OXADDINFO, OXCITY, OXCOUNTRYID, OXSTATEID, OXZIP, OXFON, OXFAX, OXSAL, OXBONI, OXCREATE, OXREGISTER, OXPRIVFON, OXMOBFON, OXBIRTHDATE, OXURL, OXDISABLEAUTOGRP, OXLDAPKEY, OXWRONGLOGINS, OXUPDATEKEY, OXUPDATEEXP, OXISOPENID) VALUES('testuser4', 0, 'user', 1, 'birute05@nfq.lt',    '82763a21b58be2f21e9bae3ebca59fec', '7573657274657374',   15, '', 0, '',                 '4userįÄк',     '4UserSurnameįÄк', '4 Street.įÄк',  '1', '',                          '5 City įÄк',      'a7c40f631fc920687.20179984', '', '666000', '777777',      '',            'Mr',  1000, '2008-04-15 10:34:56', '2008-01-10 00:00:01', '',            '',            '0000-00-00', '', 0, '', 0, '', 0, 0);
INSERT INTO oxuser (OXID, OXACTIVE, OXRIGHTS, OXSHOPID, OXUSERNAME, OXPASSWORD, OXPASSSALT, OXCUSTNR, OXUSTID, OXUSTIDSTATUS, OXCOMPANY, OXFNAME, OXLNAME, OXSTREET, OXSTREETNR, OXADDINFO, OXCITY, OXCOUNTRYID, OXSTATEID, OXZIP, OXFON, OXFAX, OXSAL, OXBONI, OXCREATE, OXREGISTER, OXPRIVFON, OXMOBFON, OXBIRTHDATE, OXURL, OXDISABLEAUTOGRP, OXLDAPKEY, OXWRONGLOGINS, OXUPDATEKEY, OXUPDATEEXP, OXISOPENID) VALUES('testuser5', 0, 'user', 1, 'birute08@nfq.lt',    '82763a21b58be2f21e9bae3ebca59fec', '7573657274657374',   16, '', 0, '',                 '7userįÄк',     '7UserSurnameįÄк', '5 Street.įÄк',  '1', '',                          '6 City įÄк',      'a7c40f631fc920687.20179984', '', '777000', '111111',      '',            'Mr',  1000, '2008-04-15 10:34:56', '2008-01-10 00:00:02', '',            '',            '0000-00-00', '', 0, '', 0, '', 0, 0);
INSERT INTO oxuser (OXID, OXACTIVE, OXRIGHTS, OXSHOPID, OXUSERNAME, OXPASSWORD, OXPASSSALT, OXCUSTNR, OXUSTID, OXUSTIDSTATUS, OXCOMPANY, OXFNAME, OXLNAME, OXSTREET, OXSTREETNR, OXADDINFO, OXCITY, OXCOUNTRYID, OXSTATEID, OXZIP, OXFON, OXFAX, OXSAL, OXBONI, OXCREATE, OXREGISTER, OXPRIVFON, OXMOBFON, OXBIRTHDATE, OXURL, OXDISABLEAUTOGRP, OXLDAPKEY, OXWRONGLOGINS, OXUPDATEKEY, OXUPDATEEXP, OXISOPENID) VALUES('testuser6', 0, 'user', 1, 'birute04@nfq.lt',    '82763a21b58be2f21e9bae3ebca59fec', '7573657274657374',   17, '', 0, '',                 '3userįÄк',     '3UserSurnameįÄк', '6 Street.įÄк',  '1', '',                          '7 City įÄк',      'a7c40f631fc920687.20179984', '', '111000', '222222',      '',            'Mr',  1000, '2008-04-15 10:34:56', '2008-01-10 00:00:03', '',            '',            '0000-00-00', '', 0, '', 0, '', 0, 0);
INSERT INTO oxuser (OXID, OXACTIVE, OXRIGHTS, OXSHOPID, OXUSERNAME, OXPASSWORD, OXPASSSALT, OXCUSTNR, OXUSTID, OXUSTIDSTATUS, OXCOMPANY, OXFNAME, OXLNAME, OXSTREET, OXSTREETNR, OXADDINFO, OXCITY, OXCOUNTRYID, OXSTATEID, OXZIP, OXFON, OXFAX, OXSAL, OXBONI, OXCREATE, OXREGISTER, OXPRIVFON, OXMOBFON, OXBIRTHDATE, OXURL, OXDISABLEAUTOGRP, OXLDAPKEY, OXWRONGLOGINS, OXUPDATEKEY, OXUPDATEEXP, OXISOPENID) VALUES('testuser7', 0, 'user', 1, 'birute06@nfq.lt',    '82763a21b58be2f21e9bae3ebca59fec', '7573657274657374',   18, '', 0, '',                 '5userįÄк',     '5UserSurnameįÄк', '7 Street.įÄк',  '1', '',                          '1 City įÄк',      'a7c40f631fc920687.20179984', '', '222000', '333333',      '',            'Mr',  1000, '2008-04-15 10:34:56', '2007-06-20 00:00:00', '',            '',            '0000-00-00', '', 0, '', 0, '', 0, 0);

INSERT INTO oxuserpayments (OXID, OXUSERID, OXPAYMENTSID, OXVALUE) VALUES('oxuserpayments1',  'testuser6', 'oxidcashondel', '');
INSERT INTO oxuserpayments (OXID, OXUSERID, OXPAYMENTSID, OXVALUE) VALUES('oxuserpayments10', 'testuser6', 'oxidinvoice',   '');
INSERT INTO oxuserpayments (OXID, OXUSERID, OXPAYMENTSID, OXVALUE) VALUES('oxuserpayments11', 'testuser2', 'oxidinvoice',   '');
INSERT INTO oxuserpayments (OXID, OXUSERID, OXPAYMENTSID, OXVALUE) VALUES('oxuserpayments2',  'testuser6', 'oxidcashondel', '');
INSERT INTO oxuserpayments (OXID, OXUSERID, OXPAYMENTSID, OXVALUE) VALUES('oxuserpayments3',  'testuser6', 'oxidcashondel', '');
INSERT INTO oxuserpayments (OXID, OXUSERID, OXPAYMENTSID, OXVALUE) VALUES('oxuserpayments4',  'testuser1', 'oxidcashondel', '');
INSERT INTO oxuserpayments (OXID, OXUSERID, OXPAYMENTSID, OXVALUE) VALUES('oxuserpayments5',  'testuser6', 'oxidcashondel', '');
INSERT INTO oxuserpayments (OXID, OXUSERID, OXPAYMENTSID, OXVALUE) VALUES('oxuserpayments6',  'testuser6', 'oxidcashondel', '');
INSERT INTO oxuserpayments (OXID, OXUSERID, OXPAYMENTSID, OXVALUE) VALUES('oxuserpayments7',  'testuser1', 'oxidinvoice',   '');
INSERT INTO oxuserpayments (OXID, OXUSERID, OXPAYMENTSID, OXVALUE) VALUES('oxuserpayments8',  'testuser2', 'oxidcashondel', '');
INSERT INTO oxuserpayments (OXID, OXUSERID, OXPAYMENTSID, OXVALUE) VALUES('oxuserpayments9',  'testuser1', 'oxidinvoice',   '');

INSERT INTO oxvendor (OXID, OXSHOPID, OXSHOPINCL, OXSHOPEXCL, OXACTIVE, OXICON, OXTITLE, OXSHORTDESC, OXTITLE_1, OXSHORTDESC_1, OXTITLE_2, OXSHORTDESC_2, OXTITLE_3, OXSHORTDESC_3, OXSHOWSUFFIX) VALUES('testdistributor',  1, 1, 0, 1, '', 'Distributor [EN] šųößлы',      'Distributor description [EN] šųößлы',      'Distributor [DE] šųößлы',      'Distributor description [DE]',      '', '', '', '', 1);
INSERT INTO oxvendor (OXID, OXSHOPID, OXSHOPINCL, OXSHOPEXCL, OXACTIVE, OXICON, OXTITLE, OXSHORTDESC, OXTITLE_1, OXSHORTDESC_1, OXTITLE_2, OXSHORTDESC_2, OXTITLE_3, OXSHORTDESC_3, OXSHOWSUFFIX) VALUES('testdistributor1', 1, 1, 0, 0, '', '[last] EN distributor šųößлы', '1 EN distributor description šųößлы',      '1 DE distributor šųößлы',      '[last] DE distributor description', '', '', '', '', 1);
INSERT INTO oxvendor (OXID, OXSHOPID, OXSHOPINCL, OXSHOPEXCL, OXACTIVE, OXICON, OXTITLE, OXSHORTDESC, OXTITLE_1, OXSHORTDESC_1, OXTITLE_2, OXSHORTDESC_2, OXTITLE_3, OXSHORTDESC_3, OXSHOWSUFFIX) VALUES('testdistributor8', 1, 1, 0, 0, '', '1 EN distributor šųößлы',      '[last] EN distributor description šųößлы', '[last] DE distributor šųößлы', '1 DE distributor description',      '', '', '', '', 1);
INSERT INTO oxvendor (OXID, OXSHOPID, OXSHOPINCL, OXSHOPEXCL, OXACTIVE, OXICON, OXTITLE, OXSHORTDESC, OXTITLE_1, OXSHORTDESC_1, OXTITLE_2, OXSHORTDESC_2, OXTITLE_3, OXSHORTDESC_3, OXSHOWSUFFIX) VALUES('testdistributor2', 1, 1, 0, 0, '', '4 EN distributor šųößлы',      '2 EN distributor description šųößлы',      '2 DE distributor šųößлы',      '4 DE distributor description',      '', '', '', '', 1);
INSERT INTO oxvendor (OXID, OXSHOPID, OXSHOPINCL, OXSHOPEXCL, OXACTIVE, OXICON, OXTITLE, OXSHORTDESC, OXTITLE_1, OXSHORTDESC_1, OXTITLE_2, OXSHORTDESC_2, OXTITLE_3, OXSHORTDESC_3, OXSHOWSUFFIX) VALUES('testdistributor3', 1, 1, 0, 0, '', '5 EN distributor šųößлы',      '3 EN distributor description šųößлы',      '3 DE distributor šųößлы',      '5 DE distributor description',      '', '', '', '', 1);
INSERT INTO oxvendor (OXID, OXSHOPID, OXSHOPINCL, OXSHOPEXCL, OXACTIVE, OXICON, OXTITLE, OXSHORTDESC, OXTITLE_1, OXSHORTDESC_1, OXTITLE_2, OXSHORTDESC_2, OXTITLE_3, OXSHORTDESC_3, OXSHOWSUFFIX) VALUES('testdistributor4', 1, 1, 0, 0, '', '2 EN distributor šųößлы',      '4 EN distributor description šųößлы',      '4 DE distributor šųößлы',      '2 DE distributor description',      '', '', '', '', 1);
INSERT INTO oxvendor (OXID, OXSHOPID, OXSHOPINCL, OXSHOPEXCL, OXACTIVE, OXICON, OXTITLE, OXSHORTDESC, OXTITLE_1, OXSHORTDESC_1, OXTITLE_2, OXSHORTDESC_2, OXTITLE_3, OXSHORTDESC_3, OXSHOWSUFFIX) VALUES('testdistributor5', 1, 1, 0, 0, '', '7 EN distributor šųößлы',      '5 DE distributor description šųößлы',      '5 DE distributor šųößлы',      '7 DE distributor description',      '', '', '', '', 1);
INSERT INTO oxvendor (OXID, OXSHOPID, OXSHOPINCL, OXSHOPEXCL, OXACTIVE, OXICON, OXTITLE, OXSHORTDESC, OXTITLE_1, OXSHORTDESC_1, OXTITLE_2, OXSHORTDESC_2, OXTITLE_3, OXSHORTDESC_3, OXSHOWSUFFIX) VALUES('testdistributor6', 1, 1, 0, 0, '', '6 EN distributor šųößлы',      '6 EN distributor description šųößлы',      '6 DE distributor šųößлы',      '6 DE distributor description',      '', '', '', '', 1);
INSERT INTO oxvendor (OXID, OXSHOPID, OXSHOPINCL, OXSHOPEXCL, OXACTIVE, OXICON, OXTITLE, OXSHORTDESC, OXTITLE_1, OXSHORTDESC_1, OXTITLE_2, OXSHORTDESC_2, OXTITLE_3, OXSHORTDESC_3, OXSHOWSUFFIX) VALUES('testdistributor7', 1, 1, 0, 0, '', '3 EN distributor šųößлы',      '7 EN distributor description šųößлы',      '7 DE distributor šųößлы',      '3 DE distributor description',      '', '', '', '', 1);

INSERT INTO oxvouchers (OXDATEUSED, OXORDERID, OXUSERID, OXRESERVED, OXVOUCHERNR, OXVOUCHERSERIEID, OXDISCOUNT, OXID) VALUES(NULL, '', '', 0, '123123', 'testvoucher4', NULL, 'testcoucher011');
INSERT INTO oxvouchers (OXDATEUSED, OXORDERID, OXUSERID, OXRESERVED, OXVOUCHERNR, OXVOUCHERSERIEID, OXDISCOUNT, OXID) VALUES(NULL, '', '', 0, '111111', 'testcoupon1',  NULL, 'testvoucher001');
INSERT INTO oxvouchers (OXDATEUSED, OXORDERID, OXUSERID, OXRESERVED, OXVOUCHERNR, OXVOUCHERSERIEID, OXDISCOUNT, OXID) VALUES(NULL, '', '', 0, '111111', 'testcoupon1',  NULL, 'testvoucher002');
INSERT INTO oxvouchers (OXDATEUSED, OXORDERID, OXUSERID, OXRESERVED, OXVOUCHERNR, OXVOUCHERSERIEID, OXDISCOUNT, OXID) VALUES(NULL, '', '', 0, '111111', 'testcoupon1',  NULL, 'testvoucher003');
INSERT INTO oxvouchers (OXDATEUSED, OXORDERID, OXUSERID, OXRESERVED, OXVOUCHERNR, OXVOUCHERSERIEID, OXDISCOUNT, OXID) VALUES(NULL, '', '', 0, '111111', 'testcoupon1',  NULL, 'testvoucher004');
INSERT INTO oxvouchers (OXDATEUSED, OXORDERID, OXUSERID, OXRESERVED, OXVOUCHERNR, OXVOUCHERSERIEID, OXDISCOUNT, OXID) VALUES(NULL, '', '', 0, '111111', 'testcoupon1',  NULL, 'testvoucher005');
INSERT INTO oxvouchers (OXDATEUSED, OXORDERID, OXUSERID, OXRESERVED, OXVOUCHERNR, OXVOUCHERSERIEID, OXDISCOUNT, OXID) VALUES(NULL, '', '', 0, '222222', 'testcoupon2',  NULL, 'testvoucher006');
INSERT INTO oxvouchers (OXDATEUSED, OXORDERID, OXUSERID, OXRESERVED, OXVOUCHERNR, OXVOUCHERSERIEID, OXDISCOUNT, OXID) VALUES(NULL, '', '', 0, '222222', 'testcoupon2',  NULL, 'testvoucher007');
INSERT INTO oxvouchers (OXDATEUSED, OXORDERID, OXUSERID, OXRESERVED, OXVOUCHERNR, OXVOUCHERSERIEID, OXDISCOUNT, OXID) VALUES(NULL, '', '', 0, '222222', 'testcoupon2',  NULL, 'testvoucher008');
INSERT INTO oxvouchers (OXDATEUSED, OXORDERID, OXUSERID, OXRESERVED, OXVOUCHERNR, OXVOUCHERSERIEID, OXDISCOUNT, OXID) VALUES(NULL, '', '', 0, '222222', 'testcoupon2',  NULL, 'testvoucher009');
INSERT INTO oxvouchers (OXDATEUSED, OXORDERID, OXUSERID, OXRESERVED, OXVOUCHERNR, OXVOUCHERSERIEID, OXDISCOUNT, OXID) VALUES(NULL, '', '', 0, '222222', 'testcoupon2',  NULL, 'testvoucher010');

INSERT INTO oxvoucherseries (OXID, OXSHOPID, OXSHOPINCL, OXSHOPEXCL, OXSERIENR, OXSERIEDESCRIPTION, OXDISCOUNT, OXDISCOUNTTYPE, OXSTARTDATE, OXRELEASEDATE, OXBEGINDATE, OXENDDATE, OXALLOWSAMESERIES, OXALLOWOTHERSERIES, OXALLOWUSEANOTHER, OXMINIMUMVALUE, OXCALCULATEONCE) VALUES('testcoupon1',  1, 1, 0, 'Test coupon 1 šųößлы', 'Test coupon 1 desc šųößлы', 10.00, 'absolute', '0000-00-00 00:00:00', '0000-00-00 00:00:00', '2008-01-01 00:00:00', '2020-01-01 00:00:00', 1, 1, 1, 75.00,  0);
INSERT INTO oxvoucherseries (OXID, OXSHOPID, OXSHOPINCL, OXSHOPEXCL, OXSERIENR, OXSERIEDESCRIPTION, OXDISCOUNT, OXDISCOUNTTYPE, OXSTARTDATE, OXRELEASEDATE, OXBEGINDATE, OXENDDATE, OXALLOWSAMESERIES, OXALLOWOTHERSERIES, OXALLOWUSEANOTHER, OXMINIMUMVALUE, OXCALCULATEONCE) VALUES('testcoupon2',  1, 1, 0, 'Test coupon 2 šųößлы', 'Test coupon 2 desc šųößлы', 5.00,  'percent',  '0000-00-00 00:00:00', '0000-00-00 00:00:00', '2008-01-01 00:00:00', '2020-01-01 00:00:00', 0, 0, 0, 75.00,  0);
INSERT INTO oxvoucherseries (OXID, OXSHOPID, OXSHOPINCL, OXSHOPEXCL, OXSERIENR, OXSERIEDESCRIPTION, OXDISCOUNT, OXDISCOUNTTYPE, OXSTARTDATE, OXRELEASEDATE, OXBEGINDATE, OXENDDATE, OXALLOWSAMESERIES, OXALLOWOTHERSERIES, OXALLOWUSEANOTHER, OXMINIMUMVALUE, OXCALCULATEONCE) VALUES('testvoucher1', 1, 1, 0, '1 Coupon šųößлы',      '1 Description šųößлы',      5.00,  'absolute', '0000-00-00 00:00:00', '0000-00-00 00:00:00', '2007-01-01 00:00:00', '2010-12-31 00:00:00', 0, 0, 0, 10.00,  0);
INSERT INTO oxvoucherseries (OXID, OXSHOPID, OXSHOPINCL, OXSHOPEXCL, OXSERIENR, OXSERIEDESCRIPTION, OXDISCOUNT, OXDISCOUNTTYPE, OXSTARTDATE, OXRELEASEDATE, OXBEGINDATE, OXENDDATE, OXALLOWSAMESERIES, OXALLOWOTHERSERIES, OXALLOWUSEANOTHER, OXMINIMUMVALUE, OXCALCULATEONCE) VALUES('testvoucher2', 1, 1, 0, '2 Coupon šųößлы',      '2 Coupon šųößлы',           3.00,  'absolute', '0000-00-00 00:00:00', '0000-00-00 00:00:00', '2009-01-01 00:00:00', '2009-10-10 00:00:00', 0, 0, 0, 25.00,  0);
INSERT INTO oxvoucherseries (OXID, OXSHOPID, OXSHOPINCL, OXSHOPEXCL, OXSERIENR, OXSERIEDESCRIPTION, OXDISCOUNT, OXDISCOUNTTYPE, OXSTARTDATE, OXRELEASEDATE, OXBEGINDATE, OXENDDATE, OXALLOWSAMESERIES, OXALLOWOTHERSERIES, OXALLOWUSEANOTHER, OXMINIMUMVALUE, OXCALCULATEONCE) VALUES('testvoucher3', 1, 1, 0, '3 Coupon šųößлы',      '3 Coupon šųößлы',           15.00, 'percent',  '0000-00-00 00:00:00', '0000-00-00 00:00:00', '2007-12-31 00:00:00', '2009-12-31 00:00:00', 0, 0, 0, 100.00, 0);
INSERT INTO oxvoucherseries (OXID, OXSHOPID, OXSHOPINCL, OXSHOPEXCL, OXSERIENR, OXSERIEDESCRIPTION, OXDISCOUNT, OXDISCOUNTTYPE, OXSTARTDATE, OXRELEASEDATE, OXBEGINDATE, OXENDDATE, OXALLOWSAMESERIES, OXALLOWOTHERSERIES, OXALLOWUSEANOTHER, OXMINIMUMVALUE, OXCALCULATEONCE) VALUES('testvoucher4', 1, 1, 0, '4 Coupon šųößлы',      '4 Coupon šųößлы',           50.00, 'percent',  '0000-00-00 00:00:00', '0000-00-00 00:00:00', '2008-01-01 00:00:00', '2010-01-01 00:00:00', 0, 0, 0, 45.00,  0);
INSERT INTO oxvoucherseries (OXID, OXSHOPID, OXSHOPINCL, OXSHOPEXCL, OXSERIENR, OXSERIEDESCRIPTION, OXDISCOUNT, OXDISCOUNTTYPE, OXSTARTDATE, OXRELEASEDATE, OXBEGINDATE, OXENDDATE, OXALLOWSAMESERIES, OXALLOWOTHERSERIES, OXALLOWUSEANOTHER, OXMINIMUMVALUE, OXCALCULATEONCE) VALUES('testvoucher5', 1, 1, 0, '5 Coupon šųößлы',      '5 Coupon šųößлы',           30.00, 'percent',  '0000-00-00 00:00:00', '0000-00-00 00:00:00', '2008-01-01 00:00:00', '2010-01-01 00:00:00', 0, 0, 0, 300.00, 0);
INSERT INTO oxvoucherseries (OXID, OXSHOPID, OXSHOPINCL, OXSHOPEXCL, OXSERIENR, OXSERIEDESCRIPTION, OXDISCOUNT, OXDISCOUNTTYPE, OXSTARTDATE, OXRELEASEDATE, OXBEGINDATE, OXENDDATE, OXALLOWSAMESERIES, OXALLOWOTHERSERIES, OXALLOWUSEANOTHER, OXMINIMUMVALUE, OXCALCULATEONCE) VALUES('testvoucher6', 1, 1, 0, '6 Coupon šųößлы',      '6 Coupon šųößлы',           20.00, 'percent',  '0000-00-00 00:00:00', '0000-00-00 00:00:00', '2008-01-01 00:00:00', '2010-01-01 00:00:00', 0, 0, 0, 300.00, 0);
INSERT INTO oxvoucherseries (OXID, OXSHOPID, OXSHOPINCL, OXSHOPEXCL, OXSERIENR, OXSERIEDESCRIPTION, OXDISCOUNT, OXDISCOUNTTYPE, OXSTARTDATE, OXRELEASEDATE, OXBEGINDATE, OXENDDATE, OXALLOWSAMESERIES, OXALLOWOTHERSERIES, OXALLOWUSEANOTHER, OXMINIMUMVALUE, OXCALCULATEONCE) VALUES('testvoucher7', 1, 1, 0, '7 Coupon šųößлы',      '7 Coupon šųößлы',           25.00, 'absolute', '0000-00-00 00:00:00', '0000-00-00 00:00:00', '2008-01-01 00:00:00', '2010-01-01 00:00:00', 0, 0, 0, 300.00, 0);
INSERT INTO oxvoucherseries (OXID, OXSHOPID, OXSHOPINCL, OXSHOPEXCL, OXSERIENR, OXSERIEDESCRIPTION, OXDISCOUNT, OXDISCOUNTTYPE, OXSTARTDATE, OXRELEASEDATE, OXBEGINDATE, OXENDDATE, OXALLOWSAMESERIES, OXALLOWOTHERSERIES, OXALLOWUSEANOTHER, OXMINIMUMVALUE, OXCALCULATEONCE) VALUES('testvoucher8', 1, 1, 0, '8 Coupon šųößлы',      '8 Coupon šųößлы',           54.00, 'absolute', '0000-00-00 00:00:00', '0000-00-00 00:00:00', '2008-01-01 00:00:00', '2010-01-01 00:00:00', 0, 0, 0, 300.00, 0);
INSERT INTO oxvoucherseries (OXID, OXSHOPID, OXSHOPINCL, OXSHOPEXCL, OXSERIENR, OXSERIEDESCRIPTION, OXDISCOUNT, OXDISCOUNTTYPE, OXSTARTDATE, OXRELEASEDATE, OXBEGINDATE, OXENDDATE, OXALLOWSAMESERIES, OXALLOWOTHERSERIES, OXALLOWUSEANOTHER, OXMINIMUMVALUE, OXCALCULATEONCE) VALUES('testvoucher9', 1, 1, 0, '[last] Coupon šųößлы', '9 Coupon šųößлы',           64.00, 'absolute', '0000-00-00 00:00:00', '0000-00-00 00:00:00', '2008-01-01 00:00:00', '2010-01-01 00:00:00', 0, 0, 0, 300.00, 0);

INSERT INTO oxwrapping (OXID, OXSHOPID, OXSHOPINCL, OXSHOPEXCL, OXACTIVE, OXACTIVE_1, OXACTIVE_2, OXACTIVE_3, OXTYPE, OXNAME, OXNAME_1, OXNAME_2, OXNAME_3, OXPIC, OXPRICE) VALUES('testwrapping', 1, 1, 0, 1, 1, 1, 1, 'WRAP', 'Test wrapping [EN] šųößлы',      'Test wrapping [DE] šųößлы',      '', '', '',              0.9);
INSERT INTO oxwrapping (OXID, OXSHOPID, OXSHOPINCL, OXSHOPEXCL, OXACTIVE, OXACTIVE_1, OXACTIVE_2, OXACTIVE_3, OXTYPE, OXNAME, OXNAME_1, OXNAME_2, OXNAME_3, OXPIC, OXPRICE) VALUES('testcard',     1, 1, 0, 1, 1, 1, 1, 'CARD', 'Test card [EN] šųößлы',          'Test card [DE] šųößлы',          '', '', '',              0.2);
INSERT INTO oxwrapping (OXID, OXSHOPID, OXSHOPINCL, OXSHOPEXCL, OXACTIVE, OXACTIVE_1, OXACTIVE_2, OXACTIVE_3, OXTYPE, OXNAME, OXNAME_1, OXNAME_2, OXNAME_3, OXPIC, OXPRICE) VALUES('testwrap2',    1, 1, 0, 1, 0, 0, 0, 'WRAP', '4 EN Gift Wrapping šųößлы',      '2 DE Gift Wrapping šųößлы',      '', '', '3img.png',      2);
INSERT INTO oxwrapping (OXID, OXSHOPID, OXSHOPINCL, OXSHOPEXCL, OXACTIVE, OXACTIVE_1, OXACTIVE_2, OXACTIVE_3, OXTYPE, OXNAME, OXNAME_1, OXNAME_2, OXNAME_3, OXPIC, OXPRICE) VALUES('testwrap1',    1, 1, 0, 1, 0, 0, 0, 'WRAP', '3 EN Gift Wrapping šųößлы',      '1 DE Gift Wrapping šųößлы',      '', '', '[last]img.png', 1);
INSERT INTO oxwrapping (OXID, OXSHOPID, OXSHOPINCL, OXSHOPEXCL, OXACTIVE, OXACTIVE_1, OXACTIVE_2, OXACTIVE_3, OXTYPE, OXNAME, OXNAME_1, OXNAME_2, OXNAME_3, OXPIC, OXPRICE) VALUES('testwrap3',    1, 1, 0, 1, 0, 0, 0, 'WRAP', '1 EN Gift Wrapping šųößлы',      '3 DE Gift Wrapping šųößлы',      '', '', '4img.png',      3);
INSERT INTO oxwrapping (OXID, OXSHOPID, OXSHOPINCL, OXSHOPEXCL, OXACTIVE, OXACTIVE_1, OXACTIVE_2, OXACTIVE_3, OXTYPE, OXNAME, OXNAME_1, OXNAME_2, OXNAME_3, OXPIC, OXPRICE) VALUES('testwrap4',    1, 1, 0, 1, 0, 0, 0, 'WRAP', '[last] EN Gift Wrapping šųößлы', '4 DE Gift Wrapping šųößлы',      '', '', '5img.png',      4);
INSERT INTO oxwrapping (OXID, OXSHOPID, OXSHOPINCL, OXSHOPEXCL, OXACTIVE, OXACTIVE_1, OXACTIVE_2, OXACTIVE_3, OXTYPE, OXNAME, OXNAME_1, OXNAME_2, OXNAME_3, OXPIC, OXPRICE) VALUES('testwrap5',    1, 1, 0, 1, 0, 0, 0, 'WRAP', '2 EN Gift Wrapping šųößлы',      '[last] DE Gift Wrapping šųößлы', '', '', '1img.png',      5);

#updating smtp and emails data
UPDATE `oxshops` SET `OXPRODUCTIVE` = 1, `OXINFOEMAIL` = 'birute_test@nfq.lt', `OXORDEREMAIL` = 'birute_test@nfq.lt', `OXOWNEREMAIL` = 'birute_test@nfq.lt', `OXSMTP` = 'mail.nfq.lt', `OXDEFCAT` = '' WHERE `OXID` = '1';

#updating Countries for not billing VAT
UPDATE `oxcountry` SET `OXVATSTATUS` = 0 WHERE `OXTITLE` = 'Austria';
UPDATE `oxcountry` SET `OXACTIVE` = 1 WHERE `OXTITLE` = 'Germany';
UPDATE `oxcountry` SET `OXACTIVE` = 1 WHERE `OXTITLE` = 'Austria';
UPDATE `oxcountry` SET `OXACTIVE` = 1 WHERE `OXTITLE` = 'Switzerland';
UPDATE `oxcountry` SET `OXACTIVE` = 1 WHERE `OXTITLE` = 'Liechtenstein';
UPDATE `oxcountry` SET `OXACTIVE` = 1 WHERE `OXTITLE` = 'Italy';
UPDATE `oxcountry` SET `OXACTIVE` = 1 WHERE `OXTITLE` = 'Luxembourg';
UPDATE `oxcountry` SET `OXACTIVE` = 1 WHERE `OXTITLE` = 'France';
UPDATE `oxcountry` SET `OXACTIVE` = 1 WHERE `OXTITLE` = 'Sweden';
UPDATE `oxcountry` SET `OXACTIVE` = 1 WHERE `OXTITLE` = 'Finland';
UPDATE `oxcountry` SET `OXACTIVE` = 1 WHERE `OXTITLE` = 'United Kingdom';
UPDATE `oxcountry` SET `OXACTIVE` = 1 WHERE `OXTITLE` = 'Ireland';
UPDATE `oxcountry` SET `OXACTIVE` = 1 WHERE `OXTITLE` = 'Netherlands';
UPDATE `oxcountry` SET `OXACTIVE` = 1 WHERE `OXTITLE` = 'Belgium';
UPDATE `oxcountry` SET `OXACTIVE` = 1 WHERE `OXTITLE` = 'Portugal';
UPDATE `oxcountry` SET `OXACTIVE` = 1 WHERE `OXTITLE` = 'Spain';
UPDATE `oxcountry` SET `OXACTIVE` = 1 WHERE `OXTITLE` = 'Greece';


#updating oxconfig settings
UPDATE `oxconfig` SET `OXVARVALUE` = 0x93ea1218   WHERE `OXVARNAME` = 'bl_perfLoadSelectLists'         AND `OXSHOPID` = 1;
UPDATE `oxconfig` SET `OXVARVALUE` = 0x93ea1218   WHERE `OXVARNAME` = 'bl_perfShowLeftBasket'          AND `OXSHOPID` = 1;
UPDATE `oxconfig` SET `OXVARVALUE` = 0x93ea1218   WHERE `OXVARNAME` = 'bl_perfShowRightBasket'         AND `OXSHOPID` = 1;
UPDATE `oxconfig` SET `OXVARVALUE` = 0x93ea1218   WHERE `OXVARNAME` = 'bl_perfUseSelectlistPrice'      AND `OXSHOPID` = 1;
UPDATE `oxconfig` SET `OXVARVALUE` = 0x93ea1218   WHERE `OXVARNAME` = 'bl_perfLoadSelectListsInAList'  AND `OXSHOPID` = 1;
UPDATE `oxconfig` SET `OXVARVALUE` = 0x7900fdf51e WHERE `OXVARNAME` = 'blCalcVATForDelivery'           AND `OXSHOPID` = 1;
UPDATE `oxconfig` SET `OXVARVALUE` = 0x7900fdf51e WHERE `OXVARNAME` = 'blCalcSkontoForDelivery'        AND `OXSHOPID` = 1;
UPDATE `oxconfig` SET `OXVARVALUE` = 0x7900fdf51e WHERE `OXVARNAME` = 'blCalcVATForPayCharge'          AND `OXSHOPID` = 1;
UPDATE `oxconfig` SET `OXVARVALUE` = 0x7900fdf51e WHERE `OXVARNAME` = 'bl_perfShowActionCatArticleCnt' AND `OXSHOPID` = 1;
UPDATE `oxconfig` SET `OXVARVALUE` = 0x93ea1218   WHERE `OXVARNAME` = 'blOtherCountryOrder'            AND `OXSHOPID` = 1;
UPDATE `oxconfig` SET `OXVARVALUE` = 0xde         WHERE `OXVARNAME` = 'iNewBasketItemMessage'        AND `OXSHOPID` = 1;
UPDATE `oxconfig` SET `OXVARVALUE` = 0x7900fdf51e WHERE `OXVARNAME` = 'blCheckTemplates'               AND `OXSHOPID` = 1;
UPDATE `oxconfig` SET `OXVARVALUE` = 0x93ea1218   WHERE `OXVARNAME` = 'blDisableNavBars'               AND `OXSHOPID` = 1;
UPDATE `oxconfig` SET `OXVARVALUE` = 0x93ea1218   WHERE `OXVARNAME` = 'blAllowUnevenAmounts'           AND `OXSHOPID` = 1;
UPDATE `oxconfig` SET `OXVARVALUE` = 0x7900fdf51e WHERE `OXVARNAME` = 'blTopNaviLayout'                AND `OXSHOPID` = 1;
INSERT INTO `oxconfig` (`OXID`, `OXSHOPID`, `OXVARNAME`, `OXVARTYPE`, `OXVARVALUE`) VALUES ('a0147ac17160e6556.25324407', 1, 'blAllowNegativeStock',    'bool', 0x7900fdf51e);
INSERT INTO `oxconfig` (`OXID`, `OXSHOPID`, `OXVARNAME`, `OXVARTYPE`, `OXVARVALUE`) VALUES ('a0147ac17160fb173.47699884', 1, 'blOverrideZeroABCPrices', 'bool', 0x7900fdf51e);
INSERT INTO `oxconfig` (`OXID`, `OXSHOPID`, `OXVARNAME`, `OXVARTYPE`, `OXVARVALUE`) VALUES ('a0147ac1716156ce5.75228443', 1, 'blBidirectCross',         'bool', 0x7900fdf51e);
#INSERT INTO `oxconfig` (`OXID`, `OXSHOPID`, `OXVARNAME`, `OXVARTYPE`, `OXVARVALUE`) VALUES ('a0147ac17161635a9.67563824', 1, 'blLoadDynContent',       'bool', 0x7900fdf51e);
INSERT INTO `oxconfig` (`OXID`, `OXSHOPID`, `OXVARNAME`, `OXVARTYPE`, `OXVARVALUE`) VALUES ('a0147ac1781cb8160.56740074', 1, 'blDisableNavBars',        'bool', 0x93ea1218);
INSERT INTO `oxconfig` (`OXID`, `OXSHOPID`, `OXVARNAME`, `OXVARTYPE`, `OXVARVALUE`) VALUES ('35796d0bdbbda3bb54fcd0fb83', 1, 'iMinOrderPrice',          'str',  0xfba4);
INSERT INTO `oxconfig` (`OXID`, `OXSHOPID`, `OXVARNAME`, `OXVARTYPE`, `OXVARVALUE`) VALUES ('33bd5512d7d7366681eb850502', 1, 'blOverrideZeroABCPrices', 'bool', 0x93ea1218);
INSERT INTO `oxconfig` (`OXID`, `OXSHOPID`, `OXVARNAME`, `OXVARTYPE`, `OXVARVALUE`) VALUES ('01d42bbeced070f0aef7aebff4', 1, 'blUseContentCaching',     'bool', 0x93ea1218);
INSERT INTO `oxconfig` (`OXID`, `OXSHOPID`, `OXVARNAME`, `OXVARTYPE`, `OXVARVALUE`) VALUES ('00fc37d94581704c4ac5a2803d', 1, 'blMallUsers',             'bool', 0x93ea1218);
INSERT INTO `oxconfig` (`OXID`, `OXSHOPID`, `OXVARNAME`, `OXVARTYPE`, `OXVARVALUE`) VALUES ('34d266d01313cf456a4a1d2c9f', 1, 'blShowOrderButtonOnTop',  'bool', 0x93ea1218);
INSERT INTO `oxconfig` (`OXID`, `OXSHOPID`, `OXVARNAME`, `OXVARTYPE`, `OXVARVALUE`) VALUES ('2b456gjk7156737a6edasd14c5', 1, 'bl_rssBargain', 			'bool', 0x07);
INSERT INTO `oxconfig` (`OXID`, `OXSHOPID`, `OXVARNAME`, `OXVARTYPE`, `OXVARVALUE`) VALUES ('2bpte85227eb159adfg68164c5', 1, 'bl_rssRecommLists', 		'bool', 0x07);
INSERT INTO `oxconfig` (`OXID`, `OXSHOPID`, `OXVARNAME`, `OXVARTYPE`, `OXVARVALUE`) VALUES ('2b7lojk77123roiukdj68164c5', 1, 'bl_rssRecommListArts', 	'bool', 0x07);
#UPDATE `oxconfig` SET `OXVARVALUE` = 0x4dba852e75e64cf5ccd4aea5675a0d492fe42584187fbf8c9b11d3b01306b7f34f3e85a640802d63112081e17db027a004c2dc41dc0f34e296365c35ff74e3bb70693767b16bd7114149643668c6b3b9e95da86203264a2444c2881030198857baaa8be9b555b284a88db85ad196bed825c4cf572b2d3b38b50619fd949938aa1d1e21a66ac76896cbf6f9d004781e610189bf1163dc03c89fb6078b WHERE `OXVARNAME` = 'aCurrencies' AND `OXSHOPID` = 1;
UPDATE `oxconfig` SET `OXVARVALUE` = 0x4dbace29724a51b6af7d09aac117301142e91c3c5b7eed9a850f85c1e3d58739aa9ea92523f05320a95060d60d57fbb027bad88efdaa0b928ebcd6aacf58084d31dd6ed5e718b833f1079b3805d28203f284492955c82cea3405879ea7588ec610ccde56acede495 WHERE `OXVARNAME` = 'aInterfaceProfiles' AND `OXSHOPID` = 1;
UPDATE `oxconfig` SET `OXVARVALUE` = 0x4dba222b70e349f0c9d1aba6133981af1e8d79724d7309a19dd3eed099418943829510e114c4f6ffcb2543f5856ec4fea325d58b96e406decb977395c57d7cc79eec7f9f8dd6e30e2f68d198bd9d079dbe8b4f WHERE `OXVARNAME` = 'aNrofCatArticles' AND `OXSHOPID` = 1;
UPDATE `oxconfig` SET `OXVARVALUE` = 0x4dba852e754d5687a27014f845019cf1479104d85f4b9503e8aeb8d8fe71ef2a64a45f4f4e7d48d03ff244bf852bd617455946c0fe481dd6d4d43f95 WHERE `OXVARNAME` = 'aSeoReplaceChars' AND `OXSHOPID` = 1;
UPDATE `oxconfig` SET `OXVARVALUE` = '' WHERE `OXVARNAME` = 'sShopCountry' AND `OXSHOPID` = 1;
